<fsm inputType='UTF-8' outputType='slp1' version='2' capitalsSupported='y'>
<!-- 1 macron -->
<!-- 2 dot below -->
<!-- 3 dot above -->
<!-- 4 acute -->
<!-- 5 tilde -->
<!-- 6 line below -->
<!-- 7 carot -->
<!-- 8 breve -->
<!-- 9 wide carot over two vowels -->
<!-- 18 macron with breve above -->
<!-- 21 dot below and macron above -->
<!-- <sr/> <sr1/> : represents, within Sanskrit text, the small superscript circle used within the dictionary to represent omitted characters. This one of the numerous abbreviation techniques used in the dictionary. -->
<!-- <srs/> <srs1/> : represents, within Sanskrit text, the circumflex used within the dictionary to represent single replacement sandhi. -->
<edges>
<e n='1'><in>A</in><out>{a}</out><cl>char</cl></e>
<e n='2'><in>a</in><out>a</out><cl>char</cl></e>
<e n='7'><in>A4</in><out>{a/}</out><cl>char</cl></e>
<e n='8'><in>a4</in><out>a/</out><cl>char</cl></e>
<e n='9'><in>A1</in><out>{A}</out><cl>char</cl></e>
<e n='10'><in>a1</in><out>A</out><cl>char</cl></e>
<e n='11'><in>A7</in><out>{A}&lt;srs/&gt;</out><cl>char</cl></e><!-- carot = <srs/> single replacement sandhi always results in a long vowel -->
<e n='12'><in>a7</in><out>A&lt;srs/&gt;</out><cl>char</cl></e>
<e n='13'><in>I</in><out>{i}</out><cl>char</cl></e>
<e n='14'><in>i</in><out>i</out><cl>char</cl></e>
<e n='19'><in>I4</in><out>i/</out><cl>char</cl></e>
<e n='20'><in>i4</in><out>i/1</out><cl>char</cl></e>
<e n='21'><in>I1</in><out>{I}</out><cl>char</cl></e>
<e n='22'><in>i1</in><out>I</out><cl>char</cl></e>
<e n='23'><in>I7</in><out>{I}&lt;srs/&gt;</out><cl>char</cl></e><!-- carot = <srs/> single replacement sandhi always results in a long vowel -->
<e n='24'><in>i7</in><out>I&lt;srs/&gt;</out><cl>char</cl></e><!-- carot = <srs/> single replacement sandhi always results in a long vowel -->
<e n='25'><in>U</in><out>{u}</out><cl>char</cl></e>
<e n='26'><in>u</in><out>u</out><cl>char</cl></e>
<e n='31'><in>U4</in><out>{u/}</out><cl>char</cl></e>
<e n='32'><in>u4</in><out>u/</out><cl>char</cl></e>
<e n='33'><in>U1</in><out>{U}</out><cl>char</cl></e>
<e n='34'><in>u1</in><out>U</out><cl>char</cl></e>
<e n='35'><in>U7</in><out>{U}&lt;srs/&gt;</out><cl>char</cl></e><!-- carot = <srs/> single replacement sandhi always results in a long vowel -->
<e n='36'><in>u7</in><out>U&lt;srs/&gt;</out><cl>char</cl></e><!-- carot = <srs/> single replacement sandhi always results in a long vowel -->
<e n='37'><in>R2i</in><out>{f}</out><cl>char</cl></e>
<e n='38'><in>R2</in><out>{f}1</out><cl>char</cl></e>
<e n='39'><in>r2i</in><out>f</out><cl>char</cl></e>
<e n='40'><in>r2</in><out>f1</out><cl>char</cl></e>
<e n='49'><in>R24i</in><out>{f/}</out><cl>char</cl></e>
<e n='50'><in>R24</in><out>{f/}1</out><cl>char</cl></e>
<e n='51'><in>r24i</in><out>f/</out><cl>char</cl></e>
<e n='52'><in>r24</in><out>f/1</out><cl>char</cl></e>
<e n='53'><in>R21</in><out>{F}</out><cl>char</cl></e>
<e n='54'><in>r21</in><out>F</out><cl>char</cl></e>
<e n='55'><in>lr2i</in><out>x</out><cl>char</cl></e>
<e n='56'><in>lr2</in><out>x1</out><cl>char</cl></e>
<e n='61'><in>lr21</in><out>X</out><cl>char</cl></e>
<e n='62'><in>E</in><out>{e}</out><cl>char</cl></e>
<e n='63'><in>e</in><out>e</out><cl>char</cl></e>
<e n='68'><in>E4</in><out>{e/}</out><cl>char</cl></e>
<e n='69'><in>e4</in><out>e/</out><cl>char</cl></e>
<e n='70'><in>e7</in><out>e&lt;srs/&gt;</out><cl>char</cl></e><!-- carot = <srs/> single replacement sandhi always results in a long vowel -->
<e n='71'><in>O</in><out>{o}</out><cl>char</cl></e>
<e n='72'><in>o</in><out>o</out><cl>char</cl></e>
<e n='77'><in>O4</in><out>{o/}</out><cl>char</cl></e>
<e n='78'><in>o4</in><out>o/</out><cl>char</cl></e>
<e n='79'><in>o7</in><out>o&lt;srs/&gt;</out><cl>char</cl></e><!-- carot = <srs/> single replacement sandhi always results in a long vowel -->
<e n='80'><in>Ai</in><out>{E}</out><cl>char</cl></e>
<e n='81'><in>ai</in><out>E</out><cl>char</cl></e>
<e n='82'><in>Ai4</in><out>{E/}</out><cl>char</cl></e>
<e n='83'><in>ai4</in><out>E/</out><cl>char</cl></e>
<e n='84'><in>ai9</in><out>E&lt;srs1/&gt;</out><cl>char</cl></e><!-- carot = <srs/> single replacement sandhi resulting in a diphthong shown with wide carot over both constituents of ai or au -->
<e n='85'><in>Au</in><out>{O}</out><cl>char</cl></e>
<e n='86'><in>au</in><out>O</out><cl>char</cl></e>
<e n='87'><in>Au4</in><out>{O/}</out><cl>char</cl></e>
<e n='88'><in>au4</in><out>O/</out><cl>char</cl></e>
<e n='89'><in>au9</in><out>O&lt;srs1/&gt;</out><cl>char</cl></e><!-- carot = <srs/> single replacement sandhi resulting in a diphthong shown with wide carot over both constituents of ai or au -->
<e n='90'><in>K</in><out>{k}</out><cl>char</cl></e>
<e n='91'><in>k</in><out>k</out><cl>char</cl></e>
<e n='92'><in>Kh</in><out>{K}</out><cl>char</cl></e>
<e n='93'><in>kh</in><out>K</out><cl>char</cl></e>
<e n='94'><in>G</in><out>{g}</out><cl>char</cl></e>
<e n='95'><in>g</in><out>g</out><cl>char</cl></e>
<e n='96'><in>Gh</in><out>{G}</out><cl>char</cl></e>
<e n='97'><in>gh</in><out>G</out><cl>char</cl></e>
<e n='98'><in>N3</in><out>{N}</out><cl>char</cl></e><!-- n with dot above -->
<e n='99'><in>n3</in><out>N</out><cl>char</cl></e><!-- n with dot above -->
<e n='100'><in>C</in><out>{c}</out><cl>char</cl></e>
<e n='101'><in>c</in><out>c</out><cl>char</cl></e>
<e n='102'><in>Ch</in><out>{C}</out><cl>char</cl></e>
<e n='103'><in>ch</in><out>C</out><cl>char</cl></e>
<e n='104'><in>J</in><out>{j}</out><cl>char</cl></e>
<e n='105'><in>j</in><out>j</out><cl>char</cl></e>
<e n='106'><in>Jh</in><out>{J}</out><cl>char</cl></e>
<e n='107'><in>jh</in><out>J</out><cl>char</cl></e>
<e n='108'><in>N5</in><out>{Y}</out><cl>char</cl></e><!-- n with tilde -->
<e n='109'><in>n5</in><out>Y</out><cl>char</cl></e><!-- n with tilde -->
<e n='110'><in>T2</in><out>{w}</out><cl>char</cl></e>
<e n='111'><in>t2</in><out>w</out><cl>char</cl></e>
<e n='112'><in>T2h</in><out>{W}</out><cl>char</cl></e>
<e n='113'><in>t2h</in><out>W</out><cl>char</cl></e>
<e n='114'><in>D2</in><out>{q}</out><cl>char</cl></e>
<e n='115'><in>d2</in><out>q</out><cl>char</cl></e>
<e n='116'><in>D2h</in><out>{Q}</out><cl>char</cl></e>
<e n='117'><in>d2h</in><out>Q</out><cl>char</cl></e>
<e n='118'><in>N2</in><out>{R}</out><cl>char</cl></e>
<e n='119'><in>n2</in><out>R</out><cl>char</cl></e><!-- n with dot below -->
<e n='120'><in>T</in><out>{t}</out><cl>char</cl></e>
<e n='121'><in>t</in><out>t</out><cl>char</cl></e>
<e n='122'><in>Th</in><out>{T}</out><cl>char</cl></e>
<e n='123'><in>th</in><out>T</out><cl>char</cl></e>
<e n='124'><in>D</in><out>{d}</out><cl>char</cl></e>
<e n='125'><in>d</in><out>d</out><cl>char</cl></e>
<e n='126'><in>Dh</in><out>{D}</out><cl>char</cl></e>
<e n='127'><in>dh</in><out>D</out><cl>char</cl></e>
<e n='128'><in>N</in><out>{n}</out><cl>char</cl></e>
<e n='129'><in>n</in><out>n</out><cl>char</cl></e>
<e n='130'><in>P</in><out>{p}</out><cl>char</cl></e>
<e n='131'><in>p</in><out>p</out><cl>char</cl></e>
<e n='132'><in>Ph</in><out>{P}</out><cl>char</cl></e>
<e n='133'><in>ph</in><out>P</out><cl>char</cl></e>
<e n='134'><in>B</in><out>{b}</out><cl>char</cl></e>
<e n='135'><in>b</in><out>b</out><cl>char</cl></e>
<e n='136'><in>Bh</in><out>{B}</out><cl>char</cl></e>
<e n='137'><in>bh</in><out>B</out><cl>char</cl></e>
<e n='138'><in>M</in><out>{m}</out><cl>char</cl></e>
<e n='139'><in>m</in><out>m</out><cl>char</cl></e>
<e n='140'><in>Y</in><out>{y}</out><cl>char</cl></e>
<e n='141'><in>y</in><out>y</out><cl>char</cl></e>
<e n='142'><in>R</in><out>{r}</out><cl>char</cl></e>
<e n='143'><in>r</in><out>r</out><cl>char</cl></e>
<e n='144'><in>L</in><out>{l}</out><cl>char</cl></e>
<e n='145'><in>l</in><out>l</out><cl>char</cl></e>
<e n='146'><in>V</in><out>{v}</out><cl>char</cl></e>
<e n='147'><in>v</in><out>v</out><cl>char</cl></e>
<e n='148'><in>S4</in><out>{S}</out><cl>char</cl></e>
<e n='149'><in>s4</in><out>S</out><cl>char</cl></e>
<e n='150'><in>Sh</in><out>{z}</out><cl>char</cl></e>
<e n='151'><in>S2</in><out>{z1}</out><cl>char</cl></e>
<e n='152'><in>sh</in><out>z</out><cl>char</cl></e>
<e n='153'><in>s2</in><out>z1</out><cl>char</cl></e>
<e n='154'><in>S</in><out>{s}</out><cl>char</cl></e>
<e n='155'><in>s</in><out>s</out><cl>char</cl></e>
<e n='156'><in>H</in><out>{h}</out><cl>char</cl></e>
<e n='157'><in>h</in><out>h</out><cl>char</cl></e>
<e n='158'><in>h2</in><out>H</out><cl>char</cl></e>
<e n='159'><in>m2</in><out>M</out><cl>char</cl></e>
<e n='160'><in>m3</in><out>M1</out><cl>char</cl></e>
<e n='161'><in>n6</in><out>M2</out><cl>char</cl></e><!-- n with line below -->

<e n='200'><in>-</in><out>-</out><cl>char</cl></e>
<e n='201'><in>.</in><out>.</out><cl>char</cl></e>
<!-- e n='202'><in>,</in><out>,</out><cl>char</cl></e -->
<!-- e n='203'><in>;</in><out>;</out><cl>char</cl></e -->
</edges>
<buffers>
	<buffer name='chars' action='!!'>
		<member id='char'/>
	</buffer>
</buffers>
</fsm>