<fsm start='INIT' inputDecoding='UTF-8' outputEncoding='UTF-8'>
<edges>
<e n='0'> <in>\u0985</in> <out>a</out> <cl>vowel_letter</cl></e> 
<e n='1'> <in>\u0986</in> <out>A</out> <cl>vowel_letter</cl></e> 
<e n='2'> <in>\u0987</in> <out>i</out> <cl>vowel_letter</cl></e> 
<e n='3'> <in>\u0988</in> <out>I</out> <cl>vowel_letter</cl></e> 
<e n='4'> <in>\u0989</in> <out>u</out> <cl>vowel_letter</cl></e> 
<e n='5'> <in>\u098a</in> <out>U</out> <cl>vowel_letter</cl></e> 
<e n='6'> <in>\u098b</in> <out>f</out> <cl>vowel_letter</cl></e> 
<e n='7'> <in>\u09e0</in> <out>F</out> <cl>vowel_letter</cl></e> 
<e n='8'> <in>\u098c</in> <out>x</out> <cl>vowel_letter</cl></e> 
<e n='9'> <in>\u09e1</in> <out>X</out> <cl>vowel_letter</cl></e> 
<e n='10'> <in>\u098f</in> <out>e</out> <cl>vowel_letter</cl></e> 
<e n='11'> <in>\u0990</in> <out>E</out> <cl>vowel_letter</cl></e> 
<e n='12'> <in>\u0993</in> <out>o</out> <cl>vowel_letter</cl></e> 
<e n='13'> <in>\u0994</in> <out>O</out> <cl>vowel_letter</cl></e> 

<e n='14'> <in>\u0982</in> <out>M</out> <cl>vowel_modifier</cl></e>
<e n='15'> <in>\u0983</in> <out>H</out> <cl>vowel_modifier</cl></e>

<e n='17'> <in>\u0981</in> <out>~</out> <cl>accent</cl></e>

<e n='19'> <in>\u09bd</in> <out>'</out> <cl>punctuation</cl></e> 

<e n='22'> <in>\u09cd</in> <out></out> <key>virama.1</key> <cl>virama</cl></e>	<!-- note that out is the empty string -->

<e n='23'> <in>\u09be</in> <out>A</out> <cl>vowel_sign</cl></e> 
<e n='24'> <in>\u09bf</in> <out>i</out> <cl>vowel_sign</cl></e> 
<e n='25'> <in>\u09c0</in> <out>I</out> <cl>vowel_sign</cl></e> 
<e n='26'> <in>\u09c1</in> <out>u</out> <cl>vowel_sign</cl></e> 
<e n='27'> <in>\u09c2</in> <out>U</out> <cl>vowel_sign</cl></e> 
<e n='28'> <in>\u09c3</in> <out>f</out> <cl>vowel_sign</cl></e> 
<e n='29'> <in>\u09c4</in> <out>F</out> <cl>vowel_sign</cl></e> 
<e n='30'> <in>\u09e2</in> <out>x</out> <cl>vowel_sign</cl></e> 
<e n='31'> <in>\u09e3</in> <out>X</out> <cl>vowel_sign</cl></e> 
<e n='32'> <in>\u09c7</in> <out>e</out> <cl>vowel_sign</cl></e> 
<e n='33'> <in>\u09c8</in> <out>E</out> <cl>vowel_sign</cl></e> 
<e n='34'> <in>\u09cb</in> <out>o</out> <cl>vowel_sign</cl></e> 
<e n='35'> <in>\u09cc</in> <out>O</out> <cl>vowel_sign</cl></e> 

<!-- if a consonant is **not** followed by a vowel sign or a virama, then include schwa-->
<e n='36'> <in>\u0995</in> <ctx card='+' dir='after' x='n'>$vowel_sign$virama</ctx> <out>ka</out> <cl>consonent_schwa</cl></e> 
<e n='37'> <in>\u0996</in> <ctx card='+' dir='after' x='n'>$vowel_sign$virama</ctx> <out>Ka</out> <cl>consonent_schwa</cl></e> 
<e n='38'> <in>\u0997</in> <ctx card='+' dir='after' x='n'>$vowel_sign$virama</ctx> <out>ga</out> <cl>consonent_schwa</cl></e> 
<e n='39'> <in>\u0998</in> <ctx card='+' dir='after' x='n'>$vowel_sign$virama</ctx> <out>Ga</out> <cl>consonent_schwa</cl></e> 
<e n='40'> <in>\u0999</in> <ctx card='+' dir='after' x='n'>$vowel_sign$virama</ctx> <out>Na</out> <cl>consonent_schwa</cl></e> 
<e n='41'> <in>\u099a</in> <ctx card='+' dir='after' x='n'>$vowel_sign$virama</ctx> <out>ca</out> <cl>consonent_schwa</cl></e> 
<e n='42'> <in>\u099b</in> <ctx card='+' dir='after' x='n'>$vowel_sign$virama</ctx> <out>Ca</out> <cl>consonent_schwa</cl></e> 
<e n='43'> <in>\u099c</in> <ctx card='+' dir='after' x='n'>$vowel_sign$virama</ctx> <out>ja</out> <cl>consonent_schwa</cl></e> 
<e n='44'> <in>\u099d</in> <ctx card='+' dir='after' x='n'>$vowel_sign$virama</ctx> <out>Ja</out> <cl>consonent_schwa</cl></e> 
<e n='45'> <in>\u099e</in> <ctx card='+' dir='after' x='n'>$vowel_sign$virama</ctx> <out>Ya</out> <cl>consonent_schwa</cl></e> 
<e n='46'> <in>\u099f</in> <ctx card='+' dir='after' x='n'>$vowel_sign$virama</ctx> <out>wa</out> <cl>consonent_schwa</cl></e> 
<e n='47'> <in>\u09a0</in> <ctx card='+' dir='after' x='n'>$vowel_sign$virama</ctx> <out>Wa</out> <cl>consonent_schwa</cl></e> 
<e n='48'> <in>\u09a1</in> <ctx card='+' dir='after' x='n'>$vowel_sign$virama</ctx> <out>qa</out> <cl>consonent_schwa</cl></e> 
<e n='49'> <in>\u09a2</in> <ctx card='+' dir='after' x='n'>$vowel_sign$virama</ctx> <out>Qa</out> <cl>consonent_schwa</cl></e> 
<e n='50'> <in>\u09a3</in> <ctx card='+' dir='after' x='n'>$vowel_sign$virama</ctx> <out>Ra</out> <cl>consonent_schwa</cl></e> 
<e n='51'> <in>\u09a4</in> <ctx card='+' dir='after' x='n'>$vowel_sign$virama</ctx> <out>ta</out> <cl>consonent_schwa</cl></e> 
<e n='52'> <in>\u09a5</in> <ctx card='+' dir='after' x='n'>$vowel_sign$virama</ctx> <out>Ta</out> <cl>consonent_schwa</cl></e> 
<e n='53'> <in>\u09a6</in> <ctx card='+' dir='after' x='n'>$vowel_sign$virama</ctx> <out>da</out> <cl>consonent_schwa</cl></e> 
<e n='54'> <in>\u09a7</in> <ctx card='+' dir='after' x='n'>$vowel_sign$virama</ctx> <out>Da</out> <cl>consonent_schwa</cl></e> 
<e n='55'> <in>\u09a8</in> <ctx card='+' dir='after' x='n'>$vowel_sign$virama</ctx> <out>na</out> <cl>consonent_schwa</cl></e> 
<e n='56'> <in>\u09aa</in> <ctx card='+' dir='after' x='n'>$vowel_sign$virama</ctx> <out>pa</out> <cl>consonent_schwa</cl></e> 
<e n='57'> <in>\u09ab</in> <ctx card='+' dir='after' x='n'>$vowel_sign$virama</ctx> <out>Pa</out> <cl>consonent_schwa</cl></e> 
<e n='58'> <in>\u09ac</in> <ctx card='+' dir='after' x='n'>$vowel_sign$virama</ctx> <out>ba</out> <cl>consonent_schwa</cl></e> 
<e n='59'> <in>\u09ad</in> <ctx card='+' dir='after' x='n'>$vowel_sign$virama</ctx> <out>Ba</out> <cl>consonent_schwa</cl></e> 
<e n='60'> <in>\u09ae</in> <ctx card='+' dir='after' x='n'>$vowel_sign$virama</ctx> <out>ma</out> <cl>consonent_schwa</cl></e> 
<e n='61'> <in>\u09af</in> <ctx card='+' dir='after' x='n'>$vowel_sign$virama</ctx> <out>ya</out> <cl>consonent_schwa</cl></e> 
<e n='62'> <in>\u09b0</in> <ctx card='+' dir='after' x='n'>$vowel_sign$virama</ctx> <out>ra</out> <cl>consonent_schwa</cl></e> 
<e n='63'> <in>\u09b2</in> <ctx card='+' dir='after' x='n'>$vowel_sign$virama</ctx> <out>la</out> <cl>consonent_schwa</cl></e> 
<e n='67'> <in>\u09b6</in> <ctx card='+' dir='after' x='n'>$vowel_sign$virama</ctx> <out>Sa</out> <cl>consonent_schwa</cl></e> 
<e n='68'> <in>\u09b7</in> <ctx card='+' dir='after' x='n'>$vowel_sign$virama</ctx> <out>za</out> <cl>consonent_schwa</cl></e> 
<e n='69'> <in>\u09b8</in> <ctx card='+' dir='after' x='n'>$vowel_sign$virama</ctx> <out>sa</out> <cl>consonent_schwa</cl></e> 
<e n='70'> <in>\u09b9</in> <ctx card='+' dir='after' x='n'>$vowel_sign$virama</ctx> <out>ha</out> <cl>consonent_schwa</cl></e> 

<!-- If a consonent is followed by a vowel sign then just output the consonent with no schwa. The vowel will be added next-->
<e n='71'> <in>\u0995</in> <ctx card='+' dir='after' x='y'>$vowel_sign$virama</ctx> <out>k</out> <cl>consonent</cl></e> 
<e n='72'> <in>\u0996</in> <ctx card='+' dir='after' x='y'>$vowel_sign$virama</ctx> <out>K</out> <cl>consonent</cl></e> 
<e n='73'> <in>\u0997</in> <ctx card='+' dir='after' x='y'>$vowel_sign$virama</ctx> <out>g</out> <cl>consonent</cl></e> 
<e n='74'> <in>\u0998</in> <ctx card='+' dir='after' x='y'>$vowel_sign$virama</ctx> <out>G</out> <cl>consonent</cl></e> 
<e n='75'> <in>\u0999</in> <ctx card='+' dir='after' x='y'>$vowel_sign$virama</ctx> <out>N</out> <cl>consonent</cl></e> 
<e n='76'> <in>\u099a</in> <ctx card='+' dir='after' x='y'>$vowel_sign$virama</ctx> <out>c</out> <cl>consonent</cl></e> 
<e n='77'> <in>\u099b</in> <ctx card='+' dir='after' x='y'>$vowel_sign$virama</ctx> <out>C</out> <cl>consonent</cl></e> 
<e n='78'> <in>\u099c</in> <ctx card='+' dir='after' x='y'>$vowel_sign$virama</ctx> <out>j</out> <cl>consonent</cl></e> 
<e n='79'> <in>\u099d</in> <ctx card='+' dir='after' x='y'>$vowel_sign$virama</ctx> <out>J</out> <cl>consonent</cl></e> 
<e n='80'> <in>\u099e</in> <ctx card='+' dir='after' x='y'>$vowel_sign$virama</ctx> <out>Y</out> <cl>consonent</cl></e> 
<e n='81'> <in>\u099f</in> <ctx card='+' dir='after' x='y'>$vowel_sign$virama</ctx> <out>w</out> <cl>consonent</cl></e> 
<e n='82'> <in>\u09a0</in> <ctx card='+' dir='after' x='y'>$vowel_sign$virama</ctx> <out>W</out> <cl>consonent</cl></e> 
<e n='83'> <in>\u09a1</in> <ctx card='+' dir='after' x='y'>$vowel_sign$virama</ctx> <out>q</out> <cl>consonent</cl></e> 
<e n='84'> <in>\u09a2</in> <ctx card='+' dir='after' x='y'>$vowel_sign$virama</ctx> <out>Q</out> <cl>consonent</cl></e> 
<e n='85'> <in>\u09a3</in> <ctx card='+' dir='after' x='y'>$vowel_sign$virama</ctx> <out>R</out> <cl>consonent</cl></e> 
<e n='86'> <in>\u09a4</in> <ctx card='+' dir='after' x='y'>$vowel_sign$virama</ctx> <out>t</out> <cl>consonent</cl></e> 
<e n='87'> <in>\u09a5</in> <ctx card='+' dir='after' x='y'>$vowel_sign$virama</ctx> <out>T</out> <cl>consonent</cl></e> 
<e n='88'> <in>\u09a6</in> <ctx card='+' dir='after' x='y'>$vowel_sign$virama</ctx> <out>d</out> <cl>consonent</cl></e> 
<e n='89'> <in>\u09a7</in> <ctx card='+' dir='after' x='y'>$vowel_sign$virama</ctx> <out>D</out> <cl>consonent</cl></e> 
<e n='90'> <in>\u09a8</in> <ctx card='+' dir='after' x='y'>$vowel_sign$virama</ctx> <out>n</out> <cl>consonent</cl></e> 
<e n='91'> <in>\u09aa</in> <ctx card='+' dir='after' x='y'>$vowel_sign$virama</ctx> <out>p</out> <cl>consonent</cl></e> 
<e n='92'> <in>\u09ab</in> <ctx card='+' dir='after' x='y'>$vowel_sign$virama</ctx> <out>P</out> <cl>consonent</cl></e> 
<e n='93'> <in>\u09ac</in> <ctx card='+' dir='after' x='y'>$vowel_sign$virama</ctx> <out>b</out> <cl>consonent</cl></e> 
<e n='94'> <in>\u09ad</in> <ctx card='+' dir='after' x='y'>$vowel_sign$virama</ctx> <out>B</out> <cl>consonent</cl></e> 
<e n='95'> <in>\u09ae</in> <ctx card='+' dir='after' x='y'>$vowel_sign$virama</ctx> <out>m</out> <cl>consonent</cl></e> 
<e n='96'> <in>\u09af</in> <ctx card='+' dir='after' x='y'>$vowel_sign$virama</ctx> <out>y</out> <cl>consonent</cl></e> 
<e n='97'> <in>\u09b0</in> <ctx card='+' dir='after' x='y'>$vowel_sign$virama</ctx> <out>r</out> <cl>consonent</cl></e> 
<e n='98'> <in>\u09b2</in> <ctx card='+' dir='after' x='y'>$vowel_sign$virama</ctx> <out>l</out> <cl>consonent</cl></e> 
<e n='102'> <in>\u09b6</in> <ctx card='+' dir='after' x='y'>$vowel_sign$virama</ctx> <out>S</out> <cl>consonent</cl></e> 
<e n='103'> <in>\u09b7</in> <ctx card='+' dir='after' x='y'>$vowel_sign$virama</ctx> <out>z</out> <cl>consonent</cl></e> 
<e n='104'> <in>\u09b8</in> <ctx card='+' dir='after' x='y'>$vowel_sign$virama</ctx> <out>s</out> <cl>consonent</cl></e> 
<e n='105'> <in>\u09b9</in> <ctx card='+' dir='after' x='y'>$vowel_sign$virama</ctx> <out>h</out> <cl>consonent</cl></e> 

<e n='106'> <in>\u09e6</in> <out>0</out> <cl>number</cl></e> 
<e n='107'> <in>\u09e7</in> <out>1</out> <cl>number</cl></e> 
<e n='108'> <in>\u09e8</in> <out>2</out> <cl>number</cl></e> 
<e n='109'> <in>\u09e9</in> <out>3</out> <cl>number</cl></e> 
<e n='110'> <in>\u09ea</in> <out>4</out> <cl>number</cl></e> 
<e n='111'> <in>\u09eb</in> <out>5</out> <cl>number</cl></e> 
<e n='112'> <in>\u09ec</in> <out>6</out> <cl>number</cl></e> 
<e n='113'> <in>\u09ed</in> <out>7</out> <cl>number</cl></e> 
<e n='114'> <in>\u09ee</in> <out>8</out> <cl>number</cl></e> 
<e n='115'> <in>\u09ef</in> <out>9</out> <cl>number</cl></e> 

<e n='116'> <in>\u0020</in> <out>\u0020</out> <cl>whitespace</cl></e> 
<e n='117'> <in>\u0009</in> <out>\u0009</out> <cl>whitespace</cl></e> 
<e n='118'> <in>\u000d</in> <out>\u000d</out> <cl>whitespace</cl></e> 
<e n='119'> <in>\u000a</in> <out>\u000a</out> <cl>whitespace</cl></e> 

<!-- characters not in SLP1 -->
<e n='700'> <in>\u0980</in> <out>[\u0980]</out> <comment>reserved</comment> <cl>?</cl> </e>
<e n='701'> <in>\u0984</in> <out>[\u0984]</out> <comment>reserved</comment> <cl>?</cl> </e>
<e n='702'> <in>\u098d</in> <out>[\u098d]</out> <comment>reserved</comment> <cl>?</cl> </e>
<e n='703'> <in>\u098e</in> <out>[\u098e]</out> <comment>reserved</comment> <cl>?</cl> </e>
<e n='704'> <in>\u0991</in> <out>[\u0991]</out> <comment>reserved</comment> <cl>?</cl> </e>
<e n='705'> <in>\u0992</in> <out>[\u0992]</out> <comment>reserved</comment> <cl>?</cl> </e>
<e n='706'> <in>\u09a9</in> <out>[\u09a9]</out> <comment>reserved</comment> <cl>?</cl> </e>
<e n='707'> <in>\u09b1</in> <out>[\u09b1]</out> <comment>reserved</comment> <cl>?</cl> </e>
<e n='708'> <in>\u09b3</in> <out>[\u09b3]</out> <comment>reserved</comment> <cl>?</cl> </e>
<e n='709'> <in>\u09b4</in> <out>[\u09b4]</out> <comment>reserved</comment> <cl>?</cl> </e>
<e n='710'> <in>\u09b5</in> <out>[\u09b5]</out> <comment>reserved</comment> <cl>?</cl> </e>
<e n='711'> <in>\u09ba</in> <out>[\u09ba]</out> <comment>reserved</comment> <cl>?</cl> </e>
<e n='712'> <in>\u09bb</in> <out>[\u09bb]</out> <comment>reserved</comment> <cl>?</cl> </e>
<e n='713'> <in>\u09bc</in> <out>[\u09bc]</out> <comment>bengali sign nukta</comment> <cl>?</cl> </e>
<e n='714'> <in>\u09c5</in> <out>[\u09c5]</out> <comment>reserved</comment> <cl>?</cl> </e>
<e n='715'> <in>\u09c6</in> <out>[\u09c6]</out> <comment>reserved</comment> <cl>?</cl> </e>
<e n='716'> <in>\u09c9</in> <out>[\u09c9]</out> <comment>reserved</comment> <cl>?</cl> </e>
<e n='717'> <in>\u09ca</in> <out>[\u09ca]</out> <comment>reserved</comment> <cl>?</cl> </e>
<e n='718'> <in>\u09ce</in> <out>[\u09ce]</out> <comment>bengali letter khanda ta</comment> <cl>?</cl> </e>
<e n='719'> <in>\u09cf</in> <out>[\u09cf]</out> <comment>reserved</comment> <cl>?</cl> </e>
<e n='720'> <in>\u09d0</in> <out>[\u09d0]</out> <comment>reserved</comment> <cl>?</cl> </e>
<e n='721'> <in>\u09d1</in> <out>[\u09d1]</out> <comment>reserved</comment> <cl>?</cl> </e>
<e n='722'> <in>\u09d2</in> <out>[\u09d2]</out> <comment>reserved</comment> <cl>?</cl> </e>
<e n='723'> <in>\u09d3</in> <out>[\u09d3]</out> <comment>reserved</comment> <cl>?</cl> </e>
<e n='724'> <in>\u09d4</in> <out>[\u09d4]</out> <comment>reserved</comment> <cl>?</cl> </e>
<e n='725'> <in>\u09d5</in> <out>[\u09d5]</out> <comment>reserved</comment> <cl>?</cl> </e>
<e n='726'> <in>\u09d6</in> <out>[\u09d6]</out> <comment>reserved</comment> <cl>?</cl> </e>
<e n='727'> <in>\u09d7</in> <out>[\u09d7]</out> <comment>bengali au length mark</comment> <cl>?</cl> </e>
<e n='728'> <in>\u09d8</in> <out>[\u09d8]</out> <comment>reserved</comment> <cl>?</cl> </e>
<e n='729'> <in>\u09d9</in> <out>[\u09d9]</out> <comment>reserved</comment> <cl>?</cl> </e>
<e n='730'> <in>\u09da</in> <out>[\u09da]</out> <comment>reserved</comment> <cl>?</cl> </e>
<e n='731'> <in>\u09db</in> <out>[\u09db]</out> <comment>reserved</comment> <cl>?</cl> </e>
<e n='732'> <in>\u09dc</in> <out>[\u09dc]</out> <comment>bengali letter rra</comment> <cl>?</cl> </e>
<e n='733'> <in>\u09dd</in> <out>[\u09dd]</out> <comment>bengali letter rha</comment> <cl>?</cl> </e>
<e n='734'> <in>\u09de</in> <out>[\u09de]</out> <comment>reserved</comment> <cl>?</cl> </e>
<e n='735'> <in>\u09df</in> <out>[\u09df]</out> <comment>bengali letter yya</comment> <cl>?</cl> </e>
<e n='736'> <in>\u09e4</in> <out>[\u09e4]</out> <comment>reserved map to 0964 devanagari danda</comment> <cl>?</cl> </e>
<e n='737'> <in>\u09e5</in> <out>[\u09e5]</out> <comment>reserved map to 0965 devanagari double danda</comment> <cl>?</cl> </e>
<e n='738'> <in>\u09f0</in> <out>[\u09f0]</out> <comment>bengali letter ra with middle diagonal</comment> <cl>?</cl> </e>
<e n='739'> <in>\u09f1</in> <out>[\u09f1]</out> <comment>bengali letter ra with lower diagonal</comment> <cl>?</cl> </e>
<e n='740'> <in>\u09f2</in> <out>[\u09f2]</out> <comment>bengali rupee mark</comment> <cl>?</cl> </e>
<e n='741'> <in>\u09f3</in> <out>[\u09f3]</out> <comment>bengali rupee sign</comment> <cl>?</cl> </e>
<e n='742'> <in>\u09f4</in> <out>[\u09f4]</out> <comment>bengali currency numerator one</comment> <cl>?</cl> </e>
<e n='743'> <in>\u09f5</in> <out>[\u09f5]</out> <comment>bengali currency numerator two</comment> <cl>?</cl> </e>
<e n='744'> <in>\u09f6</in> <out>[\u09f6]</out> <comment>bengali currency numerator three</comment> <cl>?</cl> </e>
<e n='745'> <in>\u09f7</in> <out>[\u09f7]</out> <comment>bengali currency numerator four</comment> <cl>?</cl> </e>
<e n='746'> <in>\u09f8</in> <out>[\u09f8]</out> <comment>bengali currency numerator one less than the denominator</comment> <cl>?</cl> </e>
<e n='747'> <in>\u09f9</in> <out>[\u09f9]</out> <comment>bengali currency numerator sixteen</comment> <cl>?</cl> </e>
<e n='748'> <in>\u09fa</in> <out>[\u09fa]</out> <comment>bengali isshar</comment> <cl>?</cl> </e>
<e n='749'> <in>\u09fb</in> <out>[\u09fb]</out> <comment>bengali ganda mark</comment> <cl>?</cl> </e>
<e n='750'> <in>\u09fc</in> <out>[\u09fc]</out> <comment>reserved</comment> <cl>?</cl> </e>
<e n='751'> <in>\u09fd</in> <out>[\u09fd]</out> <comment>reserved</comment> <cl>?</cl> </e>
<e n='752'> <in>\u09fe</in> <out>[\u09fe]</out> <comment>reserved</comment> <cl>?</cl> </e>
<e n='753'> <in>\u09ff</in> <out>[\u09ff]</out> <comment>reserved</comment> <cl>?</cl> </e>
</edges>

<buffers>
	<buffer name='atom' action='!!'>
		<member id='?'/>
		<member id='vowel_letter'/>
		<member id='vowel_modifier'/>
		<member id='accent'/>
		<member id='punctuation'/>
		<member id='virama'/>
		<member id='vowel_sign'/>
		<member id='consonent_schwa'/>
		<member id='consonent'/>
		<member id='number'/>
		<member id='whitespace'/>
	</buffer>
</buffers>
</fsm>
