<fsm inputType='UTF-8' outputType='slp1' version='2'>
<edges>
<e n='0'> <in>\u0a85</in> <out>a</out> <cl>vowel_letter</cl></e> 
<e n='1'> <in>\u0a86</in> <out>A</out> <cl>vowel_letter</cl></e> 
<e n='2'> <in>\u0a87</in> <out>i</out> <cl>vowel_letter</cl></e> 
<e n='3'> <in>\u0a88</in> <out>I</out> <cl>vowel_letter</cl></e> 
<e n='4'> <in>\u0a89</in> <out>u</out> <cl>vowel_letter</cl></e> 
<e n='5'> <in>\u0a8a</in> <out>U</out> <cl>vowel_letter</cl></e> 
<e n='6'> <in>\u0a8b</in> <out>f</out> <cl>vowel_letter</cl></e> 
<e n='7'> <in>\u0ae0</in> <out>F</out> <cl>vowel_letter</cl></e> 
<e n='8'> <in>\u0a8c</in> <out>x</out> <cl>vowel_letter</cl></e> 
<e n='9'> <in>\u0ae1</in> <out>X</out> <cl>vowel_letter</cl></e> 
<e n='10'> <in>\u0a8f</in> <out>e</out> <cl>vowel_letter</cl></e> 
<e n='11'> <in>\u0a90</in> <out>E</out> <cl>vowel_letter</cl></e> 
<e n='12'> <in>\u0a93</in> <out>o</out> <cl>vowel_letter</cl></e> 
<e n='13'> <in>\u0a94</in> <out>O</out> <cl>vowel_letter</cl></e> 

<e n='14'> <in>\u0a82</in> <out>M</out> <cl>vowel_modifier</cl></e>
<e n='15'> <in>\u0a83</in> <out>H</out> <cl>vowel_modifier</cl></e>

<e n='17'> <in>\u0a81</in> <out>~</out> <cl>accent</cl></e>

<e n='19'> <in>\u0abd</in> <out>'</out> <cl>punctuation</cl></e> 

<e n='22'> <in>\u0acd</in> <out></out> <key>virama.1</key> <cl>virama</cl></e>	<!-- note that out is the empty string -->

<e n='23'> <in>\u0abe</in> <out>A</out> <cl>vowel_sign</cl></e> 
<e n='24'> <in>\u0abf</in> <out>i</out> <cl>vowel_sign</cl></e> 
<e n='25'> <in>\u0ac0</in> <out>I</out> <cl>vowel_sign</cl></e> 
<e n='26'> <in>\u0ac1</in> <out>u</out> <cl>vowel_sign</cl></e> 
<e n='27'> <in>\u0ac2</in> <out>U</out> <cl>vowel_sign</cl></e> 
<e n='28'> <in>\u0ac3</in> <out>f</out> <cl>vowel_sign</cl></e> 
<e n='29'> <in>\u0ac4</in> <out>F</out> <cl>vowel_sign</cl></e> 
<e n='30'> <in>\u0ae2</in> <out>x</out> <cl>vowel_sign</cl></e> 
<e n='31'> <in>\u0ae3</in> <out>X</out> <cl>vowel_sign</cl></e> 
<e n='32'> <in>\u0ac7</in> <out>e</out> <cl>vowel_sign</cl></e> 
<e n='33'> <in>\u0ac8</in> <out>E</out> <cl>vowel_sign</cl></e> 
<e n='34'> <in>\u0acb</in> <out>o</out> <cl>vowel_sign</cl></e> 
<e n='35'> <in>\u0acc</in> <out>O</out> <cl>vowel_sign</cl></e> 

<!-- if a consonant is **not** followed by a vowel sign or a virama, then include schwa-->
<e n='36'> <in>\u0a95</in> <ctx card='+' dir='after' x='n'>$vowel_sign$virama</ctx> <out>ka</out> <cl>consonent_schwa</cl></e> 
<e n='37'> <in>\u0a96</in> <ctx card='+' dir='after' x='n'>$vowel_sign$virama</ctx> <out>Ka</out> <cl>consonent_schwa</cl></e> 
<e n='38'> <in>\u0a97</in> <ctx card='+' dir='after' x='n'>$vowel_sign$virama</ctx> <out>ga</out> <cl>consonent_schwa</cl></e> 
<e n='39'> <in>\u0a98</in> <ctx card='+' dir='after' x='n'>$vowel_sign$virama</ctx> <out>Ga</out> <cl>consonent_schwa</cl></e> 
<e n='40'> <in>\u0a99</in> <ctx card='+' dir='after' x='n'>$vowel_sign$virama</ctx> <out>Na</out> <cl>consonent_schwa</cl></e> 
<e n='41'> <in>\u0a9a</in> <ctx card='+' dir='after' x='n'>$vowel_sign$virama</ctx> <out>ca</out> <cl>consonent_schwa</cl></e> 
<e n='42'> <in>\u0a9b</in> <ctx card='+' dir='after' x='n'>$vowel_sign$virama</ctx> <out>Ca</out> <cl>consonent_schwa</cl></e> 
<e n='43'> <in>\u0a9c</in> <ctx card='+' dir='after' x='n'>$vowel_sign$virama</ctx> <out>ja</out> <cl>consonent_schwa</cl></e> 
<e n='44'> <in>\u0a9d</in> <ctx card='+' dir='after' x='n'>$vowel_sign$virama</ctx> <out>Ja</out> <cl>consonent_schwa</cl></e> 
<e n='45'> <in>\u0a9e</in> <ctx card='+' dir='after' x='n'>$vowel_sign$virama</ctx> <out>Ya</out> <cl>consonent_schwa</cl></e> 
<e n='46'> <in>\u0a9f</in> <ctx card='+' dir='after' x='n'>$vowel_sign$virama</ctx> <out>wa</out> <cl>consonent_schwa</cl></e> 
<e n='47'> <in>\u0aa0</in> <ctx card='+' dir='after' x='n'>$vowel_sign$virama</ctx> <out>Wa</out> <cl>consonent_schwa</cl></e> 
<e n='48'> <in>\u0aa1</in> <ctx card='+' dir='after' x='n'>$vowel_sign$virama</ctx> <out>qa</out> <cl>consonent_schwa</cl></e> 
<e n='49'> <in>\u0aa2</in> <ctx card='+' dir='after' x='n'>$vowel_sign$virama</ctx> <out>Qa</out> <cl>consonent_schwa</cl></e> 
<e n='50'> <in>\u0aa3</in> <ctx card='+' dir='after' x='n'>$vowel_sign$virama</ctx> <out>Ra</out> <cl>consonent_schwa</cl></e> 
<e n='51'> <in>\u0aa4</in> <ctx card='+' dir='after' x='n'>$vowel_sign$virama</ctx> <out>ta</out> <cl>consonent_schwa</cl></e> 
<e n='52'> <in>\u0aa5</in> <ctx card='+' dir='after' x='n'>$vowel_sign$virama</ctx> <out>Ta</out> <cl>consonent_schwa</cl></e> 
<e n='53'> <in>\u0aa6</in> <ctx card='+' dir='after' x='n'>$vowel_sign$virama</ctx> <out>da</out> <cl>consonent_schwa</cl></e> 
<e n='54'> <in>\u0aa7</in> <ctx card='+' dir='after' x='n'>$vowel_sign$virama</ctx> <out>Da</out> <cl>consonent_schwa</cl></e> 
<e n='55'> <in>\u0aa8</in> <ctx card='+' dir='after' x='n'>$vowel_sign$virama</ctx> <out>na</out> <cl>consonent_schwa</cl></e> 
<e n='56'> <in>\u0aaa</in> <ctx card='+' dir='after' x='n'>$vowel_sign$virama</ctx> <out>pa</out> <cl>consonent_schwa</cl></e> 
<e n='57'> <in>\u0aab</in> <ctx card='+' dir='after' x='n'>$vowel_sign$virama</ctx> <out>Pa</out> <cl>consonent_schwa</cl></e> 
<e n='58'> <in>\u0aac</in> <ctx card='+' dir='after' x='n'>$vowel_sign$virama</ctx> <out>ba</out> <cl>consonent_schwa</cl></e> 
<e n='59'> <in>\u0aad</in> <ctx card='+' dir='after' x='n'>$vowel_sign$virama</ctx> <out>Ba</out> <cl>consonent_schwa</cl></e> 
<e n='60'> <in>\u0aae</in> <ctx card='+' dir='after' x='n'>$vowel_sign$virama</ctx> <out>ma</out> <cl>consonent_schwa</cl></e> 
<e n='61'> <in>\u0aaf</in> <ctx card='+' dir='after' x='n'>$vowel_sign$virama</ctx> <out>ya</out> <cl>consonent_schwa</cl></e> 
<e n='62'> <in>\u0ab0</in> <ctx card='+' dir='after' x='n'>$vowel_sign$virama</ctx> <out>ra</out> <cl>consonent_schwa</cl></e> 
<e n='63'> <in>\u0ab2</in> <ctx card='+' dir='after' x='n'>$vowel_sign$virama</ctx> <out>la</out> <cl>consonent_schwa</cl></e> 
<e n='64'> <in>\u0ab3</in> <ctx card='+' dir='after' x='n'>$vowel_sign$virama</ctx> <out>La</out> <cl>consonent_schwa</cl></e> 
<e n='66'> <in>\u0ab5</in> <ctx card='+' dir='after' x='n'>$vowel_sign$virama</ctx> <out>va</out> <cl>consonent_schwa</cl></e> 
<e n='67'> <in>\u0ab6</in> <ctx card='+' dir='after' x='n'>$vowel_sign$virama</ctx> <out>Sa</out> <cl>consonent_schwa</cl></e> 
<e n='68'> <in>\u0ab7</in> <ctx card='+' dir='after' x='n'>$vowel_sign$virama</ctx> <out>za</out> <cl>consonent_schwa</cl></e> 
<e n='69'> <in>\u0ab8</in> <ctx card='+' dir='after' x='n'>$vowel_sign$virama</ctx> <out>sa</out> <cl>consonent_schwa</cl></e> 
<e n='70'> <in>\u0ab9</in> <ctx card='+' dir='after' x='n'>$vowel_sign$virama</ctx> <out>ha</out> <cl>consonent_schwa</cl></e> 

<!-- If a consonent is followed by a vowel sign then just output the consonent with no schwa. The vowel will be added next-->
<e n='71'> <in>\u0a95</in> <ctx card='+' dir='after' x='y'>$vowel_sign$virama</ctx> <out>k</out> <cl>consonent</cl></e> 
<e n='72'> <in>\u0a96</in> <ctx card='+' dir='after' x='y'>$vowel_sign$virama</ctx> <out>K</out> <cl>consonent</cl></e> 
<e n='73'> <in>\u0a97</in> <ctx card='+' dir='after' x='y'>$vowel_sign$virama</ctx> <out>g</out> <cl>consonent</cl></e> 
<e n='74'> <in>\u0a98</in> <ctx card='+' dir='after' x='y'>$vowel_sign$virama</ctx> <out>G</out> <cl>consonent</cl></e> 
<e n='75'> <in>\u0a99</in> <ctx card='+' dir='after' x='y'>$vowel_sign$virama</ctx> <out>N</out> <cl>consonent</cl></e> 
<e n='76'> <in>\u0a9a</in> <ctx card='+' dir='after' x='y'>$vowel_sign$virama</ctx> <out>c</out> <cl>consonent</cl></e> 
<e n='77'> <in>\u0a9b</in> <ctx card='+' dir='after' x='y'>$vowel_sign$virama</ctx> <out>C</out> <cl>consonent</cl></e> 
<e n='78'> <in>\u0a9c</in> <ctx card='+' dir='after' x='y'>$vowel_sign$virama</ctx> <out>j</out> <cl>consonent</cl></e> 
<e n='79'> <in>\u0a9d</in> <ctx card='+' dir='after' x='y'>$vowel_sign$virama</ctx> <out>J</out> <cl>consonent</cl></e> 
<e n='80'> <in>\u0a9e</in> <ctx card='+' dir='after' x='y'>$vowel_sign$virama</ctx> <out>Y</out> <cl>consonent</cl></e> 
<e n='81'> <in>\u0a9f</in> <ctx card='+' dir='after' x='y'>$vowel_sign$virama</ctx> <out>w</out> <cl>consonent</cl></e> 
<e n='82'> <in>\u0aa0</in> <ctx card='+' dir='after' x='y'>$vowel_sign$virama</ctx> <out>W</out> <cl>consonent</cl></e> 
<e n='83'> <in>\u0aa1</in> <ctx card='+' dir='after' x='y'>$vowel_sign$virama</ctx> <out>q</out> <cl>consonent</cl></e> 
<e n='84'> <in>\u0aa2</in> <ctx card='+' dir='after' x='y'>$vowel_sign$virama</ctx> <out>Q</out> <cl>consonent</cl></e> 
<e n='85'> <in>\u0aa3</in> <ctx card='+' dir='after' x='y'>$vowel_sign$virama</ctx> <out>R</out> <cl>consonent</cl></e> 
<e n='86'> <in>\u0aa4</in> <ctx card='+' dir='after' x='y'>$vowel_sign$virama</ctx> <out>t</out> <cl>consonent</cl></e> 
<e n='87'> <in>\u0aa5</in> <ctx card='+' dir='after' x='y'>$vowel_sign$virama</ctx> <out>T</out> <cl>consonent</cl></e> 
<e n='88'> <in>\u0aa6</in> <ctx card='+' dir='after' x='y'>$vowel_sign$virama</ctx> <out>d</out> <cl>consonent</cl></e> 
<e n='89'> <in>\u0aa7</in> <ctx card='+' dir='after' x='y'>$vowel_sign$virama</ctx> <out>D</out> <cl>consonent</cl></e> 
<e n='90'> <in>\u0aa8</in> <ctx card='+' dir='after' x='y'>$vowel_sign$virama</ctx> <out>n</out> <cl>consonent</cl></e> 
<e n='91'> <in>\u0aaa</in> <ctx card='+' dir='after' x='y'>$vowel_sign$virama</ctx> <out>p</out> <cl>consonent</cl></e> 
<e n='92'> <in>\u0aab</in> <ctx card='+' dir='after' x='y'>$vowel_sign$virama</ctx> <out>P</out> <cl>consonent</cl></e> 
<e n='93'> <in>\u0aac</in> <ctx card='+' dir='after' x='y'>$vowel_sign$virama</ctx> <out>b</out> <cl>consonent</cl></e> 
<e n='94'> <in>\u0aad</in> <ctx card='+' dir='after' x='y'>$vowel_sign$virama</ctx> <out>B</out> <cl>consonent</cl></e> 
<e n='95'> <in>\u0aae</in> <ctx card='+' dir='after' x='y'>$vowel_sign$virama</ctx> <out>m</out> <cl>consonent</cl></e> 
<e n='96'> <in>\u0aaf</in> <ctx card='+' dir='after' x='y'>$vowel_sign$virama</ctx> <out>y</out> <cl>consonent</cl></e> 
<e n='97'> <in>\u0ab0</in> <ctx card='+' dir='after' x='y'>$vowel_sign$virama</ctx> <out>r</out> <cl>consonent</cl></e> 
<e n='98'> <in>\u0ab2</in> <ctx card='+' dir='after' x='y'>$vowel_sign$virama</ctx> <out>l</out> <cl>consonent</cl></e> 
<e n='99'> <in>\u0ab3</in> <ctx card='+' dir='after' x='y'>$vowel_sign$virama</ctx> <out>L</out> <cl>consonent</cl></e> 
<e n='101'> <in>\u0ab5</in> <ctx card='+' dir='after' x='y'>$vowel_sign$virama</ctx> <out>v</out> <cl>consonent</cl></e> 
<e n='102'> <in>\u0ab6</in> <ctx card='+' dir='after' x='y'>$vowel_sign$virama</ctx> <out>S</out> <cl>consonent</cl></e> 
<e n='103'> <in>\u0ab7</in> <ctx card='+' dir='after' x='y'>$vowel_sign$virama</ctx> <out>z</out> <cl>consonent</cl></e> 
<e n='104'> <in>\u0ab8</in> <ctx card='+' dir='after' x='y'>$vowel_sign$virama</ctx> <out>s</out> <cl>consonent</cl></e> 
<e n='105'> <in>\u0ab9</in> <ctx card='+' dir='after' x='y'>$vowel_sign$virama</ctx> <out>h</out> <cl>consonent</cl></e> 

<e n='106'> <in>\u0ae6</in> <out>0</out> <cl>number</cl></e> 
<e n='107'> <in>\u0ae7</in> <out>1</out> <cl>number</cl></e> 
<e n='108'> <in>\u0ae8</in> <out>2</out> <cl>number</cl></e> 
<e n='109'> <in>\u0ae9</in> <out>3</out> <cl>number</cl></e> 
<e n='110'> <in>\u0aea</in> <out>4</out> <cl>number</cl></e> 
<e n='111'> <in>\u0aeb</in> <out>5</out> <cl>number</cl></e> 
<e n='112'> <in>\u0aec</in> <out>6</out> <cl>number</cl></e> 
<e n='113'> <in>\u0aed</in> <out>7</out> <cl>number</cl></e> 
<e n='114'> <in>\u0aee</in> <out>8</out> <cl>number</cl></e> 
<e n='115'> <in>\u0aef</in> <out>9</out> <cl>number</cl></e> 

<e n='116'> <in>\u0020</in> <out>\u0020</out> <cl>whitespace</cl></e> 
<e n='117'> <in>\u0009</in> <out>\u0009</out> <cl>whitespace</cl></e> 
<e n='118'> <in>\u000d</in> <out>\u000d</out> <cl>whitespace</cl></e> 
<e n='119'> <in>\u000a</in> <out>\u000a</out> <cl>whitespace</cl></e> 

<e n='120'> <in>\u0ad0</in> <out>oM</out> <cl>atom</cl></e> 

<!-- characters not mapped to SLP1 -->
<e n='700'> <in>\u0a80</in> <out>[\u0a80]</out> <comment>reserved</comment> <cl>?</cl> </e>
<e n='701'> <in>\u0a84</in> <out>[\u0a84]</out> <comment>reserved</comment> <cl>?</cl> </e>
<e n='702'> <in>\u0a8d</in> <out>[\u0a8d]</out> <comment>gujarati vowel candra e</comment> <cl>?</cl> </e>
<e n='703'> <in>\u0a8e</in> <out>[\u0a8e]</out> <comment>reserved</comment> <cl>?</cl> </e>
<e n='704'> <in>\u0a91</in> <out>[\u0a91]</out> <comment>gujarati vowel candra o</comment> <cl>?</cl> </e>
<e n='705'> <in>\u0a92</in> <out>[\u0a92]</out> <comment>reserved</comment> <cl>?</cl> </e>
<e n='706'> <in>\u0aa9</in> <out>[\u0aa9]</out> <comment>reserved</comment> <cl>?</cl> </e>
<e n='707'> <in>\u0ab1</in> <out>[\u0ab1]</out> <comment>reserved</comment> <cl>?</cl> </e>
<e n='708'> <in>\u0ab4</in> <out>[\u0ab4]</out> <comment>reserved</comment> <cl>?</cl> </e>
<e n='709'> <in>\u0aba</in> <out>[\u0aba]</out> <comment>reserved</comment> <cl>?</cl> </e>
<e n='710'> <in>\u0abb</in> <out>[\u0abb]</out> <comment>reserved</comment> <cl>?</cl> </e>
<e n='711'> <in>\u0abc</in> <out>[\u0abc]</out> <comment>gujarati sign nukta</comment> <cl>?</cl> </e>
<e n='712'> <in>\u0ac5</in> <out>[\u0ac5]</out> <comment>gujarati vowel sign candra e</comment> <cl>?</cl> </e>
<e n='713'> <in>\u0ac6</in> <out>[\u0ac6]</out> <comment>reserved</comment> <cl>?</cl> </e>
<e n='714'> <in>\u0ac9</in> <out>[\u0ac9]</out> <comment>gujarati vowel sign candra o</comment> <cl>?</cl> </e>
<e n='715'> <in>\u0aca</in> <out>[\u0aca]</out> <comment>reserved</comment> <cl>?</cl> </e>
<e n='716'> <in>\u0ace</in> <out>[\u0ace]</out> <comment>reserved</comment> <cl>?</cl> </e>
<e n='717'> <in>\u0acf</in> <out>[\u0acf]</out> <comment>reserved</comment> <cl>?</cl> </e>
<e n='719'> <in>\u0ad1</in> <out>[\u0ad1]</out> <comment>reserved</comment> <cl>?</cl> </e>
<e n='720'> <in>\u0ad2</in> <out>[\u0ad2]</out> <comment>reserved</comment> <cl>?</cl> </e>
<e n='721'> <in>\u0ad3</in> <out>[\u0ad3]</out> <comment>reserved</comment> <cl>?</cl> </e>
<e n='722'> <in>\u0ad4</in> <out>[\u0ad4]</out> <comment>reserved</comment> <cl>?</cl> </e>
<e n='723'> <in>\u0ad5</in> <out>[\u0ad5]</out> <comment>reserved</comment> <cl>?</cl> </e>
<e n='724'> <in>\u0ad6</in> <out>[\u0ad6]</out> <comment>reserved</comment> <cl>?</cl> </e>
<e n='725'> <in>\u0ad7</in> <out>[\u0ad7]</out> <comment>reserved</comment> <cl>?</cl> </e>
<e n='726'> <in>\u0ad8</in> <out>[\u0ad8]</out> <comment>reserved</comment> <cl>?</cl> </e>
<e n='727'> <in>\u0ad9</in> <out>[\u0ad9]</out> <comment>reserved</comment> <cl>?</cl> </e>
<e n='728'> <in>\u0ada</in> <out>[\u0ada]</out> <comment>reserved</comment> <cl>?</cl> </e>
<e n='729'> <in>\u0adb</in> <out>[\u0adb]</out> <comment>reserved</comment> <cl>?</cl> </e>
<e n='730'> <in>\u0adc</in> <out>[\u0adc]</out> <comment>reserved</comment> <cl>?</cl> </e>
<e n='731'> <in>\u0add</in> <out>[\u0add]</out> <comment>reserved</comment> <cl>?</cl> </e>
<e n='732'> <in>\u0ade</in> <out>[\u0ade]</out> <comment>reserved</comment> <cl>?</cl> </e>
<e n='733'> <in>\u0adf</in> <out>[\u0adf]</out> <comment>reserved</comment> <cl>?</cl> </e>
<e n='734'> <in>\u0ae4</in> <out>[\u0ae4]</out> <comment>reserved for 0964 devanagari danda</comment> <cl>?</cl> </e>
<e n='735'> <in>\u0ae5</in> <out>[\u0ae5]</out> <comment>reserved for 0965 devanagari double danda</comment> <cl>?</cl> </e>
<e n='736'> <in>\u0af0</in> <out>[\u0af0]</out> <comment>reserved</comment> <cl>?</cl> </e>
<e n='737'> <in>\u0af1</in> <out>[\u0af1]</out> <comment>gujarati rupee sign</comment> <cl>?</cl> </e>
<e n='738'> <in>\u0af2</in> <out>[\u0af2]</out> <comment>reserved</comment> <cl>?</cl> </e>
<e n='739'> <in>\u0af3</in> <out>[\u0af3]</out> <comment>reserved</comment> <cl>?</cl> </e>
<e n='740'> <in>\u0af4</in> <out>[\u0af4]</out> <comment>reserved</comment> <cl>?</cl> </e>
<e n='741'> <in>\u0af5</in> <out>[\u0af5]</out> <comment>reserved</comment> <cl>?</cl> </e>
<e n='742'> <in>\u0af6</in> <out>[\u0af6]</out> <comment>reserved</comment> <cl>?</cl> </e>
<e n='743'> <in>\u0af7</in> <out>[\u0af7]</out> <comment>reserved</comment> <cl>?</cl> </e>
<e n='744'> <in>\u0af8</in> <out>[\u0af8]</out> <comment>reserved</comment> <cl>?</cl> </e>
<e n='745'> <in>\u0af9</in> <out>[\u0af9]</out> <comment>reserved</comment> <cl>?</cl> </e>
<e n='746'> <in>\u0afa</in> <out>[\u0afa]</out> <comment>reserved</comment> <cl>?</cl> </e>
<e n='747'> <in>\u0afb</in> <out>[\u0afb]</out> <comment>reserved</comment> <cl>?</cl> </e>
<e n='748'> <in>\u0afc</in> <out>[\u0afc]</out> <comment>reserved</comment> <cl>?</cl> </e>
<e n='749'> <in>\u0afd</in> <out>[\u0afd]</out> <comment>reserved</comment> <cl>?</cl> </e>
<e n='750'> <in>\u0afe</in> <out>[\u0afe]</out> <comment>reserved</comment> <cl>?</cl> </e>
<e n='751'> <in>\u0aff</in> <out>[\u0aff]</out> <comment>reserved</comment> <cl>?</cl> </e>
</edges>

<buffers>
	<buffer name='atom' action='!!'>
		<member id='atom'/>
		<member id='?'/>
		<member id='vowel_letter'/>
		<member id='vowel_modifier'/>
		<member id='accent'/>
		<member id='punctuation'/>
		<member id='virama'/>
		<member id='vowel_sign'/>
		<member id='consonent_schwa'/>
		<member id='consonent'/>
		<member id='number'/>
		<member id='whitespace'/>
	</buffer>
</buffers>
</fsm>