<fsm inputType='UTF-8' outputType='slp1' version='2'>
<edges>
<e n='0'> <in>\u0a05</in> <out>a</out> <cl>vowel_letter</cl></e> 
<e n='1'> <in>\u0a06</in> <out>A</out> <cl>vowel_letter</cl></e> 
<e n='2'> <in>\u0a07</in> <out>i</out> <cl>vowel_letter</cl></e> 
<e n='3'> <in>\u0a08</in> <out>I</out> <cl>vowel_letter</cl></e> 
<e n='4'> <in>\u0a09</in> <out>u</out> <cl>vowel_letter</cl></e> 
<e n='5'> <in>\u0a0a</in> <out>U</out> <cl>vowel_letter</cl></e> 
<e n='10'> <in>\u0a0f</in> <out>e</out> <cl>vowel_letter</cl></e> 
<e n='11'> <in>\u0a10</in> <out>E</out> <cl>vowel_letter</cl></e> 
<e n='12'> <in>\u0a13</in> <out>o</out> <cl>vowel_letter</cl></e> 
<e n='13'> <in>\u0a14</in> <out>O</out> <cl>vowel_letter</cl></e> 

<e n='14'> <in>\u0a02</in> <out>M</out> <cl>vowel_modifier</cl></e>
<e n='15'> <in>\u0a03</in> <out>H</out> <cl>vowel_modifier</cl></e>

<e n='17'> <in>\u0a01</in> <out>~</out> <cl>accent</cl></e>

<e n='22'> <in>\u0a4d</in> <out></out> <key>virama.1</key> <cl>virama</cl></e>	<!-- note that out is the empty string -->

<e n='23'> <in>\u0a3e</in> <out>A</out> <cl>vowel_sign</cl></e> 
<e n='24'> <in>\u0a3f</in> <out>i</out> <cl>vowel_sign</cl></e> 
<e n='25'> <in>\u0a40</in> <out>I</out> <cl>vowel_sign</cl></e> 
<e n='26'> <in>\u0a41</in> <out>u</out> <cl>vowel_sign</cl></e> 
<e n='27'> <in>\u0a42</in> <out>U</out> <cl>vowel_sign</cl></e> 
<e n='32'> <in>\u0a47</in> <out>e</out> <cl>vowel_sign</cl></e> 
<e n='33'> <in>\u0a48</in> <out>E</out> <cl>vowel_sign</cl></e> 
<e n='34'> <in>\u0a4b</in> <out>o</out> <cl>vowel_sign</cl></e> 
<e n='35'> <in>\u0a4c</in> <out>O</out> <cl>vowel_sign</cl></e> 

<!-- if a consonant is **not** followed by a vowel sign or a virama, then include schwa-->
<e n='36'> <in>\u0a15</in> <ctx card='+' dir='after' x='n'>$vowel_sign$virama</ctx> <out>ka</out> <cl>consonent_schwa</cl></e> 
<e n='37'> <in>\u0a16</in> <ctx card='+' dir='after' x='n'>$vowel_sign$virama</ctx> <out>Ka</out> <cl>consonent_schwa</cl></e> 
<e n='38'> <in>\u0a17</in> <ctx card='+' dir='after' x='n'>$vowel_sign$virama</ctx> <out>ga</out> <cl>consonent_schwa</cl></e> 
<e n='39'> <in>\u0a18</in> <ctx card='+' dir='after' x='n'>$vowel_sign$virama</ctx> <out>Ga</out> <cl>consonent_schwa</cl></e> 
<e n='40'> <in>\u0a19</in> <ctx card='+' dir='after' x='n'>$vowel_sign$virama</ctx> <out>Na</out> <cl>consonent_schwa</cl></e> 
<e n='41'> <in>\u0a1a</in> <ctx card='+' dir='after' x='n'>$vowel_sign$virama</ctx> <out>ca</out> <cl>consonent_schwa</cl></e> 
<e n='42'> <in>\u0a1b</in> <ctx card='+' dir='after' x='n'>$vowel_sign$virama</ctx> <out>Ca</out> <cl>consonent_schwa</cl></e> 
<e n='43'> <in>\u0a1c</in> <ctx card='+' dir='after' x='n'>$vowel_sign$virama</ctx> <out>ja</out> <cl>consonent_schwa</cl></e> 
<e n='44'> <in>\u0a1d</in> <ctx card='+' dir='after' x='n'>$vowel_sign$virama</ctx> <out>Ja</out> <cl>consonent_schwa</cl></e> 
<e n='45'> <in>\u0a1e</in> <ctx card='+' dir='after' x='n'>$vowel_sign$virama</ctx> <out>Ya</out> <cl>consonent_schwa</cl></e> 
<e n='46'> <in>\u0a1f</in> <ctx card='+' dir='after' x='n'>$vowel_sign$virama</ctx> <out>wa</out> <cl>consonent_schwa</cl></e> 
<e n='47'> <in>\u0a20</in> <ctx card='+' dir='after' x='n'>$vowel_sign$virama</ctx> <out>Wa</out> <cl>consonent_schwa</cl></e> 
<e n='48'> <in>\u0a21</in> <ctx card='+' dir='after' x='n'>$vowel_sign$virama</ctx> <out>qa</out> <cl>consonent_schwa</cl></e> 
<e n='49'> <in>\u0a22</in> <ctx card='+' dir='after' x='n'>$vowel_sign$virama</ctx> <out>Qa</out> <cl>consonent_schwa</cl></e> 
<e n='50'> <in>\u0a23</in> <ctx card='+' dir='after' x='n'>$vowel_sign$virama</ctx> <out>Ra</out> <cl>consonent_schwa</cl></e> 
<e n='51'> <in>\u0a24</in> <ctx card='+' dir='after' x='n'>$vowel_sign$virama</ctx> <out>ta</out> <cl>consonent_schwa</cl></e> 
<e n='52'> <in>\u0a25</in> <ctx card='+' dir='after' x='n'>$vowel_sign$virama</ctx> <out>Ta</out> <cl>consonent_schwa</cl></e> 
<e n='53'> <in>\u0a26</in> <ctx card='+' dir='after' x='n'>$vowel_sign$virama</ctx> <out>da</out> <cl>consonent_schwa</cl></e> 
<e n='54'> <in>\u0a27</in> <ctx card='+' dir='after' x='n'>$vowel_sign$virama</ctx> <out>Da</out> <cl>consonent_schwa</cl></e> 
<e n='55'> <in>\u0a28</in> <ctx card='+' dir='after' x='n'>$vowel_sign$virama</ctx> <out>na</out> <cl>consonent_schwa</cl></e> 
<e n='56'> <in>\u0a2a</in> <ctx card='+' dir='after' x='n'>$vowel_sign$virama</ctx> <out>pa</out> <cl>consonent_schwa</cl></e> 
<e n='57'> <in>\u0a2b</in> <ctx card='+' dir='after' x='n'>$vowel_sign$virama</ctx> <out>Pa</out> <cl>consonent_schwa</cl></e> 
<e n='58'> <in>\u0a2c</in> <ctx card='+' dir='after' x='n'>$vowel_sign$virama</ctx> <out>ba</out> <cl>consonent_schwa</cl></e> 
<e n='59'> <in>\u0a2d</in> <ctx card='+' dir='after' x='n'>$vowel_sign$virama</ctx> <out>Ba</out> <cl>consonent_schwa</cl></e> 
<e n='60'> <in>\u0a2e</in> <ctx card='+' dir='after' x='n'>$vowel_sign$virama</ctx> <out>ma</out> <cl>consonent_schwa</cl></e> 
<e n='61'> <in>\u0a2f</in> <ctx card='+' dir='after' x='n'>$vowel_sign$virama</ctx> <out>ya</out> <cl>consonent_schwa</cl></e> 
<e n='62'> <in>\u0a30</in> <ctx card='+' dir='after' x='n'>$vowel_sign$virama</ctx> <out>ra</out> <cl>consonent_schwa</cl></e> 
<e n='63'> <in>\u0a32</in> <ctx card='+' dir='after' x='n'>$vowel_sign$virama</ctx> <out>la</out> <cl>consonent_schwa</cl></e> 
<e n='64'> <in>\u0a33</in> <ctx card='+' dir='after' x='n'>$vowel_sign$virama</ctx> <out>La</out> <cl>consonent_schwa</cl></e> 
<e n='66'> <in>\u0a35</in> <ctx card='+' dir='after' x='n'>$vowel_sign$virama</ctx> <out>va</out> <cl>consonent_schwa</cl></e> 
<e n='67'> <in>\u0a36</in> <ctx card='+' dir='after' x='n'>$vowel_sign$virama</ctx> <out>Sa</out> <cl>consonent_schwa</cl></e> 
<e n='69'> <in>\u0a38</in> <ctx card='+' dir='after' x='n'>$vowel_sign$virama</ctx> <out>sa</out> <cl>consonent_schwa</cl></e> 
<e n='70'> <in>\u0a39</in> <ctx card='+' dir='after' x='n'>$vowel_sign$virama</ctx> <out>ha</out> <cl>consonent_schwa</cl></e> 

<!-- If a consonent is followed by a vowel sign then just output the consonent with no schwa. The vowel will be added next-->
<e n='71'> <in>\u0a15</in> <ctx card='+' dir='after' x='y'>$vowel_sign$virama</ctx> <out>k</out> <cl>consonent</cl></e> 
<e n='72'> <in>\u0a16</in> <ctx card='+' dir='after' x='y'>$vowel_sign$virama</ctx> <out>K</out> <cl>consonent</cl></e> 
<e n='73'> <in>\u0a17</in> <ctx card='+' dir='after' x='y'>$vowel_sign$virama</ctx> <out>g</out> <cl>consonent</cl></e> 
<e n='74'> <in>\u0a18</in> <ctx card='+' dir='after' x='y'>$vowel_sign$virama</ctx> <out>G</out> <cl>consonent</cl></e> 
<e n='75'> <in>\u0a19</in> <ctx card='+' dir='after' x='y'>$vowel_sign$virama</ctx> <out>N</out> <cl>consonent</cl></e> 
<e n='76'> <in>\u0a1a</in> <ctx card='+' dir='after' x='y'>$vowel_sign$virama</ctx> <out>c</out> <cl>consonent</cl></e> 
<e n='77'> <in>\u0a1b</in> <ctx card='+' dir='after' x='y'>$vowel_sign$virama</ctx> <out>C</out> <cl>consonent</cl></e> 
<e n='78'> <in>\u0a1c</in> <ctx card='+' dir='after' x='y'>$vowel_sign$virama</ctx> <out>j</out> <cl>consonent</cl></e> 
<e n='79'> <in>\u0a1d</in> <ctx card='+' dir='after' x='y'>$vowel_sign$virama</ctx> <out>J</out> <cl>consonent</cl></e> 
<e n='80'> <in>\u0a1e</in> <ctx card='+' dir='after' x='y'>$vowel_sign$virama</ctx> <out>Y</out> <cl>consonent</cl></e> 
<e n='81'> <in>\u0a1f</in> <ctx card='+' dir='after' x='y'>$vowel_sign$virama</ctx> <out>w</out> <cl>consonent</cl></e> 
<e n='82'> <in>\u0a20</in> <ctx card='+' dir='after' x='y'>$vowel_sign$virama</ctx> <out>W</out> <cl>consonent</cl></e> 
<e n='83'> <in>\u0a21</in> <ctx card='+' dir='after' x='y'>$vowel_sign$virama</ctx> <out>q</out> <cl>consonent</cl></e> 
<e n='84'> <in>\u0a22</in> <ctx card='+' dir='after' x='y'>$vowel_sign$virama</ctx> <out>Q</out> <cl>consonent</cl></e> 
<e n='85'> <in>\u0a23</in> <ctx card='+' dir='after' x='y'>$vowel_sign$virama</ctx> <out>R</out> <cl>consonent</cl></e> 
<e n='86'> <in>\u0a24</in> <ctx card='+' dir='after' x='y'>$vowel_sign$virama</ctx> <out>t</out> <cl>consonent</cl></e> 
<e n='87'> <in>\u0a25</in> <ctx card='+' dir='after' x='y'>$vowel_sign$virama</ctx> <out>T</out> <cl>consonent</cl></e> 
<e n='88'> <in>\u0a26</in> <ctx card='+' dir='after' x='y'>$vowel_sign$virama</ctx> <out>d</out> <cl>consonent</cl></e> 
<e n='89'> <in>\u0a27</in> <ctx card='+' dir='after' x='y'>$vowel_sign$virama</ctx> <out>D</out> <cl>consonent</cl></e> 
<e n='90'> <in>\u0a28</in> <ctx card='+' dir='after' x='y'>$vowel_sign$virama</ctx> <out>n</out> <cl>consonent</cl></e> 
<e n='91'> <in>\u0a2a</in> <ctx card='+' dir='after' x='y'>$vowel_sign$virama</ctx> <out>p</out> <cl>consonent</cl></e> 
<e n='92'> <in>\u0a2b</in> <ctx card='+' dir='after' x='y'>$vowel_sign$virama</ctx> <out>P</out> <cl>consonent</cl></e> 
<e n='93'> <in>\u0a2c</in> <ctx card='+' dir='after' x='y'>$vowel_sign$virama</ctx> <out>b</out> <cl>consonent</cl></e> 
<e n='94'> <in>\u0a2d</in> <ctx card='+' dir='after' x='y'>$vowel_sign$virama</ctx> <out>B</out> <cl>consonent</cl></e> 
<e n='95'> <in>\u0a2e</in> <ctx card='+' dir='after' x='y'>$vowel_sign$virama</ctx> <out>m</out> <cl>consonent</cl></e> 
<e n='96'> <in>\u0a2f</in> <ctx card='+' dir='after' x='y'>$vowel_sign$virama</ctx> <out>y</out> <cl>consonent</cl></e> 
<e n='97'> <in>\u0a30</in> <ctx card='+' dir='after' x='y'>$vowel_sign$virama</ctx> <out>r</out> <cl>consonent</cl></e> 
<e n='98'> <in>\u0a32</in> <ctx card='+' dir='after' x='y'>$vowel_sign$virama</ctx> <out>l</out> <cl>consonent</cl></e> 
<e n='99'> <in>\u0a33</in> <ctx card='+' dir='after' x='y'>$vowel_sign$virama</ctx> <out>L</out> <cl>consonent</cl></e> 
<e n='101'> <in>\u0a35</in> <ctx card='+' dir='after' x='y'>$vowel_sign$virama</ctx> <out>v</out> <cl>consonent</cl></e> 
<e n='102'> <in>\u0a36</in> <ctx card='+' dir='after' x='y'>$vowel_sign$virama</ctx> <out>S</out> <cl>consonent</cl></e> 
<e n='104'> <in>\u0a38</in> <ctx card='+' dir='after' x='y'>$vowel_sign$virama</ctx> <out>s</out> <cl>consonent</cl></e> 
<e n='105'> <in>\u0a39</in> <ctx card='+' dir='after' x='y'>$vowel_sign$virama</ctx> <out>h</out> <cl>consonent</cl></e> 

<e n='106'> <in>\u0a66</in> <out>0</out> <cl>number</cl></e> 
<e n='107'> <in>\u0a67</in> <out>1</out> <cl>number</cl></e> 
<e n='108'> <in>\u0a68</in> <out>2</out> <cl>number</cl></e> 
<e n='109'> <in>\u0a69</in> <out>3</out> <cl>number</cl></e> 
<e n='110'> <in>\u0a6a</in> <out>4</out> <cl>number</cl></e> 
<e n='111'> <in>\u0a6b</in> <out>5</out> <cl>number</cl></e> 
<e n='112'> <in>\u0a6c</in> <out>6</out> <cl>number</cl></e> 
<e n='113'> <in>\u0a6d</in> <out>7</out> <cl>number</cl></e> 
<e n='114'> <in>\u0a6e</in> <out>8</out> <cl>number</cl></e> 
<e n='115'> <in>\u0a6f</in> <out>9</out> <cl>number</cl></e> 

<e n='116'> <in>\u0020</in> <out>\u0020</out> <cl>whitespace</cl></e> 
<e n='117'> <in>\u0009</in> <out>\u0009</out> <cl>whitespace</cl></e> 
<e n='118'> <in>\u000d</in> <out>\u000d</out> <cl>whitespace</cl></e> 
<e n='119'> <in>\u000a</in> <out>\u000a</out> <cl>whitespace</cl></e> 

<e n='700'> <in>\u0a00</in> <out>[\u0a00]</out> <comment>reserved</comment> <cl>?</cl> </e>
<e n='701'> <in>\u0a04</in> <out>[\u0a04]</out> <comment>reserved</comment> <cl>?</cl> </e>
<e n='702'> <in>\u0a0b</in> <out>[\u0a0b]</out> <comment>reserved</comment> <cl>?</cl> </e>
<e n='703'> <in>\u0a0c</in> <out>[\u0a0c]</out> <comment>reserved</comment> <cl>?</cl> </e>
<e n='704'> <in>\u0a0d</in> <out>[\u0a0d]</out> <comment>reserved</comment> <cl>?</cl> </e>
<e n='705'> <in>\u0a0e</in> <out>[\u0a0e]</out> <comment>reserved</comment> <cl>?</cl> </e>
<e n='706'> <in>\u0a11</in> <out>[\u0a11]</out> <comment>reserved</comment> <cl>?</cl> </e>
<e n='707'> <in>\u0a12</in> <out>[\u0a12]</out> <comment>reserved</comment> <cl>?</cl> </e>
<e n='708'> <in>\u0a29</in> <out>[\u0a29]</out> <comment>reserved</comment> <cl>?</cl> </e>
<e n='709'> <in>\u0a31</in> <out>[\u0a31]</out> <comment>reserved</comment> <cl>?</cl> </e>
<e n='710'> <in>\u0a34</in> <out>[\u0a34]</out> <comment>reserved</comment> <cl>?</cl> </e>
<e n='711'> <in>\u0a37</in> <out>[\u0a37]</out> <comment>reserved</comment> <cl>?</cl> </e>
<e n='712'> <in>\u0a3a</in> <out>[\u0a3a]</out> <comment>reserved</comment> <cl>?</cl> </e>
<e n='713'> <in>\u0a3b</in> <out>[\u0a3b]</out> <comment>reserved</comment> <cl>?</cl> </e>
<e n='714'> <in>\u0a3c</in> <out>[\u0a3c]</out> <comment>gurmukhi sign nukta</comment> <cl>?</cl> </e>
<e n='715'> <in>\u0a3d</in> <out>[\u0a3d]</out> <comment>reserved</comment> <cl>?</cl> </e>
<e n='716'> <in>\u0a43</in> <out>[\u0a43]</out> <comment>reserved</comment> <cl>?</cl> </e>
<e n='717'> <in>\u0a44</in> <out>[\u0a44]</out> <comment>reserved</comment> <cl>?</cl> </e>
<e n='718'> <in>\u0a45</in> <out>[\u0a45]</out> <comment>reserved</comment> <cl>?</cl> </e>
<e n='719'> <in>\u0a46</in> <out>[\u0a46]</out> <comment>reserved</comment> <cl>?</cl> </e>
<e n='720'> <in>\u0a49</in> <out>[\u0a49]</out> <comment>reserved</comment> <cl>?</cl> </e>
<e n='721'> <in>\u0a4a</in> <out>[\u0a4a]</out> <comment>reserved</comment> <cl>?</cl> </e>
<e n='722'> <in>\u0a4e</in> <out>[\u0a4e]</out> <comment>reserved</comment> <cl>?</cl> </e>
<e n='723'> <in>\u0a4f</in> <out>[\u0a4f]</out> <comment>reserved</comment> <cl>?</cl> </e>
<e n='724'> <in>\u0a50</in> <out>[\u0a50]</out> <comment>reserved</comment> <cl>?</cl> </e>
<e n='725'> <in>\u0a51</in> <out>[\u0a51]</out> <comment>reserved</comment> <cl>?</cl> </e>
<e n='726'> <in>\u0a52</in> <out>[\u0a52]</out> <comment>reserved</comment> <cl>?</cl> </e>
<e n='727'> <in>\u0a53</in> <out>[\u0a53]</out> <comment>reserved</comment> <cl>?</cl> </e>
<e n='728'> <in>\u0a54</in> <out>[\u0a54]</out> <comment>reserved</comment> <cl>?</cl> </e>
<e n='729'> <in>\u0a55</in> <out>[\u0a55]</out> <comment>reserved</comment> <cl>?</cl> </e>
<e n='730'> <in>\u0a56</in> <out>[\u0a56]</out> <comment>reserved</comment> <cl>?</cl> </e>
<e n='731'> <in>\u0a57</in> <out>[\u0a57]</out> <comment>reserved</comment> <cl>?</cl> </e>
<e n='732'> <in>\u0a58</in> <out>[\u0a58]</out> <comment>reserved</comment> <cl>?</cl> </e>
<e n='733'> <in>\u0a59</in> <out>[\u0a59]</out> <comment>gurmukhi letter khha</comment> <cl>?</cl> </e>
<e n='734'> <in>\u0a5a</in> <out>[\u0a5a]</out> <comment>gurmukhi letter ghha</comment> <cl>?</cl> </e>
<e n='735'> <in>\u0a5b</in> <out>[\u0a5b]</out> <comment>gurmukhi letter za</comment> <cl>?</cl> </e>
<e n='736'> <in>\u0a5c</in> <out>[\u0a5c]</out> <comment>gurmukhi letter rra</comment> <cl>?</cl> </e>
<e n='737'> <in>\u0a5d</in> <out>[\u0a5d]</out> <comment>reserved</comment> <cl>?</cl> </e>
<e n='738'> <in>\u0a5e</in> <out>[\u0a5e]</out> <comment>gurmukhi letter fa</comment> <cl>?</cl> </e>
<e n='739'> <in>\u0a5f</in> <out>[\u0a5f]</out> <comment>reserved</comment> <cl>?</cl> </e>
<e n='740'> <in>\u0a60</in> <out>[\u0a60]</out> <comment>reserved</comment> <cl>?</cl> </e>
<e n='741'> <in>\u0a61</in> <out>[\u0a61]</out> <comment>reserved</comment> <cl>?</cl> </e>
<e n='742'> <in>\u0a62</in> <out>[\u0a62]</out> <comment>reserved</comment> <cl>?</cl> </e>
<e n='743'> <in>\u0a63</in> <out>[\u0a63]</out> <comment>reserved</comment> <cl>?</cl> </e>
<e n='744'> <in>\u0a64</in> <out>[\u0a64]</out> <comment>reserved</comment> <cl>?</cl> </e>
<e n='745'> <in>\u0a65</in> <out>[\u0a65]</out> <comment>reserved</comment> <cl>?</cl> </e>
<e n='746'> <in>\u0a70</in> <out>[\u0a70]</out> <comment>gurmukhi tippi</comment> <cl>?</cl> </e>
<e n='747'> <in>\u0a71</in> <out>[\u0a71]</out> <comment>gurmukhi addak</comment> <cl>?</cl> </e>
<e n='748'> <in>\u0a72</in> <out>[\u0a72]</out> <comment>gurmukhi iri</comment> <cl>?</cl> </e>
<e n='749'> <in>\u0a73</in> <out>[\u0a73]</out> <comment>gurmukhi ura</comment> <cl>?</cl> </e>
<e n='750'> <in>\u0a74</in> <out>[\u0a74]</out> <comment>gurmukhi ek onkar</comment> <cl>?</cl> </e>
<e n='751'> <in>\u0a75</in> <out>[\u0a75]</out> <comment>gurmukhi sign yakash</comment> <cl>?</cl> </e>
<e n='752'> <in>\u0a76</in> <out>[\u0a76]</out> <comment>reserved</comment> <cl>?</cl> </e>
<e n='753'> <in>\u0a77</in> <out>[\u0a77]</out> <comment>reserved</comment> <cl>?</cl> </e>
<e n='754'> <in>\u0a78</in> <out>[\u0a78]</out> <comment>reserved</comment> <cl>?</cl> </e>
<e n='755'> <in>\u0a79</in> <out>[\u0a79]</out> <comment>reserved</comment> <cl>?</cl> </e>
<e n='756'> <in>\u0a7a</in> <out>[\u0a7a]</out> <comment>reserved</comment> <cl>?</cl> </e>
<e n='757'> <in>\u0a7b</in> <out>[\u0a7b]</out> <comment>reserved</comment> <cl>?</cl> </e>
<e n='758'> <in>\u0a7c</in> <out>[\u0a7c]</out> <comment>reserved</comment> <cl>?</cl> </e>
<e n='759'> <in>\u0a7d</in> <out>[\u0a7d]</out> <comment>reserved</comment> <cl>?</cl> </e>
<e n='760'> <in>\u0a7e</in> <out>[\u0a7e]</out> <comment>reserved</comment> <cl>?</cl> </e>
<e n='761'> <in>\u0a7f</in> <out>[\u0a7f]</out> <comment>reserved</comment> <cl>?</cl> </e>
</edges>

<buffers>
	<buffer name='atom' action='!!'>
		<member id='?'/>
		<member id='vowel_letter'/>
		<member id='vowel_modifier'/>
		<member id='accent'/>
		<member id='punctuation'/>
		<member id='virama'/>
		<member id='vowel_sign'/>
		<member id='consonent_schwa'/>
		<member id='consonent'/>
		<member id='number'/>
		<member id='whitespace'/>
	</buffer>
</buffers>
</fsm>