<fsm inputType='UTF-8' outputType='slp1' version='2'>
<edges>
<e n='0'> <in>\u0c85</in> <out>a</out> <cl>vowel_letter</cl></e> 
<e n='1'> <in>\u0c86</in> <out>A</out> <cl>vowel_letter</cl></e> 
<e n='2'> <in>\u0c87</in> <out>i</out> <cl>vowel_letter</cl></e> 
<e n='3'> <in>\u0c88</in> <out>I</out> <cl>vowel_letter</cl></e> 
<e n='4'> <in>\u0c89</in> <out>u</out> <cl>vowel_letter</cl></e> 
<e n='5'> <in>\u0c8a</in> <out>U</out> <cl>vowel_letter</cl></e> 
<e n='6'> <in>\u0c8b</in> <out>f</out> <cl>vowel_letter</cl></e> 
<e n='7'> <in>\u0ce0</in> <out>F</out> <cl>vowel_letter</cl></e> 
<e n='8'> <in>\u0c8c</in> <out>x</out> <cl>vowel_letter</cl></e> 
<e n='9'> <in>\u0ce1</in> <out>X</out> <cl>vowel_letter</cl></e> 
<e n='10'> <in>\u0c8f</in> <out>e</out> <cl>vowel_letter</cl></e> 
<e n='11'> <in>\u0c90</in> <out>E</out> <cl>vowel_letter</cl></e> 
<e n='12'> <in>\u0c93</in> <out>o</out> <cl>vowel_letter</cl></e> 
<e n='13'> <in>\u0c94</in> <out>O</out> <cl>vowel_letter</cl></e> 

<e n='14'> <in>\u0c82</in> <out>M</out> <cl>vowel_modifier</cl></e>
<e n='15'> <in>\u0c83</in> <out>H</out> <cl>vowel_modifier</cl></e>

<e n='19'> <in>\u0cbd</in> <out>'</out> <cl>punctuation</cl></e> 

<e n='22'> <in>\u0ccd</in> <out></out> <key>virama.1</key> <cl>virama</cl></e>	<!-- note that out is the empty string -->

<e n='23'> <in>\u0cbe</in> <out>A</out> <cl>vowel_sign</cl></e> 
<e n='24'> <in>\u0cbf</in> <out>i</out> <cl>vowel_sign</cl></e> 
<e n='25'> <in>\u0cc0</in> <out>I</out> <cl>vowel_sign</cl></e> 
<e n='26'> <in>\u0cc1</in> <out>u</out> <cl>vowel_sign</cl></e> 
<e n='27'> <in>\u0cc2</in> <out>U</out> <cl>vowel_sign</cl></e> 
<e n='28'> <in>\u0cc3</in> <out>f</out> <cl>vowel_sign</cl></e> 
<e n='29'> <in>\u0cc4</in> <out>F</out> <cl>vowel_sign</cl></e> 
<e n='30'> <in>\u0ce2</in> <out>x</out> <cl>vowel_sign</cl></e> 
<e n='31'> <in>\u0ce3</in> <out>X</out> <cl>vowel_sign</cl></e> 
<e n='32'> <in>\u0cc7</in> <out>e</out> <cl>vowel_sign</cl></e> 
<e n='32b'> <in>\u0cc6</in> <out>e1</out> <cl>vowel_sign</cl></e> 
<e n='33'> <in>\u0cc8</in> <out>E</out> <cl>vowel_sign</cl></e> 
<e n='34'> <in>\u0ccb</in> <out>o</out> <cl>vowel_sign</cl></e> 
<e n='34b'> <in>\u0cca</in> <out>o1</out> <cl>vowel_sign</cl></e> 
<e n='35'> <in>\u0ccc</in> <out>O</out> <cl>vowel_sign</cl></e> 

<!-- if a consonant is **not** followed by a vowel sign or a virama, then include schwa-->
<e n='36'> <in>\u0c95</in> <ctx card='+' dir='after' x='n'>$vowel_sign$virama</ctx> <out>ka</out> <cl>consonent_schwa</cl></e> 
<e n='37'> <in>\u0c96</in> <ctx card='+' dir='after' x='n'>$vowel_sign$virama</ctx> <out>Ka</out> <cl>consonent_schwa</cl></e> 
<e n='38'> <in>\u0c97</in> <ctx card='+' dir='after' x='n'>$vowel_sign$virama</ctx> <out>ga</out> <cl>consonent_schwa</cl></e> 
<e n='39'> <in>\u0c98</in> <ctx card='+' dir='after' x='n'>$vowel_sign$virama</ctx> <out>Ga</out> <cl>consonent_schwa</cl></e> 
<e n='40'> <in>\u0c99</in> <ctx card='+' dir='after' x='n'>$vowel_sign$virama</ctx> <out>Na</out> <cl>consonent_schwa</cl></e> 
<e n='41'> <in>\u0c9a</in> <ctx card='+' dir='after' x='n'>$vowel_sign$virama</ctx> <out>ca</out> <cl>consonent_schwa</cl></e> 
<e n='42'> <in>\u0c9b</in> <ctx card='+' dir='after' x='n'>$vowel_sign$virama</ctx> <out>Ca</out> <cl>consonent_schwa</cl></e> 
<e n='43'> <in>\u0c9c</in> <ctx card='+' dir='after' x='n'>$vowel_sign$virama</ctx> <out>ja</out> <cl>consonent_schwa</cl></e> 
<e n='44'> <in>\u0c9d</in> <ctx card='+' dir='after' x='n'>$vowel_sign$virama</ctx> <out>Ja</out> <cl>consonent_schwa</cl></e> 
<e n='45'> <in>\u0c9e</in> <ctx card='+' dir='after' x='n'>$vowel_sign$virama</ctx> <out>Ya</out> <cl>consonent_schwa</cl></e> 
<e n='46'> <in>\u0c9f</in> <ctx card='+' dir='after' x='n'>$vowel_sign$virama</ctx> <out>wa</out> <cl>consonent_schwa</cl></e> 
<e n='47'> <in>\u0ca0</in> <ctx card='+' dir='after' x='n'>$vowel_sign$virama</ctx> <out>Wa</out> <cl>consonent_schwa</cl></e> 
<e n='48'> <in>\u0ca1</in> <ctx card='+' dir='after' x='n'>$vowel_sign$virama</ctx> <out>qa</out> <cl>consonent_schwa</cl></e> 
<e n='49'> <in>\u0ca2</in> <ctx card='+' dir='after' x='n'>$vowel_sign$virama</ctx> <out>Qa</out> <cl>consonent_schwa</cl></e> 
<e n='50'> <in>\u0ca3</in> <ctx card='+' dir='after' x='n'>$vowel_sign$virama</ctx> <out>Ra</out> <cl>consonent_schwa</cl></e> 
<e n='51'> <in>\u0ca4</in> <ctx card='+' dir='after' x='n'>$vowel_sign$virama</ctx> <out>ta</out> <cl>consonent_schwa</cl></e> 
<e n='52'> <in>\u0ca5</in> <ctx card='+' dir='after' x='n'>$vowel_sign$virama</ctx> <out>Ta</out> <cl>consonent_schwa</cl></e> 
<e n='53'> <in>\u0ca6</in> <ctx card='+' dir='after' x='n'>$vowel_sign$virama</ctx> <out>da</out> <cl>consonent_schwa</cl></e> 
<e n='54'> <in>\u0ca7</in> <ctx card='+' dir='after' x='n'>$vowel_sign$virama</ctx> <out>Da</out> <cl>consonent_schwa</cl></e> 
<e n='55'> <in>\u0ca8</in> <ctx card='+' dir='after' x='n'>$vowel_sign$virama</ctx> <out>na</out> <cl>consonent_schwa</cl></e> 
<e n='56'> <in>\u0caa</in> <ctx card='+' dir='after' x='n'>$vowel_sign$virama</ctx> <out>pa</out> <cl>consonent_schwa</cl></e> 
<e n='57'> <in>\u0cab</in> <ctx card='+' dir='after' x='n'>$vowel_sign$virama</ctx> <out>Pa</out> <cl>consonent_schwa</cl></e> 
<e n='58'> <in>\u0cac</in> <ctx card='+' dir='after' x='n'>$vowel_sign$virama</ctx> <out>ba</out> <cl>consonent_schwa</cl></e> 
<e n='59'> <in>\u0cad</in> <ctx card='+' dir='after' x='n'>$vowel_sign$virama</ctx> <out>Ba</out> <cl>consonent_schwa</cl></e> 
<e n='60'> <in>\u0cae</in> <ctx card='+' dir='after' x='n'>$vowel_sign$virama</ctx> <out>ma</out> <cl>consonent_schwa</cl></e> 
<e n='61'> <in>\u0caf</in> <ctx card='+' dir='after' x='n'>$vowel_sign$virama</ctx> <out>ya</out> <cl>consonent_schwa</cl></e> 
<e n='62'> <in>\u0cb0</in> <ctx card='+' dir='after' x='n'>$vowel_sign$virama</ctx> <out>ra</out> <cl>consonent_schwa</cl></e> 
<e n='63'> <in>\u0cb2</in> <ctx card='+' dir='after' x='n'>$vowel_sign$virama</ctx> <out>la</out> <cl>consonent_schwa</cl></e> 
<e n='64'> <in>\u0cb3</in> <ctx card='+' dir='after' x='n'>$vowel_sign$virama</ctx> <out>La</out> <cl>consonent_schwa</cl></e> 
<e n='66'> <in>\u0cb5</in> <ctx card='+' dir='after' x='n'>$vowel_sign$virama</ctx> <out>va</out> <cl>consonent_schwa</cl></e> 
<e n='67'> <in>\u0cb6</in> <ctx card='+' dir='after' x='n'>$vowel_sign$virama</ctx> <out>Sa</out> <cl>consonent_schwa</cl></e> 
<e n='68'> <in>\u0cb7</in> <ctx card='+' dir='after' x='n'>$vowel_sign$virama</ctx> <out>za</out> <cl>consonent_schwa</cl></e> 
<e n='69'> <in>\u0cb8</in> <ctx card='+' dir='after' x='n'>$vowel_sign$virama</ctx> <out>sa</out> <cl>consonent_schwa</cl></e> 
<e n='70'> <in>\u0cb9</in> <ctx card='+' dir='after' x='n'>$vowel_sign$virama</ctx> <out>ha</out> <cl>consonent_schwa</cl></e> 

<!-- If a consonent is followed by a vowel sign then just output the consonent with no schwa. The vowel will be added next-->
<e n='71'> <in>\u0c95</in> <ctx card='+' dir='after' x='y'>$vowel_sign$virama</ctx> <out>k</out> <cl>consonent</cl></e> 
<e n='72'> <in>\u0c96</in> <ctx card='+' dir='after' x='y'>$vowel_sign$virama</ctx> <out>K</out> <cl>consonent</cl></e> 
<e n='73'> <in>\u0c97</in> <ctx card='+' dir='after' x='y'>$vowel_sign$virama</ctx> <out>g</out> <cl>consonent</cl></e> 
<e n='74'> <in>\u0c98</in> <ctx card='+' dir='after' x='y'>$vowel_sign$virama</ctx> <out>G</out> <cl>consonent</cl></e> 
<e n='75'> <in>\u0c99</in> <ctx card='+' dir='after' x='y'>$vowel_sign$virama</ctx> <out>N</out> <cl>consonent</cl></e> 
<e n='76'> <in>\u0c9a</in> <ctx card='+' dir='after' x='y'>$vowel_sign$virama</ctx> <out>c</out> <cl>consonent</cl></e> 
<e n='77'> <in>\u0c9b</in> <ctx card='+' dir='after' x='y'>$vowel_sign$virama</ctx> <out>C</out> <cl>consonent</cl></e> 
<e n='78'> <in>\u0c9c</in> <ctx card='+' dir='after' x='y'>$vowel_sign$virama</ctx> <out>j</out> <cl>consonent</cl></e> 
<e n='79'> <in>\u0c9d</in> <ctx card='+' dir='after' x='y'>$vowel_sign$virama</ctx> <out>J</out> <cl>consonent</cl></e> 
<e n='80'> <in>\u0c9e</in> <ctx card='+' dir='after' x='y'>$vowel_sign$virama</ctx> <out>Y</out> <cl>consonent</cl></e> 
<e n='81'> <in>\u0c9f</in> <ctx card='+' dir='after' x='y'>$vowel_sign$virama</ctx> <out>w</out> <cl>consonent</cl></e> 
<e n='82'> <in>\u0ca0</in> <ctx card='+' dir='after' x='y'>$vowel_sign$virama</ctx> <out>W</out> <cl>consonent</cl></e> 
<e n='83'> <in>\u0ca1</in> <ctx card='+' dir='after' x='y'>$vowel_sign$virama</ctx> <out>q</out> <cl>consonent</cl></e> 
<e n='84'> <in>\u0ca2</in> <ctx card='+' dir='after' x='y'>$vowel_sign$virama</ctx> <out>Q</out> <cl>consonent</cl></e> 
<e n='85'> <in>\u0ca3</in> <ctx card='+' dir='after' x='y'>$vowel_sign$virama</ctx> <out>R</out> <cl>consonent</cl></e> 
<e n='86'> <in>\u0ca4</in> <ctx card='+' dir='after' x='y'>$vowel_sign$virama</ctx> <out>t</out> <cl>consonent</cl></e> 
<e n='87'> <in>\u0ca5</in> <ctx card='+' dir='after' x='y'>$vowel_sign$virama</ctx> <out>T</out> <cl>consonent</cl></e> 
<e n='88'> <in>\u0ca6</in> <ctx card='+' dir='after' x='y'>$vowel_sign$virama</ctx> <out>d</out> <cl>consonent</cl></e> 
<e n='89'> <in>\u0ca7</in> <ctx card='+' dir='after' x='y'>$vowel_sign$virama</ctx> <out>D</out> <cl>consonent</cl></e> 
<e n='90'> <in>\u0ca8</in> <ctx card='+' dir='after' x='y'>$vowel_sign$virama</ctx> <out>n</out> <cl>consonent</cl></e> 
<e n='91'> <in>\u0caa</in> <ctx card='+' dir='after' x='y'>$vowel_sign$virama</ctx> <out>p</out> <cl>consonent</cl></e> 
<e n='92'> <in>\u0cab</in> <ctx card='+' dir='after' x='y'>$vowel_sign$virama</ctx> <out>P</out> <cl>consonent</cl></e> 
<e n='93'> <in>\u0cac</in> <ctx card='+' dir='after' x='y'>$vowel_sign$virama</ctx> <out>b</out> <cl>consonent</cl></e> 
<e n='94'> <in>\u0cad</in> <ctx card='+' dir='after' x='y'>$vowel_sign$virama</ctx> <out>B</out> <cl>consonent</cl></e> 
<e n='95'> <in>\u0cae</in> <ctx card='+' dir='after' x='y'>$vowel_sign$virama</ctx> <out>m</out> <cl>consonent</cl></e> 
<e n='96'> <in>\u0caf</in> <ctx card='+' dir='after' x='y'>$vowel_sign$virama</ctx> <out>y</out> <cl>consonent</cl></e> 
<e n='97'> <in>\u0cb0</in> <ctx card='+' dir='after' x='y'>$vowel_sign$virama</ctx> <out>r</out> <cl>consonent</cl></e> 
<e n='98'> <in>\u0cb2</in> <ctx card='+' dir='after' x='y'>$vowel_sign$virama</ctx> <out>l</out> <cl>consonent</cl></e> 
<e n='99'> <in>\u0cb3</in> <ctx card='+' dir='after' x='y'>$vowel_sign$virama</ctx> <out>L</out> <cl>consonent</cl></e> 
<e n='101'> <in>\u0cb5</in> <ctx card='+' dir='after' x='y'>$vowel_sign$virama</ctx> <out>v</out> <cl>consonent</cl></e> 
<e n='102'> <in>\u0cb6</in> <ctx card='+' dir='after' x='y'>$vowel_sign$virama</ctx> <out>S</out> <cl>consonent</cl></e> 
<e n='103'> <in>\u0cb7</in> <ctx card='+' dir='after' x='y'>$vowel_sign$virama</ctx> <out>z</out> <cl>consonent</cl></e> 
<e n='104'> <in>\u0cb8</in> <ctx card='+' dir='after' x='y'>$vowel_sign$virama</ctx> <out>s</out> <cl>consonent</cl></e> 
<e n='105'> <in>\u0cb9</in> <ctx card='+' dir='after' x='y'>$vowel_sign$virama</ctx> <out>h</out> <cl>consonent</cl></e> 

<e n='106'> <in>\u0ce6</in> <out>0</out> <cl>number</cl></e> 
<e n='107'> <in>\u0ce7</in> <out>1</out> <cl>number</cl></e> 
<e n='108'> <in>\u0ce8</in> <out>2</out> <cl>number</cl></e> 
<e n='109'> <in>\u0ce9</in> <out>3</out> <cl>number</cl></e> 
<e n='110'> <in>\u0cea</in> <out>4</out> <cl>number</cl></e> 
<e n='111'> <in>\u0ceb</in> <out>5</out> <cl>number</cl></e> 
<e n='112'> <in>\u0cec</in> <out>6</out> <cl>number</cl></e> 
<e n='113'> <in>\u0ced</in> <out>7</out> <cl>number</cl></e> 
<e n='114'> <in>\u0cee</in> <out>8</out> <cl>number</cl></e> 
<e n='115'> <in>\u0cef</in> <out>9</out> <cl>number</cl></e> 

<e n='116'> <in>\u0020</in> <out>\u0020</out> <cl>whitespace</cl></e> 
<e n='117'> <in>\u0009</in> <out>\u0009</out> <cl>whitespace</cl></e> 
<e n='118'> <in>\u000d</in> <out>\u000d</out> <cl>whitespace</cl></e> 
<e n='119'> <in>\u000a</in> <out>\u000a</out> <cl>whitespace</cl></e> 

<e n='700'> <in>\u0c80</in> <out>[\u0c80]</out> <comment>reserved</comment> <cl>?</cl> </e>
<e n='700b'> <in>\u0c81</in> <out>[\u0c81]</out> <comment>reserved</comment> <cl>?</cl> </e>
<e n='701'> <in>\u0c84</in> <out>[\u0c84]</out> <comment>reserved</comment> <cl>?</cl> </e>
<e n='702'> <in>\u0c8d</in> <out>[\u0c8d]</out> <comment>reserved</comment> <cl>?</cl> </e>
<e n='702'> <in>\u0c8e</in> <out>[\u0c8e]</out> <comment>kannada letter e</comment> <cl>?</cl> </e>
<e n='703'> <in>\u0c91</in> <out>[\u0c91]</out> <comment>reserved</comment> <cl>?</cl> </e>
<e n='703'> <in>\u0c92</in> <out>[\u0c92]</out> <comment>kannada letter o</comment> <cl>?</cl> </e>
<e n='704'> <in>\u0ca9</in> <out>[\u0ca9]</out> <comment>reserved</comment> <cl>?</cl> </e>
<e n='705'> <in>\u0cb1</in> <out>[\u0cb1]</out> <comment>kannada letter rra</comment> <cl>?</cl> </e>
<e n='706'> <in>\u0cb4</in> <out>[\u0cb4]</out> <comment>reserved</comment> <cl>?</cl> </e>
<e n='707'> <in>\u0cba</in> <out>[\u0cba]</out> <comment>reserved</comment> <cl>?</cl> </e>
<e n='708'> <in>\u0cbb</in> <out>[\u0cbb]</out> <comment>reserved</comment> <cl>?</cl> </e>
<e n='709'> <in>\u0cbc</in> <out>[\u0cbc]</out> <comment>kannada sign nukta</comment> <cl>?</cl> </e>
<e n='710'> <in>\u0cc5</in> <out>[\u0cc5]</out> <comment>reserved</comment> <cl>?</cl> </e>
<e n='711'> <in>\u0cc9</in> <out>[\u0cc9]</out> <comment>reserved</comment> <cl>?</cl> </e>
<e n='712'> <in>\u0cce</in> <out>[\u0cce]</out> <comment>reserved</comment> <cl>?</cl> </e>
<e n='713'> <in>\u0ccf</in> <out>[\u0ccf]</out> <comment>reserved</comment> <cl>?</cl> </e>
<e n='714'> <in>\u0cd0</in> <out>[\u0cd0]</out> <comment>reserved</comment> <cl>?</cl> </e>
<e n='715'> <in>\u0cd1</in> <out>[\u0cd1]</out> <comment>reserved</comment> <cl>?</cl> </e>
<e n='716'> <in>\u0cd2</in> <out>[\u0cd2]</out> <comment>reserved</comment> <cl>?</cl> </e>
<e n='717'> <in>\u0cd3</in> <out>[\u0cd3]</out> <comment>reserved</comment> <cl>?</cl> </e>
<e n='718'> <in>\u0cd4</in> <out>[\u0cd4]</out> <comment>reserved</comment> <cl>?</cl> </e>
<e n='719'> <in>\u0cd5</in> <out>[\u0cd5]</out> <comment>kannada length mark</comment> <cl>?</cl> </e>
<e n='720'> <in>\u0cd6</in> <out>[\u0cd6]</out> <comment>kannada ai length mark</comment> <cl>?</cl> </e>
<e n='721'> <in>\u0cd7</in> <out>[\u0cd7]</out> <comment>reserved</comment> <cl>?</cl> </e>
<e n='722'> <in>\u0cd8</in> <out>[\u0cd8]</out> <comment>reserved</comment> <cl>?</cl> </e>
<e n='723'> <in>\u0cd9</in> <out>[\u0cd9]</out> <comment>reserved</comment> <cl>?</cl> </e>
<e n='724'> <in>\u0cda</in> <out>[\u0cda]</out> <comment>reserved</comment> <cl>?</cl> </e>
<e n='725'> <in>\u0cdb</in> <out>[\u0cdb]</out> <comment>reserved</comment> <cl>?</cl> </e>
<e n='726'> <in>\u0cdc</in> <out>[\u0cdc]</out> <comment>reserved</comment> <cl>?</cl> </e>
<e n='727'> <in>\u0cdd</in> <out>[\u0cdd]</out> <comment>reserved</comment> <cl>?</cl> </e>
<e n='728'> <in>\u0cde</in> <out>[\u0cde]</out> <comment>kannada letter fa</comment> <cl>?</cl> </e>
<e n='729'> <in>\u0cdf</in> <out>[\u0cdf]</out> <comment>reserved</comment> <cl>?</cl> </e>
<e n='730'> <in>\u0ce4</in> <out>[\u0ce4]</out> <comment>reserved</comment> <cl>?</cl> </e>
<e n='731'> <in>\u0ce5</in> <out>[\u0ce5]</out> <comment>reserved</comment> <cl>?</cl> </e>
<e n='732'> <in>\u0cf0</in> <out>[\u0cf0]</out> <comment>reserved</comment> <cl>?</cl> </e>
<e n='733'> <in>\u0cf1</in> <out>[\u0cf1]</out> <comment>kannada sign jihvamuliya</comment> <cl>?</cl> </e>
<e n='734'> <in>\u0cf2</in> <out>[\u0cf2]</out> <comment>kannada sign upadhmaniya</comment> <cl>?</cl> </e>
<e n='735'> <in>\u0cf3</in> <out>[\u0cf3]</out> <comment>reserved</comment> <cl>?</cl> </e>
<e n='736'> <in>\u0cf4</in> <out>[\u0cf4]</out> <comment>reserved</comment> <cl>?</cl> </e>
<e n='737'> <in>\u0cf5</in> <out>[\u0cf5]</out> <comment>reserved</comment> <cl>?</cl> </e>
<e n='738'> <in>\u0cf6</in> <out>[\u0cf6]</out> <comment>reserved</comment> <cl>?</cl> </e>
<e n='739'> <in>\u0cf7</in> <out>[\u0cf7]</out> <comment>reserved</comment> <cl>?</cl> </e>
<e n='740'> <in>\u0cf8</in> <out>[\u0cf8]</out> <comment>reserved</comment> <cl>?</cl> </e>
<e n='741'> <in>\u0cf9</in> <out>[\u0cf9]</out> <comment>reserved</comment> <cl>?</cl> </e>
<e n='742'> <in>\u0cfa</in> <out>[\u0cfa]</out> <comment>reserved</comment> <cl>?</cl> </e>
<e n='743'> <in>\u0cfb</in> <out>[\u0cfb]</out> <comment>reserved</comment> <cl>?</cl> </e>
<e n='744'> <in>\u0cfc</in> <out>[\u0cfc]</out> <comment>reserved</comment> <cl>?</cl> </e>
<e n='745'> <in>\u0cfd</in> <out>[\u0cfd]</out> <comment>reserved</comment> <cl>?</cl> </e>
<e n='746'> <in>\u0cfe</in> <out>[\u0cfe]</out> <comment>reserved</comment> <cl>?</cl> </e>
<e n='747'> <in>\u0cff</in> <out>[\u0cff]</out> <comment>reserved</comment> <cl>?</cl> </e>
</edges>

<buffers>
	<buffer name='atom' action='!!'>
		<member id='?'/>
		<member id='vowel_letter'/>
		<member id='vowel_modifier'/>
		<member id='accent'/>
		<member id='punctuation'/>
		<member id='virama'/>
		<member id='vowel_sign'/>
		<member id='consonent_schwa'/>
		<member id='consonent'/>
		<member id='number'/>
		<member id='whitespace'/>
	</buffer>
</buffers>
</fsm>