<fsm inputType='UTF8' outputType='slp1' version='2' testBlanks='n'>
<!-- http://indology.info/email/members/wujastyk/#x1-120005.2 -->
<edges>
<e n='0'><in>a</in><out>a</out><cl>atom</cl></e>
<e n='1'><in>A</in><out>A</out><cl>atom</cl></e>
<e n='2'><in>i</in><out>i</out><cl>atom</cl></e>
<e n='3'><in>I</in><out>I</out><cl>atom</cl></e>
<e n='4'><in>u</in><out>u</out><cl>atom</cl></e>
<e n='5'><in>U</in><out>U</out><cl>atom</cl></e>
<e n='6'><in>R</in><out>f</out><cl>atom</cl></e>
<e n='6a'><in>lRT</in><out>lfw</out><cl>atom</cl></e><!-- l vocalic r -->
<e n='6b'><in>lRD</in><out>lfq</out><cl>atom</cl></e><!-- l vocalic r -->
<e n='6c'><in>lRN</in><out>lfR</out><cl>atom</cl></e><!-- l vocalic r -->
<e n='6d'><in>lRG</in><out>lfN</out><cl>atom</cl></e><!-- l vocalic r -->
<e n='7'><in>RR</in><out>F</out><cl>atom</cl></e>
<e n='8'><in>lR</in><out>x</out><cl>atom</cl></e><!-- vocalic l -->
<e n='9'><in>lRR</in><out>X</out><cl>atom</cl></e><!-- l vocalic r -->
<e n='10'><in>e</in><out>e</out><cl>atom</cl></e>
<e n='11'><in>ai</in><out>E</out><cl>atom</cl></e>
<e n='12'><in>o</in><out>o</out><cl>atom</cl></e>
<e n='13'><in>au</in><out>O</out><cl>atom</cl></e>
<e n='14'><in>M</in><out>M</out><cl>atom</cl></e>
<e n='15'><in>H</in><out>H</out><cl>atom</cl></e>
<e n='16'><in>k</in><out>k</out><cl>atom</cl></e>
<e n='17'><in>kh</in><out>K</out><cl>atom</cl></e>
<e n='18'><in>g</in><out>g</out><cl>atom</cl></e>
<e n='19'><in>gh</in><out>G</out><cl>atom</cl></e>
<e n='20'><in>G</in><out>N</out><cl>atom</cl></e>
<e n='21'><in>c</in><out>c</out><cl>atom</cl></e>
<e n='22'><in>ch</in><out>C</out><cl>atom</cl></e>
<e n='23'><in>j</in><out>j</out><cl>atom</cl></e>
<e n='24'><in>jh</in><out>J</out><cl>atom</cl></e>
<e n='25'><in>J</in><out>Y</out><cl>atom</cl></e>
<e n='26'><in>T</in><out>w</out><cl>atom</cl></e>
<e n='27'><in>Th</in><out>W</out><cl>atom</cl></e>
<e n='28'><in>D</in><out>q</out><cl>atom</cl></e>
<e n='29'><in>L</in><out>L</out><cl>atom</cl></e>
<e n='30'><in>Dh</in><out>Q</out><cl>atom</cl></e>
<e n='31'><in>Lh</in><out>|</out><cl>atom</cl></e>
<e n='32'><in>N</in><out>R</out><cl>atom</cl></e>
<e n='33'><in>t</in><out>t</out><cl>atom</cl></e>
<e n='34'><in>th</in><out>T</out><cl>atom</cl></e>
<e n='35'><in>d</in><out>d</out><cl>atom</cl></e>
<e n='36'><in>dh</in><out>D</out><cl>atom</cl></e>
<e n='37'><in>n</in><out>n</out><cl>atom</cl></e>
<e n='38'><in>p</in><out>p</out><cl>atom</cl></e>
<e n='39'><in>ph</in><out>P</out><cl>atom</cl></e>
<e n='40'><in>b</in><out>b</out><cl>atom</cl></e>
<e n='41'><in>bh</in><out>B</out><cl>atom</cl></e>
<e n='42'><in>m</in><out>m</out><cl>atom</cl></e>
<e n='43'><in>y</in><out>y</out><cl>atom</cl></e>
<e n='44'><in>r</in><out>r</out><cl>atom</cl></e>
<e n='45'><in>l</in><out>l</out><cl>atom</cl></e>
<e n='46'><in>v</in><out>v</out><cl>atom</cl></e>
<e n='47'><in>z</in><out>S</out><cl>atom</cl></e>
<e n='48'><in>S</in><out>z</out><cl>atom</cl></e>
<e n='49'><in>s</in><out>s</out><cl>atom</cl></e>
<e n='50'><in>h</in><out>h</out><cl>atom</cl></e>
<e n='51'><in>/</in><out>/</out><cl>atom</cl></e>
<e n='52'><in>MMl</in><out>l~</out><cl>atom</cl></e><!-- nasalized l -->
<e n='53'><in>MM</in><out>~</out><cl>atom</cl></e><!-- nasalization -->
<e n='54'><in>\u0009</in><out>\u0009</out><cl>atom</cl></e><!-- tab -->
<e n='55'><in>\u000a</in><out>\u000a</out><cl>atom</cl></e><!-- linefeed -->
<e n='56'><in>\u000d</in><out>\u000d</out><cl>atom</cl></e><!-- CR -->
<e n='57'><in>\u0020</in><out>\u0020</out><cl>atom</cl></e><!-- space -->
<e n='58'><in>0</in><out>0</out><cl>atom</cl></e>
<e n='59'><in>1</in><out>1</out><cl>atom</cl></e>
<e n='60'><in>2</in><out>2</out><cl>atom</cl></e>
<e n='61'><in>3</in><out>3</out><cl>atom</cl></e>
<e n='62'><in>4</in><out>4</out><cl>atom</cl></e>
<e n='63'><in>5</in><out>5</out><cl>atom</cl></e>
<e n='64'><in>6</in><out>6</out><cl>atom</cl></e>
<e n='65'><in>7</in><out>7</out><cl>atom</cl></e>
<e n='66'><in>8</in><out>8</out><cl>atom</cl></e>
<e n='67'><in>9</in><out>9</out><cl>atom</cl></e>
<e n='68'><in>'</in><out>'</out><cl>atom</cl></e>
<e n='69'><in>;</in><out>;</out><cl>atom</cl></e>
<e n='70'><in>-</in><out>-</out><cl>atom</cl></e>

<!-- added to kh_slp1 just for pd data-entry by U. Cologne -->
<!-- special characters -->
<e n='71'><in>|</in><out>.</out><cl>atom</cl></e>
<e n='72'><in>?</in><out>?</out><cl>atom</cl></e>
<e n='73'><in>_</in><out>\</out><cl>atom</cl></e><!-- anudAtta -->
<!-- double underscore in SBr = anudAtta preceding independent svarita in Weber's edition of the SatapaTabrAhmaRa.  See 86 in PassagesYudhisthiraMimamsakaSvarVNew.rtf -->
<e n='74'><in>,</in><out>,</out><cl>atom</cl></e>
<e n='75'><in>!</in><out>!</out><cl>atom</cl></e>
<e n='76'><in>=</in><out>=</out><cl>atom</cl></e>
<e n='77'><in>+</in><out>+</out><cl>atom</cl></e>
<e n='78'><in>*</in><out>*</out><cl>atom</cl></e>
<e n='79'><in>)</in><out>)</out><cl>atom</cl></e>
<e n='80'><in>(</in><out>(</out><cl>atom</cl></e>
<e n='81'><in>[</in><out>[</out><cl>atom</cl></e>
<e n='82'><in>]</in><out>]</out><cl>atom</cl></e>
<e n='83'><in>.</in><out>:</out><cl>atom</cl></e>

<!-- complex accents -->
<e n='84'><in>1_Ø</in><out>^97</out><cl>atom</cl></e><!-- aggravated short svarita -->
<e n='85'><in>3_Ø</in><out>3^97</out><cl>atom</cl></e><!-- aggravated prolonged svarita -->

<!-- upper ascii characters put in XML tags -->
<e n='86'><in>Ö</in><out>...</out><cl>atom</cl></e>
<e n='87'><in>∫</in><out>\u0970</out><cl>atom</cl></e>
<e n='88'><in>Ø</in><out>^</out><cl>atom</cl></e>
<e n='89'><in>M£</in><out>M2</out><cl>atom</cl></e>
</edges>

<!--modifiers> PMS: I don't understand how this translates svaritas from kh to slp1
	<modifier>
		<value>1_Ø</value>
		<descr>aggravated short svarita</descr>
	</modifier>
	<modifier>
		<value>3_Ø</value>
		<descr>aggravated prolonged svarita</descr>
	</modifier>
</modifiers-->

<buffers>
	<buffer name='atoms' action='!!'>
		<member id='atom'/>
	</buffer>
</buffers>

</fsm>