<fsm inputType='UTF-8' outputType='slp1' version='2'>
<edges>
<e n='0'> <in>\u0d05</in> <out>a</out> <cl>vowel_letter</cl></e> 
<e n='1'> <in>\u0d06</in> <out>A</out> <cl>vowel_letter</cl></e> 
<e n='2'> <in>\u0d07</in> <out>i</out> <cl>vowel_letter</cl></e> 
<e n='3'> <in>\u0d08</in> <out>I</out> <cl>vowel_letter</cl></e> 
<e n='4'> <in>\u0d09</in> <out>u</out> <cl>vowel_letter</cl></e> 
<e n='5'> <in>\u0d0a</in> <out>U</out> <cl>vowel_letter</cl></e> 
<e n='6'> <in>\u0d0b</in> <out>f</out> <cl>vowel_letter</cl></e> 
<e n='7'> <in>\u0d60</in> <out>F</out> <cl>vowel_letter</cl></e> 
<e n='8'> <in>\u0d0c</in> <out>x</out> <cl>vowel_letter</cl></e> 
<e n='9'> <in>\u0d61</in> <out>X</out> <cl>vowel_letter</cl></e> 
<e n='10'> <in>\u0d0f</in> <out>e</out> <cl>vowel_letter</cl></e> 
<e n='11'> <in>\u0d10</in> <out>E</out> <cl>vowel_letter</cl></e> 
<e n='12'> <in>\u0d13</in> <out>o</out> <cl>vowel_letter</cl></e> 
<e n='13'> <in>\u0d14</in> <out>O</out> <cl>vowel_letter</cl></e> 

<e n='14'> <in>\u0d02</in> <out>M</out> <cl>vowel_modifier</cl></e>
<e n='15'> <in>\u0d03</in> <out>H</out> <cl>vowel_modifier</cl></e>

<e n='19'> <in>\u0d3d</in> <out>'</out> <cl>punctuation</cl></e> 

<e n='22'> <in>\u0d4d</in> <out></out> <key>virama.1</key> <cl>virama</cl></e>	<!-- note that out is the empty string -->

<e n='23'> <in>\u0d3e</in> <out>A</out> <cl>vowel_sign</cl></e> 
<e n='24'> <in>\u0d3f</in> <out>i</out> <cl>vowel_sign</cl></e> 
<e n='25'> <in>\u0d40</in> <out>I</out> <cl>vowel_sign</cl></e> 
<e n='26'> <in>\u0d41</in> <out>u</out> <cl>vowel_sign</cl></e> 
<e n='27'> <in>\u0d42</in> <out>U</out> <cl>vowel_sign</cl></e> 
<e n='28'> <in>\u0d43</in> <out>f</out> <cl>vowel_sign</cl></e> 
<e n='29'> <in>\u0d44</in> <out>F</out> <cl>vowel_sign</cl></e> 
<e n='30'> <in>\u0d62</in> <out>x</out> <cl>vowel_sign</cl></e> 
<e n='31'> <in>\u0d63</in> <out>X</out> <cl>vowel_sign</cl></e> 
<e n='32'> <in>\u0d47</in> <out>e</out> <cl>vowel_sign</cl></e> 
<e n='33'> <in>\u0d48</in> <out>E</out> <cl>vowel_sign</cl></e> 
<e n='34'> <in>\u0d4b</in> <out>o</out> <cl>vowel_sign</cl></e> 
<e n='35'> <in>\u0d4c</in> <out>O</out> <cl>vowel_sign</cl></e> 

<!-- if a consonant is **not** followed by a vowel sign or a virama, then include schwa-->
<e n='36'> <in>\u0d15</in> <ctx card='+' dir='after' x='n'>$vowel_sign$virama</ctx> <out>ka</out> <cl>consonent_schwa</cl></e> 
<e n='37'> <in>\u0d16</in> <ctx card='+' dir='after' x='n'>$vowel_sign$virama</ctx> <out>Ka</out> <cl>consonent_schwa</cl></e> 
<e n='38'> <in>\u0d17</in> <ctx card='+' dir='after' x='n'>$vowel_sign$virama</ctx> <out>ga</out> <cl>consonent_schwa</cl></e> 
<e n='39'> <in>\u0d18</in> <ctx card='+' dir='after' x='n'>$vowel_sign$virama</ctx> <out>Ga</out> <cl>consonent_schwa</cl></e> 
<e n='40'> <in>\u0d19</in> <ctx card='+' dir='after' x='n'>$vowel_sign$virama</ctx> <out>Na</out> <cl>consonent_schwa</cl></e> 
<e n='41'> <in>\u0d1a</in> <ctx card='+' dir='after' x='n'>$vowel_sign$virama</ctx> <out>ca</out> <cl>consonent_schwa</cl></e> 
<e n='42'> <in>\u0d1b</in> <ctx card='+' dir='after' x='n'>$vowel_sign$virama</ctx> <out>Ca</out> <cl>consonent_schwa</cl></e> 
<e n='43'> <in>\u0d1c</in> <ctx card='+' dir='after' x='n'>$vowel_sign$virama</ctx> <out>ja</out> <cl>consonent_schwa</cl></e> 
<e n='44'> <in>\u0d1d</in> <ctx card='+' dir='after' x='n'>$vowel_sign$virama</ctx> <out>Ja</out> <cl>consonent_schwa</cl></e> 
<e n='45'> <in>\u0d1e</in> <ctx card='+' dir='after' x='n'>$vowel_sign$virama</ctx> <out>Ya</out> <cl>consonent_schwa</cl></e> 
<e n='46'> <in>\u0d1f</in> <ctx card='+' dir='after' x='n'>$vowel_sign$virama</ctx> <out>wa</out> <cl>consonent_schwa</cl></e> 
<e n='47'> <in>\u0d20</in> <ctx card='+' dir='after' x='n'>$vowel_sign$virama</ctx> <out>Wa</out> <cl>consonent_schwa</cl></e> 
<e n='48'> <in>\u0d21</in> <ctx card='+' dir='after' x='n'>$vowel_sign$virama</ctx> <out>qa</out> <cl>consonent_schwa</cl></e> 
<e n='49'> <in>\u0d22</in> <ctx card='+' dir='after' x='n'>$vowel_sign$virama</ctx> <out>Qa</out> <cl>consonent_schwa</cl></e> 
<e n='50'> <in>\u0d23</in> <ctx card='+' dir='after' x='n'>$vowel_sign$virama</ctx> <out>Ra</out> <cl>consonent_schwa</cl></e> 
<e n='51'> <in>\u0d24</in> <ctx card='+' dir='after' x='n'>$vowel_sign$virama</ctx> <out>ta</out> <cl>consonent_schwa</cl></e> 
<e n='52'> <in>\u0d25</in> <ctx card='+' dir='after' x='n'>$vowel_sign$virama</ctx> <out>Ta</out> <cl>consonent_schwa</cl></e> 
<e n='53'> <in>\u0d26</in> <ctx card='+' dir='after' x='n'>$vowel_sign$virama</ctx> <out>da</out> <cl>consonent_schwa</cl></e> 
<e n='54'> <in>\u0d27</in> <ctx card='+' dir='after' x='n'>$vowel_sign$virama</ctx> <out>Da</out> <cl>consonent_schwa</cl></e> 
<e n='55'> <in>\u0d28</in> <ctx card='+' dir='after' x='n'>$vowel_sign$virama</ctx> <out>na</out> <cl>consonent_schwa</cl></e> 
<e n='56'> <in>\u0d2a</in> <ctx card='+' dir='after' x='n'>$vowel_sign$virama</ctx> <out>pa</out> <cl>consonent_schwa</cl></e> 
<e n='57'> <in>\u0d2b</in> <ctx card='+' dir='after' x='n'>$vowel_sign$virama</ctx> <out>Pa</out> <cl>consonent_schwa</cl></e> 
<e n='58'> <in>\u0d2c</in> <ctx card='+' dir='after' x='n'>$vowel_sign$virama</ctx> <out>ba</out> <cl>consonent_schwa</cl></e> 
<e n='59'> <in>\u0d2d</in> <ctx card='+' dir='after' x='n'>$vowel_sign$virama</ctx> <out>Ba</out> <cl>consonent_schwa</cl></e> 
<e n='60'> <in>\u0d2e</in> <ctx card='+' dir='after' x='n'>$vowel_sign$virama</ctx> <out>ma</out> <cl>consonent_schwa</cl></e> 
<e n='61'> <in>\u0d2f</in> <ctx card='+' dir='after' x='n'>$vowel_sign$virama</ctx> <out>ya</out> <cl>consonent_schwa</cl></e> 
<e n='62'> <in>\u0d30</in> <ctx card='+' dir='after' x='n'>$vowel_sign$virama</ctx> <out>ra</out> <cl>consonent_schwa</cl></e> 
<e n='63'> <in>\u0d32</in> <ctx card='+' dir='after' x='n'>$vowel_sign$virama</ctx> <out>la</out> <cl>consonent_schwa</cl></e> 
<e n='64'> <in>\u0d33</in> <ctx card='+' dir='after' x='n'>$vowel_sign$virama</ctx> <out>La</out> <cl>consonent_schwa</cl></e> 
<e n='65'> <in>\u0d34</in> <ctx card='+' dir='after' x='n'>$vowel_sign$virama</ctx> <out>|a</out> <cl>consonent_schwa</cl></e>  
<e n='66'> <in>\u0d35</in> <ctx card='+' dir='after' x='n'>$vowel_sign$virama</ctx> <out>va</out> <cl>consonent_schwa</cl></e> 
<e n='67'> <in>\u0d36</in> <ctx card='+' dir='after' x='n'>$vowel_sign$virama</ctx> <out>Sa</out> <cl>consonent_schwa</cl></e> 
<e n='68'> <in>\u0d37</in> <ctx card='+' dir='after' x='n'>$vowel_sign$virama</ctx> <out>za</out> <cl>consonent_schwa</cl></e> 
<e n='69'> <in>\u0d38</in> <ctx card='+' dir='after' x='n'>$vowel_sign$virama</ctx> <out>sa</out> <cl>consonent_schwa</cl></e> 
<e n='70'> <in>\u0d39</in> <ctx card='+' dir='after' x='n'>$vowel_sign$virama</ctx> <out>ha</out> <cl>consonent_schwa</cl></e> 

<!-- If a consonent is followed by a vowel sign then just output the consonent with no schwa. The vowel will be added next-->
<e n='71'> <in>\u0d15</in> <ctx card='+' dir='after' x='y'>$vowel_sign$virama</ctx> <out>k</out> <cl>consonent</cl></e> 
<e n='72'> <in>\u0d16</in> <ctx card='+' dir='after' x='y'>$vowel_sign$virama</ctx> <out>K</out> <cl>consonent</cl></e> 
<e n='73'> <in>\u0d17</in> <ctx card='+' dir='after' x='y'>$vowel_sign$virama</ctx> <out>g</out> <cl>consonent</cl></e> 
<e n='74'> <in>\u0d18</in> <ctx card='+' dir='after' x='y'>$vowel_sign$virama</ctx> <out>G</out> <cl>consonent</cl></e> 
<e n='75'> <in>\u0d19</in> <ctx card='+' dir='after' x='y'>$vowel_sign$virama</ctx> <out>N</out> <cl>consonent</cl></e> 
<e n='76'> <in>\u0d1a</in> <ctx card='+' dir='after' x='y'>$vowel_sign$virama</ctx> <out>c</out> <cl>consonent</cl></e> 
<e n='77'> <in>\u0d1b</in> <ctx card='+' dir='after' x='y'>$vowel_sign$virama</ctx> <out>C</out> <cl>consonent</cl></e> 
<e n='78'> <in>\u0d1c</in> <ctx card='+' dir='after' x='y'>$vowel_sign$virama</ctx> <out>j</out> <cl>consonent</cl></e> 
<e n='79'> <in>\u0d1d</in> <ctx card='+' dir='after' x='y'>$vowel_sign$virama</ctx> <out>J</out> <cl>consonent</cl></e> 
<e n='80'> <in>\u0d1e</in> <ctx card='+' dir='after' x='y'>$vowel_sign$virama</ctx> <out>Y</out> <cl>consonent</cl></e> 
<e n='81'> <in>\u0d1f</in> <ctx card='+' dir='after' x='y'>$vowel_sign$virama</ctx> <out>w</out> <cl>consonent</cl></e> 
<e n='82'> <in>\u0d20</in> <ctx card='+' dir='after' x='y'>$vowel_sign$virama</ctx> <out>W</out> <cl>consonent</cl></e> 
<e n='83'> <in>\u0d21</in> <ctx card='+' dir='after' x='y'>$vowel_sign$virama</ctx> <out>q</out> <cl>consonent</cl></e> 
<e n='84'> <in>\u0d22</in> <ctx card='+' dir='after' x='y'>$vowel_sign$virama</ctx> <out>Q</out> <cl>consonent</cl></e> 
<e n='85'> <in>\u0d23</in> <ctx card='+' dir='after' x='y'>$vowel_sign$virama</ctx> <out>R</out> <cl>consonent</cl></e> 
<e n='86'> <in>\u0d24</in> <ctx card='+' dir='after' x='y'>$vowel_sign$virama</ctx> <out>t</out> <cl>consonent</cl></e> 
<e n='87'> <in>\u0d25</in> <ctx card='+' dir='after' x='y'>$vowel_sign$virama</ctx> <out>T</out> <cl>consonent</cl></e> 
<e n='88'> <in>\u0d26</in> <ctx card='+' dir='after' x='y'>$vowel_sign$virama</ctx> <out>d</out> <cl>consonent</cl></e> 
<e n='89'> <in>\u0d27</in> <ctx card='+' dir='after' x='y'>$vowel_sign$virama</ctx> <out>D</out> <cl>consonent</cl></e> 
<e n='90'> <in>\u0d28</in> <ctx card='+' dir='after' x='y'>$vowel_sign$virama</ctx> <out>n</out> <cl>consonent</cl></e> 
<e n='91'> <in>\u0d2a</in> <ctx card='+' dir='after' x='y'>$vowel_sign$virama</ctx> <out>p</out> <cl>consonent</cl></e> 
<e n='92'> <in>\u0d2b</in> <ctx card='+' dir='after' x='y'>$vowel_sign$virama</ctx> <out>P</out> <cl>consonent</cl></e> 
<e n='93'> <in>\u0d2c</in> <ctx card='+' dir='after' x='y'>$vowel_sign$virama</ctx> <out>b</out> <cl>consonent</cl></e> 
<e n='94'> <in>\u0d2d</in> <ctx card='+' dir='after' x='y'>$vowel_sign$virama</ctx> <out>B</out> <cl>consonent</cl></e> 
<e n='95'> <in>\u0d2e</in> <ctx card='+' dir='after' x='y'>$vowel_sign$virama</ctx> <out>m</out> <cl>consonent</cl></e> 
<e n='96'> <in>\u0d2f</in> <ctx card='+' dir='after' x='y'>$vowel_sign$virama</ctx> <out>y</out> <cl>consonent</cl></e> 
<e n='97'> <in>\u0d30</in> <ctx card='+' dir='after' x='y'>$vowel_sign$virama</ctx> <out>r</out> <cl>consonent</cl></e> 
<e n='98'> <in>\u0d32</in> <ctx card='+' dir='after' x='y'>$vowel_sign$virama</ctx> <out>l</out> <cl>consonent</cl></e> 
<e n='99'> <in>\u0d33</in> <ctx card='+' dir='after' x='y'>$vowel_sign$virama</ctx> <out>L</out> <cl>consonent</cl></e> 
<e n='100'> <in>\u0d34</in> <ctx card='+' dir='after' x='y'>$vowel_sign$virama</ctx> <out>|</out> <cl>consonent</cl> </e> 
<e n='101'> <in>\u0d35</in> <ctx card='+' dir='after' x='y'>$vowel_sign$virama</ctx> <out>v</out> <cl>consonent</cl></e> 
<e n='102'> <in>\u0d36</in> <ctx card='+' dir='after' x='y'>$vowel_sign$virama</ctx> <out>S</out> <cl>consonent</cl></e> 
<e n='103'> <in>\u0d37</in> <ctx card='+' dir='after' x='y'>$vowel_sign$virama</ctx> <out>z</out> <cl>consonent</cl></e> 
<e n='104'> <in>\u0d38</in> <ctx card='+' dir='after' x='y'>$vowel_sign$virama</ctx> <out>s</out> <cl>consonent</cl></e> 
<e n='105'> <in>\u0d39</in> <ctx card='+' dir='after' x='y'>$vowel_sign$virama</ctx> <out>h</out> <cl>consonent</cl></e> 

<e n='106'> <in>\u0d66</in> <out>0</out> <cl>number</cl></e> 
<e n='107'> <in>\u0d67</in> <out>1</out> <cl>number</cl></e> 
<e n='108'> <in>\u0d68</in> <out>2</out> <cl>number</cl></e> 
<e n='109'> <in>\u0d69</in> <out>3</out> <cl>number</cl></e> 
<e n='110'> <in>\u0d6a</in> <out>4</out> <cl>number</cl></e> 
<e n='111'> <in>\u0d6b</in> <out>5</out> <cl>number</cl></e> 
<e n='112'> <in>\u0d6c</in> <out>6</out> <cl>number</cl></e> 
<e n='113'> <in>\u0d6d</in> <out>7</out> <cl>number</cl></e> 
<e n='114'> <in>\u0d6e</in> <out>8</out> <cl>number</cl></e> 
<e n='115'> <in>\u0d6f</in> <out>9</out> <cl>number</cl></e> 

<e n='116'> <in>\u0020</in> <out>\u0020</out> <cl>whitespace</cl></e> 
<e n='117'> <in>\u0009</in> <out>\u0009</out> <cl>whitespace</cl></e> 
<e n='118'> <in>\u000d</in> <out>\u000d</out> <cl>whitespace</cl></e> 
<e n='119'> <in>\u000a</in> <out>\u000a</out> <cl>whitespace</cl></e> 

<!-- characters not mapped to SLP1-->
<e n='700'> <in>\u0d00</in> <out>[\u0d00]</out> <comment>reserved</comment> <cl>?</cl> </e>
<e n='701'> <in>\u0d01</in> <out>[\u0d01]</out> <comment>reserved</comment> <cl>?</cl> </e>
<e n='702'> <in>\u0d04</in> <out>[\u0d04]</out> <comment>reserved</comment> <cl>?</cl> </e>
<e n='703'> <in>\u0d0d</in> <out>[\u0d0d]</out> <comment>reserved</comment> <cl>?</cl> </e>
<e n='704'> <in>\u0d0e</in> <out>[\u0d0e]</out> <comment>malayalam letter e</comment> <cl>?</cl> </e>
<e n='705'> <in>\u0d11</in> <out>[\u0d11]</out> <comment>reserved</comment> <cl>?</cl> </e>
<e n='706'> <in>\u0d12</in> <out>[\u0d12]</out> <comment>malayalam letter o</comment> <cl>?</cl> </e>
<e n='707'> <in>\u0d29</in> <out>[\u0d29]</out> <comment>reserved</comment> <cl>?</cl> </e>
<e n='708'> <in>\u0d31</in> <out>[\u0d31]</out> <comment>malayalam letter rra</comment> <cl>?</cl> </e>
<e n='709'> <in>\u0d3a</in> <out>[\u0d3a]</out> <comment>reserved</comment> <cl>?</cl> </e>
<e n='710'> <in>\u0d3b</in> <out>[\u0d3b]</out> <comment>reserved</comment> <cl>?</cl> </e>
<e n='711'> <in>\u0d3c</in> <out>[\u0d3c]</out> <comment>reserved</comment> <cl>?</cl> </e>
<e n='712'> <in>\u0d45</in> <out>[\u0d45]</out> <comment>reserved</comment> <cl>?</cl> </e>
<e n='713'> <in>\u0d46</in> <out>[\u0d46]</out> <comment>malayalam vowel sign e</comment> <cl>?</cl> </e>
<e n='714'> <in>\u0d49</in> <out>[\u0d49]</out> <comment>reserved</comment> <cl>?</cl> </e>
<e n='715'> <in>\u0d4a</in> <out>[\u0d4a]</out> <comment>malayalam vowel sign o</comment> <cl>?</cl> </e>
<e n='716'> <in>\u0d4e</in> <out>[\u0d4e]</out> <comment>reserved</comment> <cl>?</cl> </e>
<e n='717'> <in>\u0d4f</in> <out>[\u0d4f]</out> <comment>reserved</comment> <cl>?</cl> </e>
<e n='718'> <in>\u0d50</in> <out>[\u0d50]</out> <comment>reserved</comment> <cl>?</cl> </e>
<e n='719'> <in>\u0d51</in> <out>[\u0d51]</out> <comment>reserved</comment> <cl>?</cl> </e>
<e n='720'> <in>\u0d52</in> <out>[\u0d52]</out> <comment>reserved</comment> <cl>?</cl> </e>
<e n='721'> <in>\u0d53</in> <out>[\u0d53]</out> <comment>reserved</comment> <cl>?</cl> </e>
<e n='722'> <in>\u0d54</in> <out>[\u0d54]</out> <comment>reserved</comment> <cl>?</cl> </e>
<e n='723'> <in>\u0d55</in> <out>[\u0d55]</out> <comment>reserved</comment> <cl>?</cl> </e>
<e n='724'> <in>\u0d56</in> <out>[\u0d56]</out> <comment>reserved</comment> <cl>?</cl> </e>
<e n='725'> <in>\u0d57</in> <out>[\u0d57]</out> <comment>malayalam au length mark</comment> <cl>?</cl> </e>
<e n='726'> <in>\u0d58</in> <out>[\u0d58]</out> <comment>reserved</comment> <cl>?</cl> </e>
<e n='727'> <in>\u0d59</in> <out>[\u0d59]</out> <comment>reserved</comment> <cl>?</cl> </e>
<e n='728'> <in>\u0d5a</in> <out>[\u0d5a]</out> <comment>reserved</comment> <cl>?</cl> </e>
<e n='729'> <in>\u0d5b</in> <out>[\u0d5b]</out> <comment>reserved</comment> <cl>?</cl> </e>
<e n='730'> <in>\u0d5c</in> <out>[\u0d5c]</out> <comment>reserved</comment> <cl>?</cl> </e>
<e n='731'> <in>\u0d5d</in> <out>[\u0d5d]</out> <comment>reserved</comment> <cl>?</cl> </e>
<e n='732'> <in>\u0d5e</in> <out>[\u0d5e]</out> <comment>reserved</comment> <cl>?</cl> </e>
<e n='733'> <in>\u0d5f</in> <out>[\u0d5f]</out> <comment>reserved</comment> <cl>?</cl> </e>
<e n='734'> <in>\u0d64</in> <out>[\u0d64]</out> <comment>reserved 0964 devanagari danda</comment> <cl>?</cl> </e>
<e n='735'> <in>\u0d65</in> <out>[\u0d65]</out> <comment>reserved 0965 devanagari double danda</comment> <cl>?</cl> </e>
<e n='736'> <in>\u0d70</in> <out>[\u0d70]</out> <comment>malayalam number ten</comment> <cl>?</cl> </e>
<e n='737'> <in>\u0d71</in> <out>[\u0d71]</out> <comment>malayalam number one hundred</comment> <cl>?</cl> </e>
<e n='738'> <in>\u0d72</in> <out>[\u0d72]</out> <comment>malayalam number one thousand</comment> <cl>?</cl> </e>
<e n='739'> <in>\u0d73</in> <out>[\u0d73]</out> <comment>malayalam fraction one quarter</comment> <cl>?</cl> </e>
<e n='740'> <in>\u0d74</in> <out>[\u0d74]</out> <comment>malayalam fraction one half</comment> <cl>?</cl> </e>
<e n='741'> <in>\u0d75</in> <out>[\u0d75]</out> <comment>malayalam fraction three quarters</comment> <cl>?</cl> </e>
<e n='742'> <in>\u0d76</in> <out>[\u0d76]</out> <comment>reserved</comment> <cl>?</cl> </e>
<e n='743'> <in>\u0d77</in> <out>[\u0d77]</out> <comment>reserved</comment> <cl>?</cl> </e>
<e n='744'> <in>\u0d78</in> <out>[\u0d78]</out> <comment>reserved</comment> <cl>?</cl> </e>
<e n='745'> <in>\u0d79</in> <out>[\u0d79]</out> <comment>malayalam date mark</comment> <cl>?</cl> </e>
<e n='746'> <in>\u0d7a</in> <out>[\u0d7a]</out> <comment>malayalam letter chillu nn</comment> <cl>?</cl> </e>
<e n='747'> <in>\u0d7b</in> <out>[\u0d7b]</out> <comment>malayalam letter chillu n</comment> <cl>?</cl> </e>
<e n='748'> <in>\u0d7c</in> <out>[\u0d7c]</out> <comment>malayalam letter chillu rr</comment> <cl>?</cl> </e>
<e n='749'> <in>\u0d7d</in> <out>[\u0d7d]</out> <comment>malayalam letter chillu ll</comment> <cl>?</cl> </e>
<e n='750'> <in>\u0d7e</in> <out>[\u0d7e]</out> <comment>malayalam letter chillu l</comment> <cl>?</cl> </e>
<e n='751'> <in>\u0d7f</in> <out>[\u0d7f]</out> <comment>malayalam letter chillu k</comment> <cl>?</cl> </e>
</edges>

<buffers>
	<buffer name='atom' action='!!'>
		<member id='?'/>
		<member id='vowel_letter'/>
		<member id='vowel_modifier'/>
		<member id='accent'/>
		<member id='punctuation'/>
		<member id='virama'/>
		<member id='vowel_sign'/>
		<member id='consonent_schwa'/>
		<member id='consonent'/>
		<member id='number'/>
		<member id='whitespace'/>
	</buffer>
</buffers>
</fsm>