<fsm inputType='UTF-8' outputType='slp1' version='2'>
<!-- PMS 2012-08-09: added uppercase {x} -->
<!-- PMS 2012-08-09: changed double uppercase to uppercase + lowercase for uppercase aspirates -->
<!-- PMS 2012-08-09: corrected retroflex l, lh to l+underdot and vocalic r, l to r, l+underring -->
<!-- PMS 2012-08-09: added jihvamuliya Z and upadhmaniya V -->
<!-- PMS 2012-08-09: regrouped characters in Sanskrit alphabetic order and renumbered -->
<!-- PMS 2012-08-09: identical to romanpre_slp1 but for change of accents from legacy (MW, Whitney, etc.) pre-char to official slp1 post-char -->
<!-- PMS 2012-08-09: accents made live; circuflex maps to svarita; grave to backslash -->
<!-- PMS 2012-08-14: added mapping of simple nasalization and accent modifiers -->
<edges>
<e n='1'> <in>f</in> <out>[f]</out><cl>char</cl></e>
<e n='2'> <in>F</in> <out>[F]</out><cl>char</cl></e>
<e n='3'> <in>x</in> <out>[x]</out><cl>char</cl></e>
<e n='4'> <in>X</in> <out>[X]</out><cl>char</cl></e>
<e n='5'> <in>w</in> <out>[w]</out><cl>char</cl></e>
<e n='6'> <in>W</in> <out>[W]</out><cl>char</cl></e>
<e n='7'> <in>q</in> <out>[q]</out><cl>char</cl></e>
<e n='8'> <in>Q</in> <out>[Q]</out><cl>char</cl></e>
<e n='9'> <in>|</in> <out>[|]</out><cl>char</cl></e>
<e n='10'> <in>z</in> <out>[z]</out><cl>char</cl></e>
<e n='11'> <in>Z</in> <out>[Z]</out><cl>char</cl></e>
<e n='12'> <in>[</in> <out>[[]</out> <cl>char</cl> </e>
<e n='13'> <in>]</in> <out>[]]</out> <cl>char</cl> </e>
<e n='14'> <in>{</in> <out>[{]</out> <cl>char</cl> </e>
<e n='15'> <in>}</in> <out>[}]</out> <cl>char</cl> </e>

<e n='21'> <in>a</in> <out>a</out> <cl>char</cl></e>
<e n='22'> <in>A</in> <out>{a}</out><cl>char</cl></e>
<e n='23'> <in>a\u0304</in> <out>A</out> <cl>char</cl></e>
<e n='24'> <in>A\u0304</in> <out>{A}</out> <cl>char</cl></e>

<e n='25'> <in>i</in> <out>i</out> <cl>char</cl></e>
<e n='26'> <in>I</in> <out>{i}</out> <cl>char</cl></e>
<e n='27'> <in>i\u0304</in> <out>I</out> <cl>char</cl></e>
<e n='28'> <in>I\u0304</in> <out>{I}</out> <cl>char</cl></e>
<!--e n='33'> <in>i\u0308</in> <out>i</out><cl>char</cl></e--><!-- i + dieresis -->
<!--e n='34'> <in>I\u0308</in> <out>{i}</out><cl>char</cl></e--><!-- I + dieresis -->
<!--e n='35'> <in>i\u0304\u0308</in> <out>I</out><cl>char</cl></e--><!-- i + macron + dieresis -->
<!--e n='36'> <in>I\u0304\u0308</in> <out>{I}</out><cl>char</cl></e--><!-- I + macron + dieresis -->

<e n='29'> <in>u</in> <out>u</out> <cl>char</cl></e>
<e n='30'> <in>U</in> <out>{u}</out> <cl>char</cl></e>
<e n='31'> <in>u\u0304</in> <out>U</out> <cl>char</cl></e>
<e n='32'> <in>U\u0304</in> <out>{U}</out> <cl>char</cl></e>
<!--e n='33'> <in>u\u0308</in> <out>u</out><cl>char</cl></e--><!-- u + dieresis -->
<!--e n='34'> <in>U\u0308</in> <out>{u}</out><cl>char</cl></e--><!-- U + dieresis -->
<!--e n='35'> <in>u\u0304\u0308</in> <out>U</out><cl>char</cl></e--><!-- u + macron + dieresis -->
<!--e n='36'> <in>U\u0304\u0308</in> <out>{U}</out><cl>char</cl></e--><!-- U + macron + dieresis -->

<e n='37'> <in>r\u0325</in> <out>f</out> <cl>char</cl></e>
<e n='38'> <in>R\u0325</in> <out>{f}</out> <cl>char</cl></e>
<e n='39'> <in>r\u0325\u0304</in> <out>F</out> <cl>char</cl></e>
<e n='40'> <in>R\u0325\u0304</in> <out>{F}</out> <cl>char</cl></e>
<!-- \u0325 combining ring below + \u0304 macron -->

<e n='41'> <in>l\u0325</in> <out>x</out> <cl>char</cl></e>
<e n='42'> <in>L\u0325</in> <out>{x}</out> <cl>char</cl></e>
<e n='43'> <in>l\u0325\u0304</in> <out>X</out> <cl>char</cl></e>
<e n='44'> <in>L\u0325\u0304</in> <out>{X}</out> <cl>char</cl></e>
<!-- \u0325 combining ring below + \u0304 macron -->

<e n='45'> <in>e</in> <out>e</out> <cl>char</cl></e>
<e n='46'> <in>E</in> <out>{e}</out> <cl>char</cl></e>
<e n='47'> <in>ai</in> <out>E</out> <cl>char</cl></e>
<e n='48'> <in>Ai</in> <out>{E}</out> <cl>char</cl></e>

<e n='49'> <in>o</in> <out>o</out> <cl>char</cl></e>
<e n='50'> <in>O</in> <out>{o}</out> <cl>char</cl></e>
<e n='51'> <in>au</in> <out>O</out> <cl>char</cl></e>
<e n='52'> <in>Au</in> <out>{O}</out> <cl>char</cl></e>

<e n='53'> <in>k</in> <out>k</out> <cl>char</cl></e>
<e n='54'> <in>K</in> <out>{k}</out> <cl>char</cl></e>
<e n='55'> <in>kh</in> <out>K</out> <cl>char</cl></e>
<e n='56'> <in>Kh</in> <out>{K}</out> <cl>char</cl></e>
<e n='57'> <in>g</in> <out>g</out> <cl>char</cl></e>
<e n='58'> <in>G</in> <out>{g}</out> <cl>char</cl></e>
<e n='59'> <in>gh</in> <out>G</out> <cl>char</cl></e>
<e n='60'> <in>Gh</in> <out>{G}</out> <cl>char</cl></e>
<e n='61'> <in>n\u0307</in> <out>N</out> <cl>char</cl></e>
<e n='62'> <in>N\u0307</in> <out>{N}</out> <cl>char</cl></e>

<e n='63'> <in>c</in> <out>c</out> <cl>char</cl></e>
<e n='64'> <in>C</in> <out>{c}</out> <cl>char</cl></e>
<e n='65'> <in>ch</in> <out>C</out> <cl>char</cl></e>
<e n='66'> <in>Ch</in> <out>{C}</out> <cl>char</cl></e>
<e n='67'> <in>j</in> <out>j</out> <cl>char</cl></e>
<e n='68'> <in>J</in> <out>{j}</out> <cl>char</cl></e>
<e n='69'> <in>jh</in> <out>J</out> <cl>char</cl></e>
<e n='70'> <in>Jh</in> <out>{J}</out> <cl>char</cl></e>
<e n='71'> <in>n\u0303</in> <out>Y</out> <cl>char</cl></e>
<e n='72'> <in>N\u0303</in> <out>{Y}</out> <cl>char</cl></e>
<!-- 0303 combining tilde -->

<e n='73'> <in>t\u0323</in> <out>w</out> <cl>char</cl></e>
<e n='74'> <in>T\u0323</in> <out>{w}</out> <cl>char</cl></e>
<e n='75'> <in>t\u0323h</in> <out>W</out> <cl>char</cl></e>
<e n='76'> <in>T\u0323h</in> <out>{W}</out> <cl>char</cl></e>
<e n='77'> <in>d\u0323</in> <out>q</out> <cl>char</cl></e>
<e n='78'> <in>D\u0323</in> <out>{q}</out> <cl>char</cl></e>
<e n='79'> <in>l\u0323</in> <out>L</out> <cl>char</cl></e><!-- l with dot below -->
<e n='80'> <in>L\u0323</in> <out>{L}</out> <cl>char</cl></e><!-- L with dot below -->
<e n='81'> <in>d\u0323h</in> <out>Q</out> <cl>char</cl></e>
<e n='82'> <in>D\u0323h</in> <out>{Q}</out> <cl>char</cl></e>
<e n='83'> <in>l\u0323h</in> <out>|</out> <cl>char</cl></e><!-- l with dot below + h-->
<e n='84'> <in>L\u0323h</in> <out>{|}</out> <cl>char</cl></e><!-- L with dot below + h-->
<e n='85'> <in>n\u0323</in> <out>R</out> <cl>char</cl></e>
<e n='86'> <in>N\u0323</in> <out>{R}</out> <cl>char</cl></e>
<!-- 0323 dot below -->

<e n='87'> <in>t</in> <out>t</out> <cl>char</cl></e>
<e n='88'> <in>T</in> <out>{t}</out> <cl>char</cl></e>
<e n='89'> <in>th</in> <out>T</out> <cl>char</cl></e>
<e n='90'> <in>Th</in> <out>{T}</out> <cl>char</cl></e>
<e n='91'> <in>d</in> <out>d</out> <cl>char</cl></e>
<e n='92'> <in>D</in> <out>{d}</out> <cl>char</cl></e>
<e n='93'> <in>dh</in> <out>D</out> <cl>char</cl></e>
<e n='94'> <in>Dh</in> <out>{D}</out> <cl>char</cl></e>
<e n='95'> <in>n</in> <out>n</out> <cl>char</cl></e>
<e n='96'> <in>N</in> <out>{n}</out> <cl>char</cl></e>

<e n='97'> <in>p</in> <out>p</out> <cl>char</cl></e>
<e n='98'> <in>P</in> <out>{p}</out> <cl>char</cl></e>
<e n='99'> <in>ph</in> <out>P</out> <cl>char</cl></e>
<e n='100'> <in>Ph</in> <out>{P}</out> <cl>char</cl></e>
<e n='101'> <in>b</in> <out>b</out> <cl>char</cl></e>
<e n='102'> <in>B</in> <out>{b}</out> <cl>char</cl></e>
<e n='103'> <in>bh</in> <out>B</out> <cl>char</cl></e>
<e n='104'> <in>Bh</in> <out>{B}</out> <cl>char</cl></e>
<e n='105'> <in>m</in> <out>m</out> <cl>char</cl></e>
<e n='106'> <in>M</in> <out>{m}</out> <cl>char</cl></e>

<e n='107'> <in>y</in> <out>y</out> <cl>char</cl></e>
<e n='108'> <in>Y</in> <out>{y}</out> <cl>char</cl></e>
<e n='109'> <in>r</in> <out>r</out> <cl>char</cl></e>
<e n='110'> <in>R</in> <out>{r}</out> <cl>char</cl></e>
<e n='111'> <in>l</in> <out>l</out> <cl>char</cl></e>
<e n='112'> <in>L</in> <out>{l}</out> <cl>char</cl></e>
<e n='113'> <in>v</in> <out>v</out> <cl>char</cl></e>
<e n='114'> <in>V</in> <out>{v}</out> <cl>char</cl></e>

<e n='115'> <in>s\u0301</in> <out>S</out> <cl>char</cl></e>
<e n='116'> <in>S\u0301</in> <out>{S}</out> <cl>char</cl></e>
<!-- 0301 acute accent -->
<e n='117'> <in>s\u0323</in> <out>z</out> <cl>char</cl></e>
<e n='118'> <in>S\u0323</in> <out>{z}</out> <cl>char</cl></e>
<!-- 0323 dot below -->
<e n='119'> <in>s</in> <out>s</out> <cl>char</cl></e>
<e n='120'> <in>S</in> <out>{s}</out> <cl>char</cl></e>
<e n='121'> <in>h</in> <out>h</out> <cl>char</cl></e>
<e n='122'> <in>H</in> <out>{h}</out> <cl>char</cl></e>

<e n='123'> <in>h\u0323</in> <out>H</out> <cl>char</cl></e>
<e n='124'> <in>H\u0323</in> <out>{H}</out> <cl>char</cl></e><!-- combining dot below -->
<e n='125'> <in>h\u0331</in> <out>Z</out> <cl>char</cl></e>
<e n='126'> <in>H\u0331</in> <out>{Z}</out> <cl>char</cl></e><!-- combining macron below -->
<e n='127'> <in>h\u032c</in> <out>V</out> <cl>char</cl></e>
<e n='128'> <in>H\u032c</in> <out>{V}</out> <cl>char</cl></e><!-- combining caron below -->
<e n='129'> <in>m\u0307</in> <out>M</out> <cl>char</cl></e>
<e n='130'> <in>M\u0307</in> <out>{M}</out> <cl>char</cl></e><!-- combining dot above -->

<e n='131'> <in>\u2019</in> <out>'</out> <cl>char</cl></e><!-- apostrophe (single curly close quote) -->
<e n='132'> <in>\u0303</in> <out>~</out> <cl>char</cl></e><!-- combining tilde -->
<e n='133'> <in>\u0301</in> <out>/</out> <cl>char</cl></e><!-- combining acute -->
<e n='134'> <in>\u0302</in> <out>^</out> <cl>char</cl></e><!-- combining circumflex -->
<e n='135'> <in>\u0300</in> <out>\</out> <cl>char</cl></e><!-- combining grave -->

<e n='136'> <in>\u0020</in> <out>\u0020</out> <cl>char</cl></e>
<e n='137'> <in>\u0009</in> <out>\u0009</out> <cl>char</cl></e>
<e n='138'> <in>\u000d</in> <out>\u000d</out> <cl>char</cl></e>
<e n='139'> <in>\u000a</in> <out>\u000a</out> <cl>char</cl></e>

<e n='140'> <in>-</in> <out>-</out> <cl>char</cl> </e>
<e n='141'> <in>.</in> <out>.</out> <cl>char</cl></e>
<!--e n='142'> <in>,</in> <out>,</out> <cl>char</cl></e-->
<!--e n='143'> <in>;</in> <out>;</out> <cl>char</cl></e-->

<e n='200'> <in>0</in> <out>0</out> <cl>char</cl> </e>
<e n='201'> <in>1</in> <out>1</out> <cl>char</cl> </e>
<e n='202'> <in>2</in> <out>2</out> <cl>char</cl> </e>
<e n='203'> <in>3</in> <out>3</out> <cl>char</cl> </e>
<e n='204'> <in>4</in> <out>4</out> <cl>char</cl> </e>
<e n='205'> <in>5</in> <out>5</out> <cl>char</cl> </e>
<e n='206'> <in>6</in> <out>6</out> <cl>char</cl> </e>
<e n='207'> <in>7</in> <out>7</out> <cl>char</cl> </e>
<e n='208'> <in>8</in> <out>8</out> <cl>char</cl> </e>
<e n='209'> <in>9</in> <out>9</out> <cl>char</cl> </e>

<!-- accents follow LIES spec of slp1 -->
<!--e n='300'> <in></in> <out>\</out> </e-->
<!-- acute accent mapped to forward slash -->
<e n='301'> <in>a\u0301</in> <out>a/</out> <cl>char</cl> </e>
<e n='302'> <in>i\u0301</in> <out>i/</out> <cl>char</cl> </e>
<e n='303'> <in>u\u0301</in> <out>u/</out> <cl>char</cl> </e>
<e n='304'> <in>r\u0325\u0301</in> <out>f/</out> <cl>char</cl> </e><!-- r + combining ring below + acute -->
<e n='305'> <in>l\u0325\u0301</in> <out>x/</out> <cl>char</cl> </e><!-- l + combining ring below + acute -->
<e n='306'> <in>a\u0304\u0301</in> <out>A/</out> <cl>char</cl> </e>
<e n='307'> <in>i\u0304\u0301</in> <out>I/</out> <cl>char</cl> </e>
<e n='308'> <in>u\u0304\u0301</in> <out>U/</out> <cl>char</cl> </e>
<e n='309'> <in>r\u0325\u0304\u0301</in> <out>F/</out> <cl>char</cl> </e><!-- r + combining ring below + macron + acute -->
<e n='310'> <in>l\u0325\u0304\u0301</in> <out>X/</out> <cl>char</cl> </e><!-- l + combining ring below + macron + acute -->
<e n='311'> <in>e\u0301</in> <out>e/</out> <cl>char</cl> </e>
<e n='312'> <in>o\u0301</in> <out>o/</out> <cl>char</cl> </e>
<e n='313'> <in>ai\u0301</in> <out>E/</out> <cl>char</cl> </e>
<e n='314'> <in>au\u0301</in> <out>O/</out> <cl>char</cl> </e>

<!-- circumflex accent mapped to circumflex -->
<e n='315'> <in>a\u0302</in> <out>a^</out> <cl>char</cl> </e>
<e n='316'> <in>i\u0302</in> <out>i^</out> <cl>char</cl> </e>
<e n='317'> <in>u\u0302</in> <out>u^</out> <cl>char</cl> </e>
<e n='318'> <in>r\u0325\u0302</in> <out>f^</out> <cl>char</cl> </e><!-- r + combining ring below + circumflex -->
<e n='319'> <in>l\u0325\u0302</in> <out>x^</out> <cl>char</cl> </e><!-- l + combining ring below + circumflex -->
<e n='320'> <in>a\u0304\u0302</in> <out>A^</out> <cl>char</cl> </e>
<e n='321'> <in>i\u0304\u0302</in> <out>I^</out> <cl>char</cl> </e>
<e n='322'> <in>u\u0304\u0302</in> <out>U^</out> <cl>char</cl> </e>
<e n='323'> <in>r\u0325\u0304\u0302</in> <out>F^</out> <cl>char</cl> </e><!-- r + combining ring below + macron + circumflex -->
<e n='324'> <in>l\u0325\u0304\u0302</in> <out>X^</out> <cl>char</cl> </e><!-- l + combining ring below + macron + circumflex -->
<e n='325'> <in>e\u0302</in> <out>e^</out> <cl>char</cl> </e>
<e n='326'> <in>o\u0302</in> <out>o^</out> <cl>char</cl> </e>
<e n='327'> <in>a\u1dcdi</in> <out>E^</out> <cl>char</cl> </e>
<e n='328'> <in>a\u1dcdu</in> <out>O^</out> <cl>char</cl> </e>
<!-- \u1dcd combining double circumflex above -->

<!-- grave accent mark mapped to back slash -->
<e n='329'> <in>a\u0300</in> <out>a\</out> <cl>char</cl> </e>
<e n='330'> <in>i\u0300</in> <out>i\</out> <cl>char</cl> </e>
<e n='331'> <in>u\u0300</in> <out>u\</out> <cl>char</cl> </e>
<e n='332'> <in>r\u0325\u0300</in> <out>f\</out> <cl>char</cl> </e><!-- r + combining ring below + grave -->
<e n='333'> <in>l\u0325\u0300</in> <out>x\</out> <cl>char</cl> </e><!-- l + combining ring below + grave -->
<e n='334'> <in>a\u0304\u0300</in> <out>A\</out> <cl>char</cl> </e>
<e n='335'> <in>i\u0304\u0300</in> <out>I\</out> <cl>char</cl> </e>
<e n='336'> <in>u\u0304\u0300</in> <out>U\</out> <cl>char</cl> </e>
<e n='337'> <in>r\u0325\u0304\u0300</in> <out>F\</out> <cl>char</cl> </e><!-- r + combining ring below + macron + grave -->
<e n='338'> <in>l\u0325\u0304\u0300</in> <out>X\</out> <cl>char</cl> </e><!-- l + combining ring below + macron + grave -->
<e n='339'> <in>e\u0300</in> <out>e\</out> <cl>char</cl> </e>
<e n='340'> <in>o\u0300</in> <out>o\</out> <cl>char</cl> </e>
<e n='341'> <in>ai\u0304</in> <out>E\</out> <cl>char</cl> </e>
<e n='342'> <in>au\u0304</in> <out>O\</out> <cl>char</cl> </e>

<!-- Capital letter accented vowels -->
<!-- acute accent mapped to forward slash -->
<e n='401'> <in>A\u0301</in> <out>{a/}</out> <cl>char</cl> </e>
<e n='402'> <in>I\u0301</in> <out>{i/}</out> <cl>char</cl> </e>
<e n='403'> <in>U\u0301</in> <out>{u/}</out> <cl>char</cl> </e>
<e n='404'> <in>R\u0325\u0301</in> <out>{f/}</out> <cl>char</cl> </e><!-- r + combining ring below + acute -->
<e n='405'> <in>L\u0325\u0301</in> <out>{x/}</out> <cl>char</cl> </e><!-- l + combining ring below + acute -->
<e n='406'> <in>A\u0304\u0301</in> <out>{A/}</out> <cl>char</cl> </e>
<e n='407'> <in>I\u0304\u0301</in> <out>{I/}</out> <cl>char</cl> </e>
<e n='408'> <in>U\u0304\u0301</in> <out>{U/}</out> <cl>char</cl> </e>
<e n='409'> <in>R\u0325\u0304\u0301</in> <out>{F/}</out> <cl>char</cl> </e><!-- r + combining ring below + macron + acute -->
<e n='410'> <in>L\u0325\u0304\u0301</in> <out>{X/}</out> <cl>char</cl> </e><!-- l + combining ring below + macron + acute -->
<e n='411'> <in>E\u0301</in> <out>{e/}</out> <cl>char</cl> </e>
<e n='412'> <in>O\u0301</in> <out>{o/}</out> <cl>char</cl> </e>
<e n='413'> <in>Ai\u0301</in> <out>{E/}</out> <cl>char</cl> </e>
<e n='414'> <in>Au\u0301</in> <out>{O/}</out> <cl>char</cl> </e>

<!-- circumflex accent mapped to svarita -->
<e n='415'> <in>A\u0302</in> <out>{a^}</out> <cl>char</cl> </e>
<e n='416'> <in>I\u0302</in> <out>{i^}</out> <cl>char</cl> </e>
<e n='417'> <in>U\u0302</in> <out>{u^}</out> <cl>char</cl> </e>
<e n='418'> <in>R\u0325\u0302</in> <out>{f^}</out> <cl>char</cl> </e><!-- r + combining ring below + circumflex -->
<e n='419'> <in>L\u0325\u0302</in> <out>{x^}</out> <cl>char</cl> </e><!-- l + combining ring below + circumflex -->
<e n='420'> <in>A\u0304\u0302</in> <out>{A^}</out> <cl>char</cl> </e>
<e n='421'> <in>I\u0304\u0302</in> <out>{I^}</out> <cl>char</cl> </e>
<e n='422'> <in>U\u0304\u0302</in> <out>{U^}</out> <cl>char</cl> </e>
<e n='423'> <in>R\u0325\u0304\u0302</in> <out>{F^}</out> <cl>char</cl> </e><!-- r + combining ring below + macron + circumflex -->
<e n='424'> <in>L\u0325\u0304\u0302</in> <out>{X^}</out> <cl>char</cl> </e><!-- l + combining ring below + macron + circumflex -->
<e n='425'> <in>E\u0302</in> <out>{e^}</out> <cl>char</cl> </e>
<e n='426'> <in>O\u0302</in> <out>{o^}</out> <cl>char</cl> </e>
<e n='427'> <in>A\u1dcdi</in> <out>{E^}</out> <cl>char</cl> </e>
<e n='428'> <in>A\u1dcdu</in> <out>{O^}</out> <cl>char</cl> </e>
<!-- \u1dcd combining double circumflex above -->

<!-- grave accent mark mapped to back slash -->
<e n='429'> <in>A\u0300</in> <out>{a\}</out> <cl>char</cl> </e>
<e n='430'> <in>I\u0300</in> <out>{i\}</out> <cl>char</cl> </e>
<e n='431'> <in>U\u0300</in> <out>{u\}</out> <cl>char</cl> </e>
<e n='432'> <in>R\u0325\u0300</in> <out>{f\}</out> <cl>char</cl> </e><!-- r + combining ring below + grave -->
<e n='433'> <in>L\u0325\u0300</in> <out>{x\}</out> <cl>char</cl> </e><!-- l + combining ring below + grave -->
<e n='434'> <in>A\u0304\u0300</in> <out>{A\}</out> <cl>char</cl> </e>
<e n='435'> <in>I\u0304\u0300</in> <out>{I\}</out> <cl>char</cl> </e>
<e n='436'> <in>U\u0304\u0300</in> <out>{U\}</out> <cl>char</cl> </e>
<e n='437'> <in>R\u0325\u0304\u0300</in> <out>{F\}</out> <cl>char</cl> </e><!-- r + combining ring below + macron + grave -->
<e n='438'> <in>L\u0325\u0304\u0300</in> <out>{X\}</out> <cl>char</cl> </e><!-- l + combining ring below + macron + grave -->
<e n='439'> <in>E\u0300</in> <out>{e\}</out> <cl>char</cl> </e>
<e n='440'> <in>O\u0300</in> <out>{o\}</out> <cl>char</cl> </e>
<e n='441'> <in>Ai\u0304</in> <out>{E\}</out> <cl>char</cl> </e>
<e n='442'> <in>Au\u0304</in> <out>{O\}</out> <cl>char</cl> </e>

<!-- Nasalized vowels and semivowels and the only precomposed nasalized vowel combinations with accents -->
<e n='251'> <in>A\u0303</in> <out>{a~}</out> <cl>char</cl> </e><!-- A + tilde -->
<e n='252'> <in>a\u0303</in> <out>a~</out> <cl>char</cl> </e><!-- a + tilde -->
<e n='253'> <in>I\u0303</in> <out>{i~}</out> <cl>char</cl> </e><!-- I + tilde -->
<e n='254'> <in>i\u0303</in> <out>i~</out> <cl>char</cl> </e><!-- i + tilde -->
<e n='255'> <in>U\u0303</in> <out>{u~}</out> <cl>char</cl> </e><!-- U + tilde -->
<e n='256'> <in>u\u0303</in> <out>u~</out> <cl>char</cl> </e><!-- u + tilde -->
<e n='257'> <in>U\u0303\u0301</in> <out>{u/~}</out> <cl>char</cl> </e><!-- U + tilde + acute -->
<e n='258'> <in>u\u0303\u0301</in> <out>u/~</out> <cl>char</cl> </e><!-- u + tilde + acute -->
<e n='259'> <in>E\u0303</in> <out>{e~}</out> <cl>char</cl> </e><!-- E + tilde -->
<e n='260'> <in>e\u0303</in> <out>e~</out> <cl>char</cl> </e><!-- e + tilde -->
<e n='261'> <in>O\u0303</in> <out>{o~}</out> <cl>char</cl> </e><!-- O + tilde -->
<e n='262'> <in>o\u0303</in> <out>o~</out> <cl>char</cl> </e><!-- o + tilde -->
<e n='263'> <in>O\u0303\u0301</in> <out>{o/~}</out> <cl>char</cl> </e><!-- O + tilde + acute -->
<e n='264'> <in>o\u0303\u0301</in> <out>o/~</out> <cl>char</cl> </e><!-- o + tilde + acute -->
<e n='265'> <in>Ai\u0303</in> <out>{E~}</out> <cl>char</cl> </e><!-- A + i tilde -->
<e n='266'> <in>ai\u0303</in> <out>E~</out> <cl>char</cl> </e><!-- a + i tilde -->
<e n='267'> <in>Au\u0303</in> <out>{O~}</out> <cl>char</cl> </e><!-- A + u tilde -->
<e n='268'> <in>au\u0303</in> <out>O~</out> <cl>char</cl> </e><!-- a + u tilde -->
<e n='269'> <in>Au\u0303\u0301</in> <out>{O/~}</out> <cl>char</cl> </e><!-- A + u + tilde + acute -->
<e n='270'> <in>au\u0303\u0301</in> <out>O/~</out> <cl>char</cl> </e><!-- a + u + tilde + acute -->
<e n='271'> <in>Y\u0303</in> <out>{y~}</out> <cl>char</cl> </e><!-- Y + tilde -->
<e n='272'> <in>y\u0303</in> <out>y~</out> <cl>char</cl> </e><!-- y + tilde -->
<e n='273'> <in>V\u0303</in> <out>{v~}</out> <cl>char</cl> </e><!-- V + tilde -->
<e n='274'> <in>v\u0303</in> <out>v~</out> <cl>char</cl> </e><!-- v + tilde -->
<e n='275'> <in>L\u0303</in> <out>{l~}</out> <cl>char</cl> </e><!-- L + tilde -->
<e n='276'> <in>l\u0303</in> <out>l~</out> <cl>char</cl> </e><!-- l + tilde -->

<!-- Missing other nasalized vowel combinations with accents -->
</edges>
<buffers>
	<buffer name='chars' action='!!'>
		<member id='char'/>
	</buffer>
</buffers>

</fsm>