<fsm inputType='UTF-8' outputType='slp1' version='2'>
<!-- PMS 2012-08-09: added uppercase {x} -->
<!-- PMS 2012-08-09: changed double uppercase to uppercase + lowercase for uppercase aspirates -->
<!-- PMS 2012-08-09: added comments for future correction of retroflex l, lh to l+underdot and vocalic r, l to r, l+underring -->
<!-- PMS 2012-08-09: added jihvamuliya Z and upadhmaniya V -->
<!-- PMS 2012-08-09: regrouped characters in Sanskrit alphabetic order and renumbered -->
<!-- PMS 2012-08-09: identical to roman_slp1 but for change of accents to legacy (MW, Whitney, etc.) pre-char rather than official slp1 post-char, and the sequences for pre-poning the tilde -->
<!-- PMS 2012-08-09: accents made live; legacy ` for svarita remains commented out -->
<edges>
<e n='1'> <in>f</in> <out>[f]</out><cl>char</cl></e>
<e n='2'> <in>F</in> <out>[F]</out><cl>char</cl></e>
<e n='3'> <in>x</in> <out>[x]</out><cl>char</cl></e>
<e n='4'> <in>X</in> <out>[X]</out><cl>char</cl></e>
<e n='5'> <in>Z</in> <out>[Z]</out><cl>char</cl></e>
<e n='6'> <in>w</in> <out>[w]</out><cl>char</cl></e>
<e n='7'> <in>W</in> <out>[W]</out><cl>char</cl></e>
<e n='8'> <in>q</in> <out>[q]</out><cl>char</cl></e>
<e n='9'> <in>Q</in> <out>[Q]</out><cl>char</cl></e>
<e n='10'> <in>|</in> <out>[|]</out><cl>char</cl></e>
<e n='11'> <in>z</in> <out>[z]</out><cl>char</cl></e>
<e n='12'> <in>[</in> <out>[[]</out> <cl>char</cl> </e>
<e n='13'> <in>]</in> <out>[]]</out> <cl>char</cl> </e>
<e n='14'> <in>{</in> <out>[{]</out> <cl>char</cl> </e>
<e n='15'> <in>}</in> <out>[}]</out> <cl>char</cl> </e>

<e n='21'> <in>a</in> <out>a</out> <cl>char</cl></e>
<e n='22'> <in>A</in> <out>{a}</out><cl>char</cl></e>
<e n='23'> <in>\u0101</in> <out>A</out> <cl>char</cl></e>
<e n='24'> <in>\u0100</in> <out>{A}</out> <cl>char</cl></e>

<e n='25'> <in>i</in> <out>i</out> <cl>char</cl></e>
<e n='26'> <in>I</in> <out>{i}</out> <cl>char</cl></e>
<e n='27'> <in>\u012b</in> <out>I</out> <cl>char</cl></e>
<e n='28'> <in>\u012a</in> <out>{I}</out> <cl>char</cl></e>

<e n='29'> <in>u</in> <out>u</out> <cl>char</cl></e>
<e n='30'> <in>U</in> <out>{u}</out> <cl>char</cl></e>
<e n='31'> <in>\u016b</in> <out>U</out> <cl>char</cl></e>
<e n='32'> <in>\u016a</in> <out>{U}</out> <cl>char</cl></e>
<!-- e n='33'> <in>\u00fc</in> <out>u</out><cl>char</cl></e-->
<!-- 34 Latin lowercase letter u with diaeresis \u00fc -->
<!-- e n='35'> <in>\u00dc</in> <out>{u}</out><cl>char</cl></e-->
<!-- 36 Latin uppercase letter U with diaeresis \u00dc -->

<e n='37'> <in>\u1e5b</in> <out>f</out> <cl>char</cl></e><!-- lowercase letter r with dot below -->
<e n='38'> <in>\u1e5a</in> <out>{f}</out> <cl>char</cl></e><!-- uppercase letter R with dot below -->
<e n='39'> <in>\u1e5d</in> <out>F</out> <cl>char</cl></e><!-- lowercase letter r with dot below and macron -->
<e n='40'> <in>\u1e5c</in> <out>{F}</out> <cl>char</cl></e><!-- uppercase letter R with dot below and macron -->

<e n='41'> <in>\u1e37</in> <out>x</out> <cl>char</cl></e><!-- lowercase letter l with dot below -->
<e n='42'> <in>\u1e36</in> <out>{x}</out> <cl>char</cl></e><!-- uppercase letter L with dot below -->
<e n='43'> <in>\u1e39</in> <out>X</out> <cl>char</cl></e><!-- lowercase letter l with dot below and macron -->
<e n='44'> <in>\u1e38</in> <out>{X}</out> <cl>char</cl></e><!-- uppercase letter L with dot below and macron -->
<!-- the 8 preceding use solid dot below instead of official slp1 \u0339 combining ring below -->

<e n='45'> <in>e</in> <out>e</out> <cl>char</cl></e>
<e n='46'> <in>E</in> <out>{e}</out> <cl>char</cl></e>
<e n='47'> <in>ai</in> <out>E</out> <cl>char</cl></e>
<e n='48'> <in>Ai</in> <out>{E}</out> <cl>char</cl></e>

<e n='49'> <in>o</in> <out>o</out> <cl>char</cl></e>
<e n='50'> <in>O</in> <out>{o}</out> <cl>char</cl></e>
<e n='51'> <in>au</in> <out>O</out> <cl>char</cl></e>
<e n='52'> <in>Au</in> <out>{O}</out> <cl>char</cl></e>

<e n='53'> <in>k</in> <out>k</out> <cl>char</cl></e>
<e n='54'> <in>K</in> <out>{k}</out> <cl>char</cl></e>
<e n='55'> <in>kh</in> <out>K</out> <cl>char</cl></e>
<e n='56'> <in>Kh</in> <out>{K}</out> <cl>char</cl></e>
<e n='57'> <in>g</in> <out>g</out> <cl>char</cl></e>
<e n='58'> <in>G</in> <out>{g}</out> <cl>char</cl></e>
<e n='59'> <in>gh</in> <out>G</out> <cl>char</cl></e>
<e n='60'> <in>Gh</in> <out>{G}</out> <cl>char</cl></e>
<e n='61'> <in>\u1e45</in> <out>N</out> <cl>char</cl></e>
<e n='62'> <in>\u1e44</in> <out>{N}</out> <cl>char</cl></e>

<e n='63'> <in>c</in> <out>c</out> <cl>char</cl></e>
<e n='64'> <in>C</in> <out>{c}</out> <cl>char</cl></e>
<e n='65'> <in>ch</in> <out>C</out> <cl>char</cl></e>
<e n='66'> <in>Ch</in> <out>{C}</out> <cl>char</cl></e>
<e n='67'> <in>j</in> <out>j</out> <cl>char</cl></e>
<e n='68'> <in>J</in> <out>{j}</out> <cl>char</cl></e>
<e n='69'> <in>jh</in> <out>J</out> <cl>char</cl></e>
<e n='70'> <in>Jh</in> <out>{J}</out> <cl>char</cl></e>
<e n='71'> <in>\u00f1</in> <out>Y</out> <cl>char</cl></e>
<e n='72'> <in>\u00d1</in> <out>{Y}</out> <cl>char</cl></e>

<e n='73'> <in>\u1e6d</in> <out>w</out> <cl>char</cl></e>
<e n='74'> <in>\u1e6c</in> <out>{w}</out> <cl>char</cl></e>
<e n='75'> <in>\u1e6dh</in> <out>W</out> <cl>char</cl></e>
<e n='76'> <in>\u1e6ch</in> <out>{W}</out> <cl>char</cl></e>
<e n='77'> <in>\u1e0d</in> <out>q</out> <cl>char</cl></e>
<e n='78'> <in>\u1e0c</in> <out>{q}</out> <cl>char</cl></e>
<e n='79'> <in>\u1e3b</in> <out>L</out> <cl>char</cl></e>
<e n='80'> <in>\u1e3a</in> <out>{L}</out> <cl>char</cl></e>
<e n='81'> <in>\u1e0dh</in> <out>Q</out> <cl>char</cl></e>
<e n='82'> <in>\u1e0ch</in> <out>{Q}</out> <cl>char</cl></e>
<e n='83'> <in>\u1e3bh</in> <out>|</out> <cl>char</cl></e>
<e n='84'> <in>\u1e3ah</in> <out>{|}</out> <cl>char</cl></e>
<!-- the 2 preceding use macron below; should use
lowercase l with dot below \u1e37
uppercase L with dot below \u1e36 -->
<e n='85'> <in>\u1e47</in> <out>R</out> <cl>char</cl></e>
<e n='86'> <in>\u1e46</in> <out>{R}</out> <cl>char</cl></e>

<e n='87'> <in>t</in> <out>t</out> <cl>char</cl></e>
<e n='88'> <in>T</in> <out>{t}</out> <cl>char</cl></e>
<e n='89'> <in>th</in> <out>T</out> <cl>char</cl></e>
<e n='90'> <in>Th</in> <out>{T}</out> <cl>char</cl></e>
<e n='91'> <in>d</in> <out>d</out> <cl>char</cl></e>
<e n='92'> <in>D</in> <out>{d}</out> <cl>char</cl></e>
<e n='93'> <in>dh</in> <out>D</out> <cl>char</cl></e>
<e n='94'> <in>Dh</in> <out>{D}</out> <cl>char</cl></e>
<e n='95'> <in>n</in> <out>n</out> <cl>char</cl></e>
<e n='96'> <in>N</in> <out>{n}</out> <cl>char</cl></e>

<e n='97'> <in>p</in> <out>p</out> <cl>char</cl></e>
<e n='98'> <in>P</in> <out>{p}</out> <cl>char</cl></e>
<e n='99'> <in>ph</in> <out>P</out> <cl>char</cl></e>
<e n='100'> <in>Ph</in> <out>{P}</out> <cl>char</cl></e>
<e n='101'> <in>b</in> <out>b</out> <cl>char</cl></e>
<e n='102'> <in>B</in> <out>{b}</out> <cl>char</cl></e>
<e n='103'> <in>bh</in> <out>B</out> <cl>char</cl></e>
<e n='104'> <in>Bh</in> <out>{B}</out> <cl>char</cl></e>
<e n='105'> <in>m</in> <out>m</out> <cl>char</cl></e>
<e n='106'> <in>M</in> <out>{m}</out> <cl>char</cl></e>

<e n='107'> <in>y</in> <out>y</out> <cl>char</cl></e>
<e n='108'> <in>Y</in> <out>{y}</out> <cl>char</cl></e>
<e n='109'> <in>r</in> <out>r</out> <cl>char</cl></e>
<e n='110'> <in>R</in> <out>{r}</out> <cl>char</cl></e>
<e n='111'> <in>l</in> <out>l</out> <cl>char</cl></e>
<e n='112'> <in>L</in> <out>{l}</out> <cl>char</cl></e>
<e n='113'> <in>v</in> <out>v</out> <cl>char</cl></e>
<e n='114'> <in>V</in> <out>{v}</out> <cl>char</cl></e>

<e n='115'> <in>\u015b</in> <out>S</out> <cl>char</cl></e>
<e n='116'> <in>\u015a</in> <out>{S}</out> <cl>char</cl></e>
<e n='117'> <in>\u1e63</in> <out>z</out> <cl>char</cl></e>
<e n='118'> <in>\u1e62</in> <out>{z}</out> <cl>char</cl></e>
<e n='119'> <in>s</in> <out>s</out> <cl>char</cl></e>
<e n='120'> <in>S</in> <out>{s}</out> <cl>char</cl></e>
<e n='121'> <in>h</in> <out>h</out> <cl>char</cl></e>
<e n='122'> <in>H</in> <out>{h}</out> <cl>char</cl></e>

<e n='123'> <in>\u1e25</in> <out>H</out> <cl>char</cl></e>
<e n='124'> <in>\u1e24</in> <out>{H}</out> <cl>char</cl></e>
<e n='125'> <in>\u1e96</in> <out>Z</out> <cl>char</cl></e>
<e n='126'> <in>H\u0331</in> <out>{Z}</out> <cl>char</cl></e><!-- combining macron below -->
<e n='127'> <in>h\u032c</in> <out>V</out> <cl>char</cl></e>
<e n='128'> <in>H\u032c</in> <out>{V}</out> <cl>char</cl></e><!-- combining caron below -->
<e n='129'> <in>\u1e43</in> <out>M</out> <cl>char</cl></e>
<e n='130'> <in>\u1e42</in> <out>{M}</out> <cl>char</cl></e>

<e n='131'> <in>'</in> <out>'</out> <cl>char</cl></e>

<!--e n='132'> <in>\u0303</in> <out>~</out> <cl>char</cl></e--><!-- combining tilde -->

<e n='133'> <in>\u0020</in> <out>\u0020</out> <cl>char</cl></e>
<e n='134'> <in>\u0009</in> <out>\u0009</out> <cl>char</cl></e>
<e n='135'> <in>\u000d</in> <out>\u000d</out> <cl>char</cl></e>
<e n='136'> <in>\u000a</in> <out>\u000a</out> <cl>char</cl></e>

<e n='137'> <in>-</in> <out>-</out> <cl>char</cl> </e>
<e n='138'> <in>.</in> <out>.</out> <cl>char</cl></e>
<!--e n='139'> <in>,</in> <out>,</out> <cl>char</cl></e-->
<!--e n='140'> <in>;</in> <out>;</out> <cl>char</cl></e-->

<e n='200'> <in>0</in> <out>0</out> <cl>char</cl> </e>
<e n='201'> <in>1</in> <out>1</out> <cl>char</cl> </e>
<e n='202'> <in>2</in> <out>2</out> <cl>char</cl> </e>
<e n='203'> <in>3</in> <out>3</out> <cl>char</cl> </e>
<e n='204'> <in>4</in> <out>4</out> <cl>char</cl> </e>
<e n='205'> <in>5</in> <out>5</out> <cl>char</cl> </e>
<e n='206'> <in>6</in> <out>6</out> <cl>char</cl> </e>
<e n='207'> <in>7</in> <out>7</out> <cl>char</cl> </e>
<e n='208'> <in>8</in> <out>8</out> <cl>char</cl> </e>
<e n='209'> <in>9</in> <out>9</out> <cl>char</cl> </e>

<!--e n='300'> <in></in> <out>\</out> </e-->
<e n='301'> <in>\u00e1</in> <out>/a</out> <cl>char</cl> </e>
<e n='302'> <in>\u00ed</in> <out>/i</out> <cl>char</cl> </e>
<e n='303'> <in>\u00fa</in> <out>/u</out> <cl>char</cl> </e>
<e n='304'> <in>\u1e5b\u0301</in> <out>/f</out> <cl>char</cl> </e><!-- lowercase letter r with dot below + acute -->
<e n='305'> <in>\u1e37\u0301</in> <out>/x</out> <cl>char</cl> </e><!-- lowercase letter l with dot below + acute -->
<e n='306'> <in>\u0101\u0301</in> <out>/A</out> <cl>char</cl> </e>
<e n='307'> <in>\u012b\u0301</in> <out>/I</out> <cl>char</cl> </e>
<e n='308'> <in>\u016b\u0301</in> <out>/U</out> <cl>char</cl> </e>
<e n='309'> <in>\u1e5d\u0301</in> <out>/F</out> <cl>char</cl> </e><!-- lowercase letter r with dot below and macron + acute -->
<e n='310'> <in>\u1e39\u0301</in> <out>/X</out> <cl>char</cl> </e><!-- lowercase letter l with dot below and macron + acute -->
<e n='311'> <in>\u00e9</in> <out>/e</out> <cl>char</cl> </e>
<e n='312'> <in>\u00f3</in> <out>/o</out> <cl>char</cl> </e>
<e n='313'> <in>a\u00ed</in> <out>/E</out> <cl>char</cl> </e>
<e n='314'> <in>a\u00fa</in> <out>/O</out> <cl>char</cl> </e>

<!-- grave accent mapped to svarita -->
<e n='315'> <in>\u00e0</in> <out>^a</out> <cl>char</cl> </e>
<e n='316'> <in>\u00ec</in> <out>^i</out> <cl>char</cl> </e>
<e n='317'> <in>\u00f9</in> <out>^u</out> <cl>char</cl> </e>
<e n='318'> <in>\u1e5b\u0300</in> <out>^f</out> <cl>char</cl> </e><!-- lowercase letter r with dot below + grave -->
<e n='319'> <in>\u1e37\u0300</in> <out>^x</out> <cl>char</cl> </e><!-- lowercase letter l with dot below + grave -->
<e n='320'> <in>\u0101\u0300</in> <out>^A</out> <cl>char</cl> </e>
<e n='321'> <in>\u012b\u0300</in> <out>^I</out> <cl>char</cl> </e>
<e n='322'> <in>\u016b\u0300</in> <out>^U</out> <cl>char</cl> </e>
<e n='323'> <in>\u1e5d\u0300</in> <out>^F</out> <cl>char</cl> </e><!-- lowercase letter r with dot below and macron + grave -->
<e n='324'> <in>\u1e39\u0300</in> <out>^X</out> <cl>char</cl> </e><!-- lowercase letter l with dot below and macron + grave -->
<e n='325'> <in>\u00e8</in> <out>^e</out> <cl>char</cl> </e>
<e n='326'> <in>\u00f2</in> <out>^o</out> <cl>char</cl> </e>
<e n='327'> <in>a\u00ec</in> <out>^E</out> <cl>char</cl> </e>
<e n='328'> <in>a\u00f9</in> <out>^O</out> <cl>char</cl> </e>

<!-- grave accent mark mapped to grave accent mark
<e n='329'> <in>\u00e0</in> <out>`a</out> <cl>char</cl> </e>
<e n='330'> <in>\u00ec</in> <out>`i</out> <cl>char</cl> </e>
<e n='331'> <in>\u00f9</in> <out>`u</out> <cl>char</cl> </e>
<e n='332'> <in>\u1e5b\u0300</in> <out>`f</out> <cl>char</cl> </e><!-- lowercase letter r with dot below + grave -->
<e n='333'> <in>\u1e37\u0300</in> <out>`x</out> <cl>char</cl> </e><!-- lowercase letter l with dot below + grave -->
<e n='334'> <in>\u0101\u0300</in> <out>`A</out> <cl>char</cl> </e>
<e n='335'> <in>\u012b\u0300</in> <out>`I</out> <cl>char</cl> </e>
<e n='336'> <in>\u016b\u0300</in> <out>`U</out> <cl>char</cl> </e>
<e n='337'> <in>\u1e5d\u0300</in> <out>`F</out> <cl>char</cl> </e><!-- lowercase letter r with dot below and macron + grave -->
<e n='338'> <in>\u1e39\u0300</in> <out>`X</out> <cl>char</cl> </e><!-- lowercase letter l with dot below and macron + grave-->
<e n='339'> <in>\u00e8</in> <out>`e</out> <cl>char</cl> </e>
<e n='340'> <in>\u00f2</in> <out>`o</out> <cl>char</cl> </e>
<e n='341'> <in>a\u00ec</in> <out>`E</out> <cl>char</cl> </e>
<e n='342'> <in>a\u00f9</in> <out>`O</out> <cl>char</cl> </e>
-->

<e n='181'> <in>a\u0303</in> <out>~a</out> <cl>char</cl></e>
<e n='182'> <in>i\u0303</in> <out>~i</out> <cl>char</cl></e>
<e n='183'> <in>u\u0303</in> <out>~u</out> <cl>char</cl></e>
<e n='184'> <in>\u1e5b\u0303</in> <out>~f</out> <cl>char</cl></e><!-- lowercase letter r with dot below + tilde -->
<e n='185'> <in>\u1e37\u0303</in> <out>~x</out> <cl>char</cl></e><!-- lowercase letter l with dot below + tilde -->
<e n='186'> <in>\u0101\u0303</in> <out>~A</out> <cl>char</cl></e>
<e n='187'> <in>\u012b\u0303</in> <out>~I</out> <cl>char</cl></e>
<e n='188'> <in>\u016b\u0303</in> <out>~U</out> <cl>char</cl></e>
<e n='189'> <in>\u1e5d\u0303</in> <out>~F</out> <cl>char</cl></e><!-- lowercase letter r with dot below and macron + tilde -->
<e n='190'> <in>\u1e39\u0303</in> <out>~X</out> <cl>char</cl></e><!-- lowercase letter l with dot below and macron + tilde -->
<e n='191'> <in>e\u0303</in> <out>~e</out> <cl>char</cl></e>
<e n='192'> <in>o\u0303</in> <out>~o</out> <cl>char</cl></e>
<e n='193'> <in>ai\u0303</in> <out>~E</out> <cl>char</cl></e>
<e n='194'> <in>au\u0303</in> <out>~O</out> <cl>char</cl></e>
<e n='195'> <in>y\u0303</in> <out>~y</out> <cl>char</cl></e>
<e n='196'> <in>l\u0303</in> <out>~l</out> <cl>char</cl></e>
<e n='197'> <in>v\u0303</in> <out>~v</out> <cl>char</cl></e>

<!-- Missing capital letter accented and nasalized vowels and semivowels -->
</edges>
<buffers>
	<buffer name='chars' action='!!'>
		<member id='char'/>
	</buffer>
</buffers>

</fsm>