<fsm inputType='UTF-8' outputType='slp1' version='2'>
<!-- PMS 2012-08-09: added uppercase {x} -->
<!-- PMS 2012-08-09: changed double uppercase to uppercase + lowercase for uppercase aspirates -->
<!-- PMS 2012-08-09: corrected retroflex l, lh to l+underdot and vocalic r, l to r, l+underring -->
<!-- PMS 2012-08-09: added jihvamuliya Z and upadhmaniya V -->
<!-- PMS 2012-08-09: regrouped characters in Sanskrit alphabetic order and renumbered -->
<!-- PMS 2012-08-09: identical to romanpre_slp1 but for change of accents from legacy (MW, Whitney, etc.) pre-char to official slp1 post-char -->
<!-- PMS 2012-08-09: accents made live; circuflex maps to svarita; grave to backslash -->
<!-- PMS 2012-08-14: added mapping of simple nasalization and accent modifiers -->
<edges>
<e n='1'> <in>f</in> <out>[f]</out><cl>char</cl></e>
<e n='2'> <in>F</in> <out>[F]</out><cl>char</cl></e>
<e n='3'> <in>x</in> <out>[x]</out><cl>char</cl></e>
<e n='4'> <in>X</in> <out>[X]</out><cl>char</cl></e>
<e n='5'> <in>w</in> <out>[w]</out><cl>char</cl></e>
<e n='6'> <in>W</in> <out>[W]</out><cl>char</cl></e>
<e n='7'> <in>q</in> <out>[q]</out><cl>char</cl></e>
<e n='8'> <in>Q</in> <out>[Q]</out><cl>char</cl></e>
<e n='9'> <in>|</in> <out>[|]</out><cl>char</cl></e>
<e n='10'> <in>z</in> <out>[z]</out><cl>char</cl></e>
<e n='11'> <in>Z</in> <out>[Z]</out><cl>char</cl></e>
<e n='12'> <in>[</in> <out>[[]</out> <cl>char</cl> </e>
<e n='13'> <in>]</in> <out>[]]</out> <cl>char</cl> </e>
<e n='14'> <in>{</in> <out>[{]</out> <cl>char</cl> </e>
<e n='15'> <in>}</in> <out>[}]</out> <cl>char</cl> </e>

<e n='21'> <in>a</in> <out>a</out> <cl>char</cl></e>
<e n='22'> <in>A</in> <out>{a}</out><cl>char</cl></e>
<e n='23'> <in>\u0101</in> <out>A</out> <cl>char</cl></e>
<e n='24'> <in>\u0100</in> <out>{A}</out> <cl>char</cl></e>

<e n='25'> <in>i</in> <out>i</out> <cl>char</cl></e>
<e n='26'> <in>I</in> <out>{i}</out> <cl>char</cl></e>
<e n='27'> <in>\u012b</in> <out>I</out> <cl>char</cl></e>
<e n='28'> <in>\u012a</in> <out>{I}</out> <cl>char</cl></e>
<!--e n='33'> <in>\u00ef</in> <out>i</out><cl>char</cl></e--><!-- i + dieresis -->
<!--e n='34'> <in>\u00cf</in> <out>{i}</out><cl>char</cl></e--><!-- I + dieresis -->
<!--e n='35'> <in>\u012b\u0308</in> <out>I</out><cl>char</cl></e--><!-- i + macron + dieresis -->
<!--e n='36'> <in>\u012a\u0308</in> <out>{I}</out><cl>char</cl></e--><!-- I + macron + dieresis -->

<e n='29'> <in>u</in> <out>u</out> <cl>char</cl></e>
<e n='30'> <in>U</in> <out>{u}</out> <cl>char</cl></e>
<e n='31'> <in>\u016b</in> <out>U</out> <cl>char</cl></e>
<e n='32'> <in>\u016a</in> <out>{U}</out> <cl>char</cl></e>
<!--e n='33'> <in>\u00fc</in> <out>u</out><cl>char</cl></e--><!-- u + dieresis -->
<!--e n='34'> <in>\u00dc</in> <out>{u}</out><cl>char</cl></e--><!-- U + dieresis -->
<!--e n='35'> <in>\u016b\u0308</in> <out>U</out><cl>char</cl></e--><!-- u + macron + dieresis -->
<!--e n='36'> <in>\u016a\u0308</in> <out>{U}</out><cl>char</cl></e--><!-- U + macron + dieresis -->

<e n='37'> <in>r\u0325</in> <out>f</out> <cl>char</cl></e>
<e n='38'> <in>R\u0325</in> <out>{f}</out> <cl>char</cl></e>
<e n='39'> <in>r\u0325\u0304</in> <out>F</out> <cl>char</cl></e>
<e n='40'> <in>R\u0325\u0304</in> <out>{F}</out> <cl>char</cl></e>
<!-- \u0325 combining ring below + \u0304 macron -->

<e n='41'> <in>l\u0325</in> <out>x</out> <cl>char</cl></e>
<e n='42'> <in>L\u0325</in> <out>{x}</out> <cl>char</cl></e>
<e n='43'> <in>l\u0325\u0304</in> <out>X</out> <cl>char</cl></e>
<e n='44'> <in>L\u0325\u0304</in> <out>{X}</out> <cl>char</cl></e>
<!-- \u0325 combining ring below + \u0304 macron -->

<e n='45'> <in>e</in> <out>e</out> <cl>char</cl></e>
<e n='46'> <in>E</in> <out>{e}</out> <cl>char</cl></e>
<e n='47'> <in>ai</in> <out>E</out> <cl>char</cl></e>
<e n='48'> <in>Ai</in> <out>{E}</out> <cl>char</cl></e>

<e n='49'> <in>o</in> <out>o</out> <cl>char</cl></e>
<e n='50'> <in>O</in> <out>{o}</out> <cl>char</cl></e>
<e n='51'> <in>au</in> <out>O</out> <cl>char</cl></e>
<e n='52'> <in>Au</in> <out>{O}</out> <cl>char</cl></e>

<e n='53'> <in>k</in> <out>k</out> <cl>char</cl></e>
<e n='54'> <in>K</in> <out>{k}</out> <cl>char</cl></e>
<e n='55'> <in>kh</in> <out>K</out> <cl>char</cl></e>
<e n='56'> <in>Kh</in> <out>{K}</out> <cl>char</cl></e>
<e n='57'> <in>g</in> <out>g</out> <cl>char</cl></e>
<e n='58'> <in>G</in> <out>{g}</out> <cl>char</cl></e>
<e n='59'> <in>gh</in> <out>G</out> <cl>char</cl></e>
<e n='60'> <in>Gh</in> <out>{G}</out> <cl>char</cl></e>
<e n='61'> <in>\u1e45</in> <out>N</out> <cl>char</cl></e>
<e n='62'> <in>\u1e44</in> <out>{N}</out> <cl>char</cl></e>

<e n='63'> <in>c</in> <out>c</out> <cl>char</cl></e>
<e n='64'> <in>C</in> <out>{c}</out> <cl>char</cl></e>
<e n='65'> <in>ch</in> <out>C</out> <cl>char</cl></e>
<e n='66'> <in>Ch</in> <out>{C}</out> <cl>char</cl></e>
<e n='67'> <in>j</in> <out>j</out> <cl>char</cl></e>
<e n='68'> <in>J</in> <out>{j}</out> <cl>char</cl></e>
<e n='69'> <in>jh</in> <out>J</out> <cl>char</cl></e>
<e n='70'> <in>Jh</in> <out>{J}</out> <cl>char</cl></e>
<e n='71'> <in>\u00f1</in> <out>Y</out> <cl>char</cl></e><!-- n tilde -->
<e n='72'> <in>\u00d1</in> <out>{Y}</out> <cl>char</cl></e><!-- N tilde -->

<e n='73'> <in>\u1e6d</in> <out>w</out> <cl>char</cl></e>
<e n='74'> <in>\u1e6c</in> <out>{w}</out> <cl>char</cl></e>
<e n='75'> <in>\u1e6dh</in> <out>W</out> <cl>char</cl></e>
<e n='76'> <in>\u1e6ch</in> <out>{W}</out> <cl>char</cl></e>
<e n='77'> <in>\u1e0d</in> <out>q</out> <cl>char</cl></e>
<e n='78'> <in>\u1e0c</in> <out>{q}</out> <cl>char</cl></e>
<e n='79'> <in>\u1e37</in> <out>L</out> <cl>char</cl></e><!-- l with dot below -->
<e n='80'> <in>\u1e36</in> <out>{L}</out> <cl>char</cl></e><!-- L with dot below -->
<e n='81'> <in>\u1e0dh</in> <out>Q</out> <cl>char</cl></e>
<e n='82'> <in>\u1e0ch</in> <out>{Q}</out> <cl>char</cl></e>
<e n='83'> <in>\u1e3bh</in> <out>|</out> <cl>char</cl></e><!-- l with dot below + h-->
<e n='84'> <in>\u1e3ah</in> <out>{|}</out> <cl>char</cl></e><!-- L with dot below + h-->
<e n='85'> <in>\u1e47</in> <out>R</out> <cl>char</cl></e>
<e n='86'> <in>\u1e46</in> <out>{R}</out> <cl>char</cl></e>

<e n='87'> <in>t</in> <out>t</out> <cl>char</cl></e>
<e n='88'> <in>T</in> <out>{t}</out> <cl>char</cl></e>
<e n='89'> <in>th</in> <out>T</out> <cl>char</cl></e>
<e n='90'> <in>Th</in> <out>{T}</out> <cl>char</cl></e>
<e n='91'> <in>d</in> <out>d</out> <cl>char</cl></e>
<e n='92'> <in>D</in> <out>{d}</out> <cl>char</cl></e>
<e n='93'> <in>dh</in> <out>D</out> <cl>char</cl></e>
<e n='94'> <in>Dh</in> <out>{D}</out> <cl>char</cl></e>
<e n='95'> <in>n</in> <out>n</out> <cl>char</cl></e>
<e n='96'> <in>N</in> <out>{n}</out> <cl>char</cl></e>

<e n='97'> <in>p</in> <out>p</out> <cl>char</cl></e>
<e n='98'> <in>P</in> <out>{p}</out> <cl>char</cl></e>
<e n='99'> <in>ph</in> <out>P</out> <cl>char</cl></e>
<e n='100'> <in>Ph</in> <out>{P}</out> <cl>char</cl></e>
<e n='101'> <in>b</in> <out>b</out> <cl>char</cl></e>
<e n='102'> <in>B</in> <out>{b}</out> <cl>char</cl></e>
<e n='103'> <in>bh</in> <out>B</out> <cl>char</cl></e>
<e n='104'> <in>Bh</in> <out>{B}</out> <cl>char</cl></e>
<e n='105'> <in>m</in> <out>m</out> <cl>char</cl></e>
<e n='106'> <in>M</in> <out>{m}</out> <cl>char</cl></e>

<e n='107'> <in>y</in> <out>y</out> <cl>char</cl></e>
<e n='108'> <in>Y</in> <out>{y}</out> <cl>char</cl></e>
<e n='109'> <in>r</in> <out>r</out> <cl>char</cl></e>
<e n='110'> <in>R</in> <out>{r}</out> <cl>char</cl></e>
<e n='111'> <in>l</in> <out>l</out> <cl>char</cl></e>
<e n='112'> <in>L</in> <out>{l}</out> <cl>char</cl></e>
<e n='113'> <in>v</in> <out>v</out> <cl>char</cl></e>
<e n='114'> <in>V</in> <out>{v}</out> <cl>char</cl></e>

<e n='115'> <in>\u015b</in> <out>S</out> <cl>char</cl></e>
<e n='116'> <in>\u015a</in> <out>{S}</out> <cl>char</cl></e>
<e n='117'> <in>\u1e63</in> <out>z</out> <cl>char</cl></e>
<e n='118'> <in>\u1e62</in> <out>{z}</out> <cl>char</cl></e>
<e n='119'> <in>s</in> <out>s</out> <cl>char</cl></e>
<e n='120'> <in>S</in> <out>{s}</out> <cl>char</cl></e>
<e n='121'> <in>h</in> <out>h</out> <cl>char</cl></e>
<e n='122'> <in>H</in> <out>{h}</out> <cl>char</cl></e>

<e n='123'> <in>\u1e25</in> <out>H</out> <cl>char</cl></e>
<e n='124'> <in>\u1e24</in> <out>{H}</out> <cl>char</cl></e>
<e n='125'> <in>\u1e96</in> <out>Z</out> <cl>char</cl></e>
<e n='126'> <in>H\u0331</in> <out>{Z}</out> <cl>char</cl></e><!-- combining macron below -->
<e n='127'> <in>h\u032c</in> <out>V</out> <cl>char</cl></e>
<e n='128'> <in>H\u032c</in> <out>{V}</out> <cl>char</cl></e><!-- combining caron below -->
<e n='129'> <in>\u1e41</in> <out>M</out> <cl>char</cl></e>
<e n='130'> <in>\u1e40</in> <out>{M}</out> <cl>char</cl></e><!-- combining dot above -->

<e n='131'> <in>\u2019</in> <out>'</out> <cl>char</cl></e><!-- apostrophe (single curly close quote) -->
<e n='132'> <in>\u0303</in> <out>~</out> <cl>char</cl></e><!-- combining tilde -->
<e n='133'> <in>\u0301</in> <out>/</out> <cl>char</cl></e><!-- combining acute -->
<e n='134'> <in>\u0302</in> <out>^</out> <cl>char</cl></e><!-- combining circumflex -->
<e n='135'> <in>\u0300</in> <out>\</out> <cl>char</cl></e><!-- combining grave -->

<e n='136'> <in>\u0020</in> <out>\u0020</out> <cl>char</cl></e>
<e n='137'> <in>\u0009</in> <out>\u0009</out> <cl>char</cl></e>
<e n='138'> <in>\u000d</in> <out>\u000d</out> <cl>char</cl></e>
<e n='139'> <in>\u000a</in> <out>\u000a</out> <cl>char</cl></e>

<e n='140'> <in>-</in> <out>-</out> <cl>char</cl> </e>
<e n='141'> <in>.</in> <out>.</out> <cl>char</cl></e>
<!--e n='142'> <in>,</in> <out>,</out> <cl>char</cl></e-->
<!--e n='143'> <in>;</in> <out>;</out> <cl>char</cl></e-->

<e n='200'> <in>0</in> <out>0</out> <cl>char</cl> </e>
<e n='201'> <in>1</in> <out>1</out> <cl>char</cl> </e>
<e n='202'> <in>2</in> <out>2</out> <cl>char</cl> </e>
<e n='203'> <in>3</in> <out>3</out> <cl>char</cl> </e>
<e n='204'> <in>4</in> <out>4</out> <cl>char</cl> </e>
<e n='205'> <in>5</in> <out>5</out> <cl>char</cl> </e>
<e n='206'> <in>6</in> <out>6</out> <cl>char</cl> </e>
<e n='207'> <in>7</in> <out>7</out> <cl>char</cl> </e>
<e n='208'> <in>8</in> <out>8</out> <cl>char</cl> </e>
<e n='209'> <in>9</in> <out>9</out> <cl>char</cl> </e>

<!-- accents follow LIES spec of slp1 -->
<!--e n='300'> <in></in> <out>\</out> </e-->
<!-- acute accent mapped to forward slash -->
<e n='301'> <in>\u00e1</in> <out>a/</out> <cl>char</cl> </e>
<e n='302'> <in>\u00ed</in> <out>i/</out> <cl>char</cl> </e>
<e n='303'> <in>\u00fa</in> <out>u/</out> <cl>char</cl> </e>
<e n='304'> <in>\u0155\u0325</in> <out>f/</out> <cl>char</cl> </e><!-- r acute + combining ring below + -->
<e n='305'> <in>\u013a\u0325</in> <out>x/</out> <cl>char</cl> </e><!-- l acute + combining ring below -->
<e n='306'> <in>\u0101\u0301</in> <out>A/</out> <cl>char</cl> </e>
<e n='307'> <in>\u012b\u0301</in> <out>I/</out> <cl>char</cl> </e>
<e n='308'> <in>\u016b\u0301</in> <out>U/</out> <cl>char</cl> </e>
<e n='309'> <in>r\u0325\u0304\u0301</in> <out>F/</out> <cl>char</cl> </e><!-- r + combining ring below + macron + acute -->
<e n='310'> <in>l\u0325\u0304\u0301</in> <out>X/</out> <cl>char</cl> </e><!-- l + combining ring below + macron + acute -->
<e n='311'> <in>\u00e9</in> <out>e/</out> <cl>char</cl> </e>
<e n='312'> <in>\u00f3</in> <out>o/</out> <cl>char</cl> </e>
<e n='313'> <in>a\u00ed</in> <out>E/</out> <cl>char</cl> </e>
<e n='314'> <in>a\u00fa</in> <out>O/</out> <cl>char</cl> </e>

<!-- circumflex accent mapped to circumflex -->
<e n='315'> <in>\u00e2</in> <out>a^</out> <cl>char</cl> </e>
<e n='316'> <in>\u00ee</in> <out>i^</out> <cl>char</cl> </e>
<e n='317'> <in>\u00fb</in> <out>u^</out> <cl>char</cl> </e>
<e n='318'> <in>r\u0325\u0302</in> <out>f^</out> <cl>char</cl> </e><!-- r + combining ring below + circumflex -->
<e n='319'> <in>l\u0325\u0302</in> <out>x^</out> <cl>char</cl> </e><!-- l + combining ring below + circumflex -->
<e n='320'> <in>\u0101\u0302</in> <out>A^</out> <cl>char</cl> </e>
<e n='321'> <in>\u012b\u0302</in> <out>I^</out> <cl>char</cl> </e>
<e n='322'> <in>\u016b\u0302</in> <out>U^</out> <cl>char</cl> </e>
<e n='323'> <in>r\u0325\u0304\u0302</in> <out>F^</out> <cl>char</cl> </e><!-- r + combining ring below + macron + circumflex -->
<e n='324'> <in>l\u0325\u0304\u0302</in> <out>X^</out> <cl>char</cl> </e><!-- l + combining ring below + macron + circumflex -->
<e n='325'> <in>\u00ea</in> <out>e^</out> <cl>char</cl> </e>
<e n='326'> <in>\u00f4</in> <out>o^</out> <cl>char</cl> </e>
<e n='327'> <in>a\u1dcdi</in> <out>E^</out> <cl>char</cl> </e>
<e n='328'> <in>a\u1dcdu</in> <out>O^</out> <cl>char</cl> </e>
<!-- \u1dcd combining double circumflex above -->

<!-- grave accent mark mapped to back slash -->
<e n='329'> <in>\u00e0</in> <out>a\</out> <cl>char</cl> </e>
<e n='330'> <in>\u00ec</in> <out>i\</out> <cl>char</cl> </e>
<e n='331'> <in>\u00f9</in> <out>u\</out> <cl>char</cl> </e>
<e n='332'> <in>r\u0325\u0300</in> <out>f\</out> <cl>char</cl> </e><!-- r + combining ring below + grave -->
<e n='333'> <in>l\u0325\u0300</in> <out>x\</out> <cl>char</cl> </e><!-- l + combining ring below + grave -->
<e n='334'> <in>\u0101\u0300</in> <out>A\</out> <cl>char</cl> </e>
<e n='335'> <in>\u012b\u0300</in> <out>I\</out> <cl>char</cl> </e>
<e n='336'> <in>\u016b\u0300</in> <out>U\</out> <cl>char</cl> </e>
<e n='337'> <in>r\u0325\u0304\u0300</in> <out>F\</out> <cl>char</cl> </e><!-- r + combining ring below + macron + grave -->
<e n='338'> <in>l\u0325\u0304\u0300</in> <out>X\</out> <cl>char</cl> </e><!-- l + combining ring below + macron + grave -->
<e n='339'> <in>\u00e8</in> <out>e\</out> <cl>char</cl> </e>
<e n='340'> <in>\u00f2</in> <out>o\</out> <cl>char</cl> </e>
<e n='341'> <in>a\u00ec</in> <out>E\</out> <cl>char</cl> </e>
<e n='342'> <in>a\u00f9</in> <out>O\</out> <cl>char</cl> </e>

<!-- Capital letter accented vowels -->
<!-- acute accent mapped to forward slash -->
<e n='401'> <in>\u00c1</in> <out>{a/}</out> <cl>char</cl> </e>
<e n='402'> <in>\u00cd</in> <out>{i/}</out> <cl>char</cl> </e>
<e n='403'> <in>\u00da</in> <out>{u/}</out> <cl>char</cl> </e>
<e n='404'> <in>\u0154\u0325</in> <out>{f/}</out> <cl>char</cl> </e><!-- r acute + combining ring below -->
<e n='405'> <in>\u0139\u0325</in> <out>{x/}</out> <cl>char</cl> </e><!-- l acute + combining ring below -->
<e n='406'> <in>\u0100\u0301</in> <out>{A/}</out> <cl>char</cl> </e>
<e n='407'> <in>\u012a\u0301</in> <out>{I/}</out> <cl>char</cl> </e>
<e n='408'> <in>\u016a\u0301</in> <out>{U/}</out> <cl>char</cl> </e>
<e n='409'> <in>R\u0325\u0304\u0301</in> <out>{F/}</out> <cl>char</cl> </e><!-- r + combining ring below + macron + acute -->
<e n='410'> <in>L\u0325\u0304\u0301</in> <out>{X/}</out> <cl>char</cl> </e><!-- l + combining ring below + macron + acute -->
<e n='411'> <in>\u00c9</in> <out>{e/}</out> <cl>char</cl> </e>
<e n='412'> <in>\u00d3</in> <out>{o/}</out> <cl>char</cl> </e>
<e n='413'> <in>A\u00ed</in> <out>{E/}</out> <cl>char</cl> </e>
<e n='414'> <in>A\u00fa</in> <out>{O/}</out> <cl>char</cl> </e>

<!-- circumflex accent mapped to svarita -->
<e n='415'> <in>\u00c2</in> <out>{a^}</out> <cl>char</cl> </e>
<e n='416'> <in>\u00ce</in> <out>{i^}</out> <cl>char</cl> </e>
<e n='417'> <in>\u00db</in> <out>{u^}</out> <cl>char</cl> </e>
<e n='418'> <in>R\u0325\u0302</in> <out>{f^}</out> <cl>char</cl> </e><!-- r + combining ring below + circumflex -->
<e n='419'> <in>L\u0325\u0302</in> <out>{x^}</out> <cl>char</cl> </e><!-- l + combining ring below + circumflex -->
<e n='420'> <in>\u0100\u0302</in> <out>{A^}</out> <cl>char</cl> </e>
<e n='421'> <in>\u012a\u0302</in> <out>{I^}</out> <cl>char</cl> </e>
<e n='422'> <in>\u016a\u0302</in> <out>{U^}</out> <cl>char</cl> </e>
<e n='423'> <in>R\u0325\u0304\u0302</in> <out>{F^}</out> <cl>char</cl> </e><!-- r + combining ring below + macron + circumflex -->
<e n='424'> <in>L\u0325\u0304\u0302</in> <out>{X^}</out> <cl>char</cl> </e><!-- l + combining ring below + macron + circumflex -->
<e n='425'> <in>\u00ca</in> <out>{e^}</out> <cl>char</cl> </e>
<e n='426'> <in>\u00d4</in> <out>{o^}</out> <cl>char</cl> </e>
<e n='427'> <in>A\u1dcdi</in> <out>{E^}</out> <cl>char</cl> </e>
<e n='428'> <in>A\u1dcdu</in> <out>{O^}</out> <cl>char</cl> </e>
<!-- \u1dcd combining double circumflex above -->

<!-- grave accent mark mapped to back slash -->
<e n='429'> <in>\u00c0</in> <out>{a\}</out> <cl>char</cl> </e>
<e n='430'> <in>\u00cc</in> <out>{i\}</out> <cl>char</cl> </e>
<e n='431'> <in>\u00d9</in> <out>{u\}</out> <cl>char</cl> </e>
<e n='432'> <in>R\u0325\u0300</in> <out>{f\}</out> <cl>char</cl> </e><!-- r + combining ring below + grave -->
<e n='433'> <in>L\u0325\u0300</in> <out>{x\}</out> <cl>char</cl> </e><!-- l + combining ring below + grave -->
<e n='434'> <in>\u0100\u0300</in> <out>{A\}</out> <cl>char</cl> </e>
<e n='435'> <in>\u012a\u0300</in> <out>{I\}</out> <cl>char</cl> </e>
<e n='436'> <in>\u016a\u0300</in> <out>{U\}</out> <cl>char</cl> </e>
<e n='437'> <in>R\u0325\u0304\u0300</in> <out>{F\}</out> <cl>char</cl> </e><!-- r + combining ring below + macron + grave -->
<e n='438'> <in>L\u0325\u0304\u0300</in> <out>{X\}</out> <cl>char</cl> </e><!-- l + combining ring below + macron + grave -->
<e n='439'> <in>\u00c8</in> <out>{e\}</out> <cl>char</cl> </e>
<e n='440'> <in>\u00d2</in> <out>{o\}</out> <cl>char</cl> </e>
<e n='441'> <in>A\u00ec</in> <out>{E\}</out> <cl>char</cl> </e>
<e n='442'> <in>A\u00f9</in> <out>{O\}</out> <cl>char</cl> </e>

<!-- Nasalized vowels and semivowels and the only precomposed nasalized vowel combinations with accents -->
<e n='451'> <in>\u00c3</in> <out>{a~}</out> <cl>char</cl> </e><!-- A tilde -->
<e n='452'> <in>\u00e3</in> <out>a~</out> <cl>char</cl> </e><!-- a tilde -->
<e n='453'> <in>\u0128</in> <out>{i~}</out> <cl>char</cl> </e><!-- I tilde -->
<e n='454'> <in>\u0129</in> <out>i~</out> <cl>char</cl> </e><!-- i tilde -->
<e n='455'> <in>\u0168</in> <out>{u~}</out> <cl>char</cl> </e><!-- U tilde -->
<e n='456'> <in>\u0169</in> <out>u~</out> <cl>char</cl> </e><!-- u tilde -->
<e n='457'> <in>\u1e78</in> <out>{u/~}</out> <cl>char</cl> </e><!-- U tilde acute -->
<e n='458'> <in>\u1e79</in> <out>u/~</out> <cl>char</cl> </e><!-- u tilde acute -->
<e n='459'> <in>\u1ebc</in> <out>{e~}</out> <cl>char</cl> </e><!-- E tilde -->
<e n='460'> <in>\u1ebd</in> <out>e~</out> <cl>char</cl> </e><!-- e tilde -->
<e n='461'> <in>\u00d5</in> <out>{o~}</out> <cl>char</cl> </e><!-- O tilde -->
<e n='462'> <in>\u00f5</in> <out>o~</out> <cl>char</cl> </e><!-- o tilde -->
<e n='463'> <in>\u1e4c</in> <out>{o/~}</out> <cl>char</cl> </e><!-- O tilde acute -->
<e n='464'> <in>\u1e4d</in> <out>o/~</out> <cl>char</cl> </e><!-- o tilde acute -->
<e n='465'> <in>A\u0129</in> <out>{E~}</out> <cl>char</cl> </e><!-- A + i tilde -->
<e n='466'> <in>a\u0129</in> <out>E~</out> <cl>char</cl> </e><!-- a + i tilde -->
<e n='467'> <in>A\u0169</in> <out>{O~}</out> <cl>char</cl> </e><!-- A + u tilde -->
<e n='468'> <in>a\u0169</in> <out>O~</out> <cl>char</cl> </e><!-- a + u tilde -->
<e n='469'> <in>A\u1e79</in> <out>{O/~}</out> <cl>char</cl> </e><!-- A + u tilde acute -->
<e n='470'> <in>a\u1e79</in> <out>O/~</out> <cl>char</cl> </e><!-- a + u tilde acute -->
<e n='471'> <in>\u1ef8</in> <out>{y~}</out> <cl>char</cl> </e><!-- Y tilde -->
<e n='472'> <in>\u1ef9</in> <out>y~</out> <cl>char</cl> </e><!-- y tilde -->
<e n='473'> <in>\u1e7c</in> <out>{v~}</out> <cl>char</cl> </e><!-- V tilde -->
<e n='474'> <in>\u1e7d</in> <out>v~</out> <cl>char</cl> </e><!-- v tilde -->
<e n='475'> <in>L\u0303</in> <out>{l~}</out> <cl>char</cl> </e><!-- L + tilde -->
<e n='476'> <in>l\u0303</in> <out>l~</out> <cl>char</cl> </e><!-- l + tilde -->

<!-- Missing other nasalized vowel combinations with accents -->
</edges>
<buffers>
	<buffer name='chars' action='!!'>
		<member id='char'/>
	</buffer>
</buffers>
</fsm>