<fsm inputType='UTF-8' outputType='slp1' version='2' testBlanks='n'>
<!-- http://indology.info/email/members/wujastyk/#x1-120005.2 -->
<edges>
<e n='0'>  <in>a</in> <out>a</out> <cl>atom</cl> </e>
<e n='1'>  <in>aa</in> <out>A</out> <cl>atom</cl> </e>
<e n='2'>  <in>i</in> <out>i</out> <cl>atom</cl> </e>
<e n='3'>  <in>ii</in> <out>I</out> <cl>atom</cl> </e>
<e n='4'>  <in>u</in> <out>u</out> <cl>atom</cl> </e>
<e n='5'>  <in>uu</in> <out>U</out> <cl>atom</cl> </e>
<e n='6a'> <in>R^i</in> <out>f</out> <cl>atom</cl></e>
<e n='6b'> <in>R^ii</in> <out>F</out> <cl>atom</cl></e>
<e n='8'>  <in>e</in> <out>e</out> <cl>atom</cl> </e>
<e n='9'> <in>ai</in> <out>E</out> <cl>atom</cl></e>
<e n='10'>  <in>o</in> <out>o</out> <cl>atom</cl> </e>
<e n='11'> <in>au</in> <out>O</out> <cl>atom</cl></e>
<e n='12'> <in>M</in> <out>M</out> <cl>atom</cl> </e>
<e n='13'> <in>H</in> <out>H</out> <cl>atom</cl> </e>
<e n='14'> <in>k</in> <out>k</out> <cl>atom</cl></e>
<e n='15'> <in>kh</in> <out>K</out> <cl>atom</cl></e>
<e n='16'> <in>g</in> <out>g</out> <cl>atom</cl></e>
<e n='17'> <in>gh</in> <out>G</out> <cl>atom</cl></e>
<e n='18'> <in>N^</in> <out>N</out> <cl>atom</cl></e>
<e n='19'> <in>ch</in> <out>c</out> <cl>atom</cl></e>
<e n='20'> <in>chh</in> <out>C</out> <cl>atom</cl></e>
<e n='21'> <in>j</in> <out>j</out> <cl>atom</cl></e>
<e n='22'> <in>jh</in> <out>J</out> <cl>atom</cl></e>
<e n='23a'> <in>GY</in> <out>jY</out> <cl>atom</cl></e>
<e n='23b'> <in>JN</in> <out>Y</out> <cl>atom</cl></e>
<e n='24'> <in>T</in> <out>w</out> <cl>atom</cl></e>
<e n='25'> <in>Th</in> <out>W</out> <cl>atom</cl></e>
<e n='26'> <in>D</in> <out>q</out> <cl>atom</cl></e>
<e n='27'> <in>Dh</in> <out>Q</out> <cl>atom</cl></e>
<e n='28'> <in>N</in> <out>R</out> <cl>atom</cl></e>
<e n='29'> <in>t</in> <out>t</out> <cl>atom</cl></e>
<e n='30'> <in>th</in> <out>T</out> <cl>atom</cl></e>
<e n='31'> <in>d</in> <out>d</out> <cl>atom</cl></e>
<e n='32'> <in>dh</in> <out>D</out> <cl>atom</cl></e>
<e n='33'> <in>n</in> <out>n</out> <cl>atom</cl></e>
<e n='34'> <in>p</in> <out>p</out> <cl>atom</cl></e>
<e n='35'> <in>ph</in> <out>P</out> <cl>atom</cl></e>
<e n='36'> <in>b</in> <out>b</out> <cl>atom</cl></e>
<e n='37'> <in>bh</in> <out>B</out> <cl>atom</cl></e>
<e n='38'> <in>m</in> <out>m</out> <cl>atom</cl></e>
<e n='39'> <in>y</in> <out>y</out> <cl>atom</cl> </e>
<e n='40'> <in>r</in> <out>r</out> <cl>atom</cl> </e>
<e n='41'> <in>l</in> <out>l</out> <cl>atom</cl> </e>
<e n='42'> <in>v</in> <out>v</out> <cl>atom</cl> </e>
<e n='43'> <in>sh</in> <out>S</out> <cl>atom</cl></e>
<e n='44'> <in>shh</in> <out>z</out> <cl>atom</cl></e>
<e n='45'> <in>s</in> <out>s</out> <cl>atom</cl></e>
<e n='46'> <in>h</in> <out>h</out> <cl>atom</cl></e>

<e n='52'> <in>\u0009</in> <out>\u0009</out> <cl>atom</cl> </e>
<e n='53'> <in>\u000a</in> <out>\u000a</out> <cl>atom</cl> </e>
<e n='54'> <in>\u000d</in> <out>\u000d</out> <cl>atom</cl> </e>
<e n='55'> <in>\u0020</in> <out>\u0020</out> <cl>atom</cl> </e>

<e n='60'> <in>0</in> <out>0</out> <cl>atom</cl> </e>
<e n='61'> <in>1</in> <out>1</out> <cl>atom</cl> </e>
<e n='62'> <in>2</in> <out>2</out> <cl>atom</cl> </e>
<e n='63'> <in>3</in> <out>3</out> <cl>atom</cl> </e>
<e n='64'> <in>4</in> <out>4</out> <cl>atom</cl> </e>
<e n='65'> <in>5</in> <out>5</out> <cl>atom</cl> </e>
<e n='66'> <in>6</in> <out>6</out> <cl>atom</cl> </e>
<e n='67'> <in>7</in> <out>7</out> <cl>atom</cl> </e>
<e n='68'> <in>8</in> <out>8</out> <cl>atom</cl> </e>
<e n='69'> <in>9</in> <out>9</out> <cl>atom</cl> </e>

<e n='70'> <in>.</in> <out>.</out> <cl>atom</cl> </e>
<!-- <e n='71'> <in>|</in> <out>.</out> <cl>atom</cl> </e> -->

</edges>

<buffers>
	<buffer name='atoms' action='!!'>
		<member id='atom'/>
	</buffer>
</buffers>

</fsm>