<fsm  inputType='slp1' outputType='UTF-8' version='2' capitalsSupported='y'>
<!-- Modifiers precede instead of follow in reverse slp1 order -->
<!-- Anything in brackets will be passed through with brackets removed. -->
<!-- PMS 2012-08-09: changed double uppercase to uppercase + lowercase for uppercase aspirates -->
<!-- PMS 2012-08-09: added comments for future correction of retroflex l, lh to l+underdot and vocalic r, l to r, l+underring -->
<!-- PMS 2012-08-09: added jihvamuliya Z and upadhmaniya V -->
<!-- PMS 2012-08-09: regrouped characters in Sanskrit alphabetic order and renumbered -->
<!-- PMS 2012-08-09: identical to slp1_roman but for change of accents to legacy (MW, Whitney, etc.) pre-char rather than official slp1 post-char, and the sequences for pre-poning the tilde -->
<!-- PMS 2012-08-09: still includes legacy ` for svarita -->
<edges>
<e n='0'> <in>a</in> <out>a</out> <cl>char</cl></e>
<e n='1'> <in>{a}</in> <out>A</out> <cl>char</cl></e>
<e n='2'> <in>A</in> <out>\u0101</out> <cl>char</cl></e>
<e n='3'> <in>{A}</in> <out>\u0100</out> <cl>char</cl></e>

<e n='4'> <in>i</in> <out>i</out> <cl>char</cl></e>
<e n='5'> <in>{i}</in> <out>I</out> <cl>char</cl></e>
<e n='6'> <in>I</in> <out>\u012b</out> <cl>char</cl></e>
<e n='7'> <in>{I}</in>  <out>\u012a</out> <cl>char</cl></e>

<e n='8'> <in>u</in> <out>u</out> <cl>char</cl></e>
<e n='9'> <in>{u}</in> <out>U</out> <cl>char</cl></e>
<e n='10'> <in>U</in> <out>\u016b</out> <cl>char</cl></e>
<e n='11'> <in>{U}</in> <out>\u016a</out> <cl>char</cl></e>
<!-- Preceded by a vowel -->
<!-- Latin lowercase letter u with diaeresis \u00fc -->
<!-- Latin uppercase letter U with diaeresis \u00dc -->

<e n='12'> <in>f</in> <out>\u1e5b</out> <cl>char</cl></e><!-- lowercase letter r with dot below -->
<e n='13'> <in>{f}</in> <out>\u1e5a</out> <cl>char</cl></e><!-- uppercase letter R with dot below -->
<e n='14'> <in>F</in> <out>\u1e5d</out> <cl>char</cl></e><!-- lowercase letter r with dot below and macron -->
<e n='15'> <in>{F}</in> <out>\u1e5c</out> <cl>char</cl></e><!-- uppercase letter R with dot below and macron -->

<e n='16'> <in>x</in> <out>\u1e37</out> <cl>char</cl></e><!-- lowercase letter l with dot below -->
<e n='17'> <in>{x}</in>  <out>\u1e36</out> <cl>char</cl></e><!-- uppercase letter L with dot below -->
<e n='18'> <in>X</in> <out>\u1e39</out> <cl>char</cl></e><!-- lowercase letter l with dot below and macron -->
<e n='19'> <in>{X}</in>  <out>\u1e38</out> <cl>char</cl></e><!-- uppercase letter L with dot below and macron -->
<!-- the 8 preceding use solid dot below instead of official slp1 \u0325 combining ring below -->

<e n='20'> <in>e</in> <out>e</out> <cl>char</cl></e>
<e n='21'> <in>{e}</in> <out>E</out> <cl>char</cl></e>
<e n='22'> <in>E</in> <out>ai</out> <cl>char</cl></e>
<e n='23'> <in>{E}</in>  <out>Ai</out> <cl>char</cl></e>

<e n='24'> <in>o</in> <out>o</out> <cl>char</cl></e>
<e n='25'> <in>{o}</in> <out>O</out> <cl>char</cl></e>
<e n='26'> <in>O</in> <out>au</out> <cl>char</cl></e>
<e n='27'> <in>{O}</in>  <out>Au</out> <cl>char</cl></e>

<e n='28'> <in>k</in> <out>k</out> <cl>char</cl></e>
<e n='29'> <in>{k}</in> <out>K</out> <cl>char</cl></e>
<e n='30'> <in>K</in> <out>kh</out> <cl>char</cl></e>
<e n='31'> <in>{K}</in>  <out>Kh</out> <cl>char</cl></e>
<e n='32'> <in>g</in> <out>g</out> <cl>char</cl></e>
<e n='33'> <in>{g}</in> <out>G</out> <cl>char</cl></e>
<e n='34'> <in>G</in> <out>gh</out> <cl>char</cl></e>
<e n='35'> <in>{G}</in>  <out>Gh</out> <cl>char</cl></e>
<e n='36'> <in>N</in> <out>\u1e45</out> <cl>char</cl></e>
<e n='37'> <in>{N}</in>  <out>\u1e44</out> <cl>char</cl></e>

<e n='38'> <in>c</in> <out>c</out> <cl>char</cl></e>
<e n='39'> <in>{c}</in> <out>C</out> <cl>char</cl></e>
<e n='40'> <in>C</in> <out>ch</out> <cl>char</cl></e>
<e n='41'> <in>{C}</in>  <out>Ch</out> <cl>char</cl></e>
<e n='42'> <in>j</in> <out>j</out> <cl>char</cl></e>
<e n='43'> <in>{j}</in> <out>J</out> <cl>char</cl></e>
<e n='44'> <in>J</in> <out>jh</out> <cl>char</cl></e>
<e n='45'> <in>{J}</in>  <out>Jh</out> <cl>char</cl></e>
<e n='46'> <in>Y</in> <out>\u00f1</out> <cl>char</cl></e>
<e n='47'> <in>{Y}</in>  <out>\u00d1</out> <cl>char</cl></e>

<e n='48'> <in>w</in> <out>\u1e6d</out> <cl>char</cl></e>
<e n='49'> <in>{w}</in>  <out>\u1e6c</out> <cl>char</cl></e>
<e n='50'> <in>W</in> <out>\u1e6dh</out> <cl>char</cl></e>
<e n='51'> <in>{W}</in>  <out>\u1e6ch</out> <cl>char</cl></e>
<e n='52'> <in>q</in> <out>\u1e0d</out> <cl>char</cl></e>
<e n='53'> <in>{q}</in>  <out>\u1e0c</out> <cl>char</cl></e>
<e n='54'> <in>L</in> <out>\u1e3b</out> <cl>char</cl></e><!-- lowercase l with macron below -->
<e n='55'> <in>{L}</in>  <out>\u1e3a</out> <cl>char</cl></e><!-- uppercase L with macron below -->
<!-- the 2 preceding use macron below instead of official slp1
lowercase l with dot below \u1e37
uppercase L with dot below \u1e36 -->
<e n='56'> <in>Q</in> <out>\u1e0dh</out> <cl>char</cl></e>
<e n='57'> <in>{Q}</in>  <out>\u1e0ch</out> <cl>char</cl></e>
<e n='58'> <in>|</in> <out>\u1e3bh</out> <cl>char</cl></e><!-- lowercase l with macron below + h-->
<e n='59'> <in>{|}</in>  <out>\u1e3ah</out> <cl>char</cl></e><!-- uppercase L with macron below + h-->
<!-- the 2 preceding use macron below instead of official slp1
lowercase l with dot below \u1e37
uppercase L with dot below \u1e36 -->
<e n='60'> <in>R</in> <out>\u1e47</out> <cl>char</cl></e>
<e n='61'> <in>{R}</in>  <out>\u1e46</out> <cl>char</cl></e>

<e n='62'> <in>t</in> <out>t</out> <cl>char</cl></e>
<e n='63'> <in>{t}</in> <out>T</out> <cl>char</cl></e>
<e n='64'> <in>T</in> <out>th</out> <cl>char</cl></e>
<e n='65'> <in>{T}</in>  <out>Th</out> <cl>char</cl></e>
<e n='66'> <in>d</in> <out>d</out> <cl>char</cl></e>
<e n='67'> <in>{d}</in> <out>D</out> <cl>char</cl></e>
<e n='68'> <in>D</in> <out>dh</out> <cl>char</cl></e>
<e n='69'> <in>{D}</in>  <out>Dh</out> <cl>char</cl></e>
<e n='70'> <in>n</in> <out>n</out> <cl>char</cl></e>
<e n='71'> <in>{n}</in> <out>N</out> <cl>char</cl></e>

<e n='72'> <in>p</in> <out>p</out> <cl>char</cl></e>
<e n='73'> <in>{p}</in> <out>P</out> <cl>char</cl></e>
<e n='74'> <in>P</in> <out>ph</out> <cl>char</cl></e>
<e n='75'> <in>{P}</in>  <out>Ph</out> <cl>char</cl></e>
<e n='76'> <in>b</in> <out>b</out> <cl>char</cl></e>
<e n='77'> <in>{b}</in> <out>B</out> <cl>char</cl></e>
<e n='78'> <in>B</in> <out>bh</out> <cl>char</cl></e>
<e n='79'> <in>{B}</in>  <out>Bh</out> <cl>char</cl></e>
<e n='80'> <in>m</in> <out>m</out> <cl>char</cl></e>
<e n='81'> <in>{m}</in> <out>M</out> <cl>char</cl></e>

<e n='82'> <in>y</in> <out>y</out> <cl>char</cl></e>
<e n='83'> <in>{y}</in> <out>Y</out> <cl>char</cl></e>
<e n='84'> <in>r</in> <out>r</out> <cl>char</cl></e>
<e n='85'> <in>{r}</in> <out>R</out> <cl>char</cl></e>
<e n='86'> <in>l</in> <out>l</out> <cl>char</cl></e>
<e n='87'> <in>{l}</in> <out>L</out> <cl>char</cl></e>
<e n='88'> <in>v</in> <out>v</out> <cl>char</cl></e>
<e n='89'> <in>{v}</in> <out>V</out> <cl>char</cl></e>

<e n='90'> <in>S</in> <out>\u015b</out> <cl>char</cl></e>
<e n='91'> <in>{S}</in>  <out>\u015a</out> <cl>char</cl></e>
<e n='92'> <in>z</in> <out>\u1e63</out> <cl>char</cl></e>
<e n='93'> <in>{z}</in>  <out>\u1e62</out> <cl>char</cl></e>
<e n='94'> <in>s</in> <out>s</out> <cl>char</cl></e>
<e n='95'> <in>{s}</in> <out>S</out> <cl>char</cl></e>
<e n='96'> <in>h</in> <out>h</out> <cl>char</cl></e>
<e n='97'> <in>{h}</in> <out>H</out> <cl>char</cl></e>

<e n='98'> <in>H</in> <out>\u1e25</out> <cl>char</cl></e>
<e n='99'> <in>{H}</in>  <out>\u1e24</out> <cl>char</cl></e>
<e n='100'> <in>Z</in> <out>\u1e96</out> <cl>char</cl></e>
<e n='101'> <in>{Z}</in> <out>H\u0331</out> <cl>char</cl></e><!-- combining macron below -->
<e n='102'> <in>V</in> <out>h\u032c</out> <cl>char</cl></e>
<e n='103'> <in>{V}</in> <out>H\u032c</out> <cl>char</cl></e><!-- combining caron below -->
<e n='104'> <in>M</in> <out>\u1e43</out> <cl>char</cl></e>
<e n='105'> <in>{M}</in>  <out>\u1e42</out> <cl>char</cl></e>

<e n='106'> <in>'</in> <out>'</out> <cl>char</cl></e>

<!--e n='107'> <in>~</in> <out>\u0303</out><cl>char</cl></e--><!-- combining tilde -->

<!-- anudatta accent mark mapped to nothing -->
<e n='108'> <in>\</in> <out></out><cl>char</cl></e>
<e n='109'> <in>hack1</in> <out></out><cl>char</cl></e>
<e n='110'> <in>hack2</in> <out></out><cl>char</cl></e>

<e n='111'> <in>\u0020</in> <out>\u0020</out> <cl>char</cl></e>
<e n='112'> <in>\u0009</in> <out>\u0009</out> <cl>char</cl></e>
<e n='113'> <in>\u000d</in> <out>\u000d</out> <cl>char</cl></e>
<e n='114'> <in>\u000a</in> <out>\u000a</out> <cl>char</cl></e>

<e n='115'> <in>-</in> <out>-</out> <cl>char</cl></e>
<e n='116'> <in>.</in> <out>.</out> <cl>char</cl></e>
<!--e n='117'> <in>,</in> <out>,</out> <cl>char</cl></e-->
<!--e n='118'> <in>;</in> <out>;</out> <cl>char</cl></e-->

<e n='120'> <in>0</in> <out>0</out> <cl>char</cl></e>
<e n='121'> <in>1</in> <out>1</out> <cl>char</cl></e>
<e n='122'> <in>2</in> <out>2</out> <cl>char</cl></e>
<e n='123'> <in>3</in> <out>3</out> <cl>char</cl></e>
<e n='124'> <in>4</in> <out>4</out> <cl>char</cl></e>
<e n='125'> <in>5</in> <out>5</out> <cl>char</cl></e>
<e n='126'> <in>6</in> <out>6</out> <cl>char</cl></e>
<e n='127'> <in>7</in> <out>7</out> <cl>char</cl></e>
<e n='128'> <in>8</in> <out>8</out> <cl>char</cl></e>
<e n='129'> <in>9</in> <out>9</out> <cl>char</cl></e>

<!-- accents follow LIES spec of slp1 -->
<e n='131'> <in>/a</in> <out>\u00e1</out> <cl>char</cl></e>
<e n='132'> <in>/i</in> <out>\u00ed</out> <cl>char</cl></e>
<e n='133'> <in>/u</in> <out>\u00fa</out> <cl>char</cl></e>
<e n='134'> <in>/f</in> <out>\u1e5b\u0301</out> <cl>char</cl></e><!-- lowercase letter r with dot below + acute -->
<e n='135'> <in>/x</in> <out>\u1e37\u0301</out> <cl>char</cl></e><!-- lowercase letter l with dot below + acute -->
<e n='136'> <in>/A</in> <out>\u0101\u0301</out> <cl>char</cl></e>
<e n='137'> <in>/I</in> <out>\u012b\u0301</out> <cl>char</cl></e>
<e n='138'> <in>/U</in> <out>\u016b\u0301</out> <cl>char</cl></e>
<e n='139'> <in>/F</in> <out>\u1e5d\u0301</out> <cl>char</cl></e><!-- lowercase letter r with dot below and macron + acute -->
<e n='140'> <in>/X</in> <out>\u1e39\u0301</out> <cl>char</cl></e><!-- lowercase letter l with dot below and macron + acute -->
<e n='141'> <in>/e</in> <out>\u00e9</out> <cl>char</cl></e>
<e n='142'> <in>/o</in> <out>\u00f3</out> <cl>char</cl></e>
<e n='143'> <in>/E</in> <out>a\u00ed</out> <cl>char</cl></e>
<e n='144'> <in>/O</in> <out>a\u00fa</out> <cl>char</cl></e>

<!-- svarita mapped to grave accent -->
<e n='145'> <in>^a</in> <out>\u00e0</out> <cl>char</cl></e>
<e n='146'> <in>^i</in> <out>\u00ec</out> <cl>char</cl></e>
<e n='147'> <in>^u</in> <out>\u00f9</out> <cl>char</cl></e>
<e n='148'> <in>^f</in> <out>\u1e5b\u0300</out> <cl>char</cl></e><!-- lowercase letter r with dot below + grave -->
<e n='149'> <in>^x</in> <out>\u1e37\u0300</out> <cl>char</cl></e><!-- lowercase letter l with dot below + grave -->
<e n='150'> <in>^A</in> <out>\u0101\u0300</out> <cl>char</cl></e>
<e n='151'> <in>^I</in> <out>\u012b\u0300</out> <cl>char</cl></e>
<e n='152'> <in>^U</in> <out>\u016b\u0300</out> <cl>char</cl></e>
<e n='153'> <in>^F</in> <out>\u1e5d\u0300</out> <cl>char</cl></e><!-- lowercase letter r with dot below and macron + grave -->
<e n='154'> <in>^X</in> <out>\u1e39\u0300</out> <cl>char</cl></e><!-- lowercase letter l with dot below and macron + grave -->
<e n='155'> <in>^e</in> <out>\u00e8</out> <cl>char</cl></e>
<e n='156'> <in>^o</in> <out>\u00f2</out> <cl>char</cl></e>
<e n='157'> <in>^E</in> <out>a\u00ec</out> <cl>char</cl></e>
<e n='158'> <in>^O</in> <out>a\u00f9</out> <cl>char</cl></e>

<!-- grave accent mark also mapped to grave accent mark -->
<e n='159'> <in>`a</in> <out>\u00e0</out> <cl>char</cl></e>
<e n='160'> <in>`i</in> <out>\u00ec</out> <cl>char</cl></e>
<e n='161'> <in>`u</in> <out>\u00f9</out> <cl>char</cl></e>
<e n='162'> <in>`f</in> <out>\u1e5b\u0300</out> <cl>char</cl></e><!-- lowercase letter r with dot below + grave -->
<e n='163'> <in>`x</in> <out>\u1e37\u0300</out> <cl>char</cl></e><!-- lowercase letter l with dot below + grave -->
<e n='164'> <in>`A</in> <out>\u0101\u0300</out> <cl>char</cl></e>
<e n='165'> <in>`I</in> <out>\u012b\u0300</out> <cl>char</cl></e>
<e n='166'> <in>`U</in> <out>\u016b\u0300</out> <cl>char</cl></e>
<e n='167'> <in>`F</in> <out>\u1e5d\u0300</out> <cl>char</cl></e><!-- lowercase letter r with dot below and macron + grave -->
<e n='168'> <in>`X</in> <out>\u1e39\u0300</out> <cl>char</cl></e><!-- lowercase letter l with dot below and macron + grave-->
<e n='169'> <in>`e</in> <out>\u00e8</out> <cl>char</cl></e>
<e n='170'> <in>`o</in> <out>\u00f2</out> <cl>char</cl></e>
<e n='171'> <in>`E</in> <out>a\u00ec</out> <cl>char</cl></e>
<e n='172'> <in>`O</in> <out>a\u00f9</out> <cl>char</cl></e>

<e n='181'> <in>~a</in> <out>a\u0303</out> <cl>char</cl></e>
<e n='182'> <in>~i</in> <out>i\u0303</out> <cl>char</cl></e>
<e n='183'> <in>~u</in> <out>u\u0303</out> <cl>char</cl></e>
<e n='184'> <in>~f</in> <out>\u1e5b\u0303</out> <cl>char</cl></e><!-- lowercase letter r with dot below + tilde -->
<e n='185'> <in>~x</in> <out>\u1e37\u0303</out> <cl>char</cl></e><!-- lowercase letter l with dot below + tilde -->
<e n='186'> <in>~A</in> <out>\u0101\u0303</out> <cl>char</cl></e>
<e n='187'> <in>~I</in> <out>\u012b\u0303</out> <cl>char</cl></e>
<e n='188'> <in>~U</in> <out>\u016b\u0303</out> <cl>char</cl></e>
<e n='189'> <in>~F</in> <out>\u1e5d\u0303</out> <cl>char</cl></e><!-- lowercase letter r with dot below and macron + tilde -->
<e n='190'> <in>~X</in> <out>\u1e39\u0303</out> <cl>char</cl></e><!-- lowercase letter l with dot below and macron + tilde -->
<e n='191'> <in>~e</in> <out>e\u0303</out> <cl>char</cl></e>
<e n='192'> <in>~o</in> <out>o\u0303</out> <cl>char</cl></e>
<e n='193'> <in>~E</in> <out>ai\u0303</out> <cl>char</cl></e>
<e n='194'> <in>~O</in> <out>au\u0303</out> <cl>char</cl></e>
<e n='195'> <in>~y</in> <out>y\u0303</out> <cl>char</cl></e>
<e n='196'> <in>~l</in> <out>l\u0303</out> <cl>char</cl></e>
<e n='197'> <in>~v</in> <out>v\u0303</out> <cl>char</cl></e>

<!-- Missing capital letter accented and nasalized vowels and semivowels -->
</edges>
<buffers>
	<buffer name='chars' action='!!'>
		<member id='char'/>
	</buffer>
</buffers>
</fsm>