<fsm start='INIT' inputDecoding='UTF-8' outputEncoding='raw'>
<edges>
<e> <s>INIT</s> <in>a/</in> <out>\u0087</out></e>
<e> <s>INIT</s> <in>i/</in> <out>\u0092</out></e>
<e> <s>INIT</s> <in>u/</in> <out>\u009c</out></e>
<e> <s>INIT</s> <in>e/</in> <out>\u008e</out></e>
<e> <s>INIT</s> <in>o/</in> <out>\u0097</out></e>
<e> <s>INIT</s> <in>a^</in> <out>\u0088</out></e>
<e> <s>INIT</s> <in>i^</in> <out>\u0093</out></e>
<e> <s>INIT</s> <in>u^</in> <out>\u009d</out></e>
<e> <s>INIT</s> <in>e^</in> <out>\u008f</out></e>
<e> <s>INIT</s> <in>o^</in> <out>\u0098</out></e>
<e> <s>INIT</s> <in>A</in> <out>\u00cfa</out></e>
<e> <s>INIT</s> <in>I</in> <out>\u00cfi</out></e>
<e> <s>INIT</s> <in>U</in> <out>\u00cfu</out></e>
<e> <s>INIT</s> <in>F</in> <out>\u00cf\u00a8</out></e>
<e> <s>INIT</s> <in>X</in> <out>\u00cf\u00c2</out></e>
<e> <s>INIT</s> <in>~</in> <out>~</out></e>
<e> <s>INIT</s> <in>/</in> <out>$</out></e>
<e> <s>INIT</s> <in>A/</in> <out>\u00daa</out></e>
<e> <s>INIT</s> <in>I/</in> <out>\u00dai</out></e>
<e> <s>INIT</s> <in>U/</in> <out>\u00dau</out></e>
<e> <s>INIT</s> <in>F/</in> <out>\u00da\u00a8</out></e>
<e> <s>INIT</s> <in>X/</in> <out>\u00da\u00c2</out></e>
<e> <s>INIT</s> <in>A/</in> <out>\u00da\u008c</out></e>
<e> <s>INIT</s> <in>I/</in> <out>\u00da^</out></e>
<e> <s>INIT</s> <in>U/</in> <out>\u00da\u00ac</out></e>
<e> <s>INIT</s> <in>F/</in> <out>\u00da\u00ab</out></e>
<e> <s>INIT</s> <in>^</in> <out>@</out></e>
<e> <s>INIT</s> <in>A^</in> <out>\u00d9a</out></e>
<e> <s>INIT</s> <in>I^</in> <out>\u00d9i</out></e>
<e> <s>INIT</s> <in>U^</in> <out>\u00d9u</out></e>
<e> <s>INIT</s> <in>F^</in> <out>\u00d9\u00a8</out></e>
<e> <s>INIT</s> <in>X^</in> <out>\u00d9\u00c2</out></e>
<e> <s>INIT</s> <in>A^</in> <out>\u00d9\u008c</out></e>
<e> <s>INIT</s> <in>I^</in> <out>\u00d9^</out></e>
<e> <s>INIT</s> <in>U^</in> <out>\u00d9\u00ac</out></e>
<e> <s>INIT</s> <in>F^</in> <out>\u00d9\u00ab</out></e>
<e> <s>INIT</s> <in>E</in> <out>ai</out></e>
<e> <s>INIT</s> <in>O</in> <out>au</out></e>
<e> <s>INIT</s> <in>a</in> <out>a</out></e>
<e> <s>INIT</s> <in>A</in> <out>\u008c</out></e>
<e> <s>INIT</s> <in>i</in> <out>i</out></e>
<e> <s>INIT</s> <in>I</in> <out>^</out></e>
<e> <s>INIT</s> <in>u</in> <out>u</out></e>
<e> <s>INIT</s> <in>U</in> <out>\u00ac</out></e>
<e> <s>INIT</s> <in>f</in> <out>\u00a8</out></e>
<e> <s>INIT</s> <in>F</in> <out>\u00ab</out></e>
<e> <s>INIT</s> <in>x</in> <out>\u00c2</out></e>
<e> <s>INIT</s> <in>e</in> <out>e</out></e>
<e> <s>INIT</s> <in>o</in> <out>o</out></e>
<e> <s>INIT</s> <in>H</in> <out>\u00fa</out></e>
<e> <s>INIT</s> <in>M</in> <out>\u00b2</out></e>
<e> <s>INIT</s> <in>~</in> <out>\u00b5</out></e>
<e> <s>INIT</s> <in>Zk</in> <out>Xk</out></e>
<e> <s>INIT</s> <in>Vp</in> <out>Xp</out></e>
<e> <s>INIT</s> <in>Zk</in> <out>Xk</out></e>
<e> <s>INIT</s> <in>Vp</in> <out>Xp</out></e>
<e> <s>INIT</s> <in>'</in> <out>'</out></e>
<e> <s>INIT</s> <in>%</in> <out>\u00f2</out></e>
<e> <s>INIT</s> <in>k</in> <out>k</out></e>
<e> <s>INIT</s> <in>K</in> <out>kh</out></e>
<e> <s>INIT</s> <in>g</in> <out>g</out></e>
<e> <s>INIT</s> <in>G</in> <out>gh</out></e>
<e> <s>INIT</s> <in>N</in> <out>\u00ba</out></e>
<e> <s>INIT</s> <in>c</in> <out>c</out></e>
<e> <s>INIT</s> <in>C</in> <out>ch</out></e>
<e> <s>INIT</s> <in>j</in> <out>j</out></e>
<e> <s>INIT</s> <in>J</in> <out>jh</out></e>
<e> <s>INIT</s> <in>Y</in> <out>\u0096</out></e>
<e> <s>INIT</s> <in>w</in> <out>\u00a0</out></e>
<e> <s>INIT</s> <in>W</in> <out>\u00a0h</out></e>
<e> <s>INIT</s> <in>q</in> <out>\u00b6</out></e>
<e> <s>INIT</s> <in>Q</in> <out>\u00b6h</out></e>
<e> <s>INIT</s> <in>R</in> <out>\u00f6</out></e>
<e> <s>INIT</s> <in>t</in> <out>t</out></e>
<e> <s>INIT</s> <in>T</in> <out>th</out></e>
<e> <s>INIT</s> <in>d</in> <out>d</out></e>
<e> <s>INIT</s> <in>D</in> <out>dh</out></e>
<e> <s>INIT</s> <in>n</in> <out>n</out></e>
<e> <s>INIT</s> <in>p</in> <out>p</out></e>
<e> <s>INIT</s> <in>P</in> <out>ph</out></e>
<e> <s>INIT</s> <in>b</in> <out>b</out></e>
<e> <s>INIT</s> <in>B</in> <out>bh</out></e>
<e> <s>INIT</s> <in>m</in> <out>m</out></e>
<e> <s>INIT</s> <in>y</in> <out>y</out></e>
<e> <s>INIT</s> <in>r</in> <out>r</out></e>
<e> <s>INIT</s> <in>l</in> <out>l</out></e>
<e> <s>INIT</s> <in>v</in> <out>v</out></e>
<e> <s>INIT</s> <in>S</in> <out>\u00a7</out></e>
<e> <s>INIT</s> <in>z</in> <out>\u00bd</out></e>
<e> <s>INIT</s> <in>z</in> <out>\u00e3</out></e>
<e> <s>INIT</s> <in>s</in> <out>s</out></e>
<e> <s>INIT</s> <in>h</in> <out>h</out></e>
</edges>
</fsm>