<fsm inputType='slp1' outputType='UTF-8' version='2' testBlanks='n'>
<edges>
<e n='0'>  <in>a</in> <out>a</out> <cl>atom</cl> </e>
<e n='1'>  <in>A</in> <out>A</out> <cl>atom</cl> </e>
<e n='2'>  <in>i</in> <out>i</out> <cl>atom</cl> </e>
<e n='3'>  <in>I</in> <out>I</out> <cl>atom</cl> </e>
<e n='4'>  <in>u</in> <out>u</out> <cl>atom</cl> </e>
<e n='5'>  <in>U</in> <out>U</out> <cl>atom</cl> </e>
<e n='6'> <in>f</in> <out>q</out> <cl>atom</cl></e>
<e n='7'> <in>F</in> <out>Q</out> <cl>atom</cl></e>
<e n='8'> <in>x</in> <out>L</out> <cl>atom</cl></e>
<e n='8a'> <in>X</in> <out>LY</out> <cl>atom</cl></e>
<e n='9'>  <in>e</in> <out>e</out> <cl>atom</cl> </e>
<e n='10'> <in>E</in> <out>E</out> <cl>atom</cl></e>
<e n='11'>  <in>o</in> <out>o</out> <cl>atom</cl> </e>
<e n='12'> <in>O</in> <out>O</out> <cl>atom</cl></e>
<e n='13'> <in>M</in> <out>M</out> <cl>atom</cl> </e>
<e n='13a'> <in>~</in> <out>z</out> <cl>atom</cl></e>
<e n='14'> <in>H</in> <out>H</out> <cl>atom</cl> </e>
<e n='15'> <in>k</in> <out>k</out> <cl>atom</cl></e>
<e n='16'> <in>K</in> <out>K</out> <cl>atom</cl></e>
<e n='17'> <in>g</in> <out>g</out> <cl>atom</cl></e>
<e n='18'> <in>G</in> <out>G</out> <cl>atom</cl></e>
<e n='19'> <in>N</in> <out>f</out> <cl>atom</cl></e>
<e n='20'> <in>c</in> <out>c</out> <cl>atom</cl></e>
<e n='21'> <in>C</in> <out>C</out> <cl>atom</cl></e>
<e n='22'> <in>j</in> <out>j</out> <cl>atom</cl></e>
<e n='23'> <in>J</in> <out>J</out> <cl>atom</cl></e>
<e n='24'> <in>Y</in> <out>F</out> <cl>atom</cl></e>
<e n='25'> <in>w</in> <out>t</out> <cl>atom</cl></e>
<e n='26'> <in>W</in> <out>T</out> <cl>atom</cl></e>
<e n='27'> <in>q</in> <out>d</out> <cl>atom</cl></e>
<e n='28'> <in>Q</in> <out>D</out> <cl>atom</cl></e>
<e n='29'> <in>R</in> <out>N</out> <cl>atom</cl></e>
<e n='29a'> <in>L</in> <out>lY</out> <cl>atom</cl></e>
<e n='29b'> <in>|</in> <out>lYh</out> <cl>atom</cl></e>
<e n='30'> <in>t</in> <out>w</out> <cl>atom</cl></e>
<e n='31'> <in>T</in> <out>W</out> <cl>atom</cl></e>
<e n='32'> <in>d</in> <out>x</out> <cl>atom</cl></e>
<e n='33'> <in>D</in> <out>X</out> <cl>atom</cl></e>
<e n='34'> <in>n</in> <out>n</out> <cl>atom</cl></e>
<e n='35'> <in>p</in> <out>p</out> <cl>atom</cl></e>
<e n='36'> <in>P</in> <out>P</out> <cl>atom</cl></e>
<e n='37'> <in>b</in> <out>b</out> <cl>atom</cl></e>
<e n='38'> <in>B</in> <out>B</out> <cl>atom</cl></e>
<e n='39'> <in>m</in> <out>m</out> <cl>atom</cl></e>
<e n='40'> <in>y</in> <out>y</out> <cl>atom</cl> </e>
<e n='41'> <in>r</in> <out>r</out> <cl>atom</cl> </e>
<e n='42'> <in>l</in> <out>l</out> <cl>atom</cl> </e>
<e n='43'> <in>v</in> <out>v</out> <cl>atom</cl> </e>
<e n='44'> <in>S</in> <out>S</out> <cl>atom</cl></e>
<e n='45'> <in>z</in> <out>R</out> <cl>atom</cl></e>
<e n='46'> <in>s</in> <out>s</out> <cl>atom</cl></e>
<e n='47'> <in>h</in> <out>h</out> <cl>atom</cl></e>

<e n='48'> <in>\u0009</in> <out>\u0009</out> <cl>atom</cl> </e>
<e n='49'> <in>\u000a</in> <out>\u000a</out> <cl>atom</cl> </e>
<e n='50'> <in>\u000d</in> <out>\u000d</out> <cl>atom</cl> </e>
<e n='51'> <in>\u0020</in> <out>\u0020</out> <cl>atom</cl> </e>

<e n='60'> <in>0</in> <out>0</out> <cl>atom</cl> </e>
<e n='61'> <in>1</in> <out>1</out> <cl>atom</cl> </e>
<e n='62'> <in>2</in> <out>2</out> <cl>atom</cl> </e>
<e n='63'> <in>3</in> <out>3</out> <cl>atom</cl> </e>
<e n='64'> <in>4</in> <out>4</out> <cl>atom</cl> </e>
<e n='65'> <in>5</in> <out>5</out> <cl>atom</cl> </e>
<e n='66'> <in>6</in> <out>6</out> <cl>atom</cl> </e>
<e n='67'> <in>7</in> <out>7</out> <cl>atom</cl> </e>
<e n='68'> <in>8</in> <out>8</out> <cl>atom</cl> </e>
<e n='69'> <in>9</in> <out>9</out> <cl>atom</cl> </e>

<e n='70'> <in>'</in> <out>Z</out> <cl>atom</cl> </e>
<e n='71'> <in>;</in> <out>;</out> <cl>atom</cl> </e>
<e n='72'> <in>.</in> <out>.</out> <cl>atom</cl> </e>

</edges>

<buffers>
	<buffer name='atoms' action='!!'>
		<member id='atom'/>
	</buffer>
</buffers>

</fsm>