<!-- needs converting to version 2.0 -->
<fsm start='INIT' inputDecoding='UTF-8' outputEncoding='raw'>
<edges>
<e> <s>INIT</s> <in>a</in> <out>a</out></e>
<e> <s>INIT</s> <in>a</in> <out>A</out></e>
<e> <s>INIT</s> <in>A</in> <out>\u00d7</out></e>
<e> <s>INIT</s> <in>A</in> <out>\u00a8</out></e>
<e> <s>INIT</s> <in>i</in> <out>i</out></e>
<e> <s>INIT</s> <in>i</in> <out>I</out></e>
<e> <s>INIT</s> <in>I</in> <out>\u00ea</out></e>
<e> <s>INIT</s> <in>I</in> <out>\u00bd</out></e>
<e> <s>INIT</s> <in>u</in> <out>u</out></e>
<e> <s>INIT</s> <in>u</in> <out>U</out></e>
<e> <s>INIT</s> <in>U</in> <out>\u00f9</out></e>
<e> <s>INIT</s> <in>U</in> <out>\u00d2</out></e>
<e> <s>INIT</s> <in>f</in> <out>\u00f6</out></e>
<e> <s>INIT</s> <in>f</in> <out>\u00cc</out></e>
<e> <s>INIT</s> <in>F</in> <out>\u00e3</out></e>
<e> <s>INIT</s> <in>x</in> <out>\u00f5</out></e>
<e> <s>INIT</s> <in>x</in> <out>\u00cb</out></e>
<e> <s>INIT</s> <in>e</in> <out>e</out></e>
<e> <s>INIT</s> <in>e</in> <out>E</out></e>
<e> <s>INIT</s> <in>E</in> <out>ai</out></e>
<e> <s>INIT</s> <in>E</in> <out>Ai</out></e>
<e> <s>INIT</s> <in>E</in> <out>aI</out></e>
<e> <s>INIT</s> <in>E</in> <out>AI</out></e>
<e> <s>INIT</s> <in>o</in> <out>o</out></e>
<e> <s>INIT</s> <in>o</in> <out>O</out></e>
<e> <s>INIT</s> <in>O</in> <out>au</out></e>
<e> <s>INIT</s> <in>O</in> <out>Au</out></e>
<e> <s>INIT</s> <in>O</in> <out>aU</out></e>
<e> <s>INIT</s> <in>O</in> <out>AU</out></e>
<e> <s>INIT</s> <in>k</in> <out>k</out></e>
<e> <s>INIT</s> <in>k</in> <out>K</out></e>
<e> <s>INIT</s> <in>K</in> <out>k#</out></e>
<e> <s>INIT</s> <in>K</in> <out>K#</out></e>
<e> <s>INIT</s> <in>K</in> <out>kh</out></e>
<e> <s>INIT</s> <in>K</in> <out>kH</out></e>
<e> <s>INIT</s> <in>K</in> <out>Kh</out></e>
<e> <s>INIT</s> <in>K</in> <out>KH</out></e>
<e> <s>INIT</s> <in>g</in> <out>g</out></e>
<e> <s>INIT</s> <in>g</in> <out>G</out></e>
<e> <s>INIT</s> <in>G</in> <out>g#</out></e>
<e> <s>INIT</s> <in>G</in> <out>G#</out></e>
<e> <s>INIT</s> <in>G</in> <out>gh</out></e>
<e> <s>INIT</s> <in>G</in> <out>gH</out></e>
<e> <s>INIT</s> <in>G</in> <out>Gh</out></e>
<e> <s>INIT</s> <in>G</in> <out>GH</out></e>
<e> <s>INIT</s> <in>N</in> <out>\u00e6</out></e>
<e> <s>INIT</s> <in>N</in> <out>\u00b6</out></e>
<e> <s>INIT</s> <in>c</in> <out>c</out></e>
<e> <s>INIT</s> <in>c</in> <out>C</out></e>
<e> <s>INIT</s> <in>C</in> <out>c#</out></e>
<e> <s>INIT</s> <in>C</in> <out>C#</out></e>
<e> <s>INIT</s> <in>C</in> <out>ch</out></e>
<e> <s>INIT</s> <in>C</in> <out>cH</out></e>
<e> <s>INIT</s> <in>C</in> <out>Ch</out></e>
<e> <s>INIT</s> <in>C</in> <out>CH</out></e>
<e> <s>INIT</s> <in>j</in> <out>j</out></e>
<e> <s>INIT</s> <in>j</in> <out>J</out></e>
<e> <s>INIT</s> <in>J</in> <out>j#</out></e>
<e> <s>INIT</s> <in>J</in> <out>J#</out></e>
<e> <s>INIT</s> <in>J</in> <out>jh</out></e>
<e> <s>INIT</s> <in>J</in> <out>jH</out></e>
<e> <s>INIT</s> <in>J</in> <out>Jh</out></e>
<e> <s>INIT</s> <in>J</in> <out>JH</out></e>
<e> <s>INIT</s> <in>Y</in> <out>\u009c</out></e>
<e> <s>INIT</s> <in>Y</in> <out>\u009d</out></e>
<e> <s>INIT</s> <in>w</in> <out>\u00f7</out></e>
<e> <s>INIT</s> <in>w</in> <out>\u00cd</out></e>
<e> <s>INIT</s> <in>W</in> <out>\u00f7#</out></e>
<e> <s>INIT</s> <in>W</in> <out>\u00cd#</out></e>
<e> <s>INIT</s> <in>W</in> <out>\u00f7h</out></e>
<e> <s>INIT</s> <in>W</in> <out>\u00f7H</out></e>
<e> <s>INIT</s> <in>W</in> <out>\u00cdh</out></e>
<e> <s>INIT</s> <in>W</in> <out>\u00cdH</out></e>
<e> <s>INIT</s> <in>q</in> <out>\u00dd</out></e>
<e> <s>INIT</s> <in>q</in> <out>\u00ae</out></e>
<e> <s>INIT</s> <in>Q</in> <out>\u00dd#</out></e>
<e> <s>INIT</s> <in>Q</in> <out>\u00ae#</out></e>
<e> <s>INIT</s> <in>Q</in> <out>\u00ddh</out></e>
<e> <s>INIT</s> <in>Q</in> <out>\u00ddH</out></e>
<e> <s>INIT</s> <in>Q</in> <out>\u00aeh</out></e>
<e> <s>INIT</s> <in>Q</in> <out>\u00aeH</out></e>
<e> <s>INIT</s> <in>R</in> <out>\u00f0</out></e>
<e> <s>INIT</s> <in>R</in> <out>\u00c6</out></e>
<e> <s>INIT</s> <in>t</in> <out>t</out></e>
<e> <s>INIT</s> <in>t</in> <out>T</out></e>
<e> <s>INIT</s> <in>T</in> <out>t#</out></e>
<e> <s>INIT</s> <in>T</in> <out>T#</out></e>
<e> <s>INIT</s> <in>T</in> <out>th</out></e>
<e> <s>INIT</s> <in>T</in> <out>tH</out></e>
<e> <s>INIT</s> <in>T</in> <out>Th</out></e>
<e> <s>INIT</s> <in>T</in> <out>TH</out></e>
<e> <s>INIT</s> <in>d</in> <out>d</out></e>
<e> <s>INIT</s> <in>d</in> <out>D</out></e>
<e> <s>INIT</s> <in>D</in> <out>d#</out></e>
<e> <s>INIT</s> <in>D</in> <out>D#</out></e>
<e> <s>INIT</s> <in>D</in> <out>dh</out></e>
<e> <s>INIT</s> <in>D</in> <out>dH</out></e>
<e> <s>INIT</s> <in>D</in> <out>Dh</out></e>
<e> <s>INIT</s> <in>D</in> <out>DH</out></e>
<e> <s>INIT</s> <in>n</in> <out>n</out></e>
<e> <s>INIT</s> <in>n</in> <out>N</out></e>
<e> <s>INIT</s> <in>p</in> <out>p</out></e>
<e> <s>INIT</s> <in>p</in> <out>P</out></e>
<e> <s>INIT</s> <in>P</in> <out>p#</out></e>
<e> <s>INIT</s> <in>P</in> <out>p#</out></e>
<e> <s>INIT</s> <in>P</in> <out>ph</out></e>
<e> <s>INIT</s> <in>P</in> <out>pH</out></e>
<e> <s>INIT</s> <in>P</in> <out>Ph</out></e>
<e> <s>INIT</s> <in>P</in> <out>PH</out></e>
<e> <s>INIT</s> <in>P</in> <out>P#</out></e>
<e> <s>INIT</s> <in>b</in> <out>b</out></e>
<e> <s>INIT</s> <in>b</in> <out>B</out></e>
<e> <s>INIT</s> <in>B</in> <out>b#</out></e>
<e> <s>INIT</s> <in>B</in> <out>B#</out></e>
<e> <s>INIT</s> <in>B</in> <out>bh</out></e>
<e> <s>INIT</s> <in>B</in> <out>bH</out></e>
<e> <s>INIT</s> <in>B</in> <out>Bh</out></e>
<e> <s>INIT</s> <in>B</in> <out>BH</out></e>
<e> <s>INIT</s> <in>m</in> <out>m</out></e>
<e> <s>INIT</s> <in>m</in> <out>M</out></e>
<e> <s>INIT</s> <in>y</in> <out>y</out></e>
<e> <s>INIT</s> <in>y</in> <out>Y</out></e>
<e> <s>INIT</s> <in>r</in> <out>r</out></e>
<e> <s>INIT</s> <in>r</in> <out>R</out></e>
<e> <s>INIT</s> <in>l</in> <out>l</out></e>
<e> <s>INIT</s> <in>l</in> <out>L</out></e>
<e> <s>INIT</s> <in>v</in> <out>v</out></e>
<e> <s>INIT</s> <in>v</in> <out>V</out></e>
<e> <s>INIT</s> <in>S</in> <out>\u00f2</out></e>
<e> <s>INIT</s> <in>S</in> <out>\u00c8</out></e>
<e> <s>INIT</s> <in>z</in> <out>\u00f3</out></e>
<e> <s>INIT</s> <in>z</in> <out>\u00c9</out></e>
<e> <s>INIT</s> <in>s</in> <out>s</out></e>
<e> <s>INIT</s> <in>s</in> <out>S</out></e>
<e> <s>INIT</s> <in>h</in> <out>h</out></e>
<e> <s>INIT</s> <in>h</in> <out>H</out></e>
<e> <s>INIT</s> <in>M</in> <out>\u00d8</out></e>
<e> <s>INIT</s> <in>M</in> <out>\u00a9</out></e>
<e> <s>INIT</s> <in>H</in> <out>\u00e7</out></e>
<e> <s>INIT</s> <in>H</in> <out>\u00b7</out></e>
<e> <s>INIT</s> <in>V</in> <out>\u00e8</out></e>
<e> <s>INIT</s> <in>V</in> <out>\u00b8</out></e>
<e> <s>INIT</s> <in>Z</in> <out>\u00e9</out></e>
<e> <s>INIT</s> <in>'</in> <out>'</out></e>
<e> <s>INIT</s> <in> </in> <out> </out></e>
<e> <s>INIT</s> <in>	</in> <out>	</out></e>
<e> <s>INIT</s> <in>;</in> <out>;</out></e>
<e> <s>INIT</s> <in>M</in> <out>\u00e2</out></e>
<e> <s>INIT</s> <in>l</in> <out>\u00ed</out></e>
<e> <s>INIT</s> <in>f</in> <out>\u00f1</out></e>
<e> <s>INIT</s> <in>-</in> <out>-</out></e>
<e> <s>INIT</s> <in>[</in> <out>[</out></e>
<e> <s>INIT</s> <in>]</in> <out>]</out></e>
<e> <s>INIT</s> <in>(</in> <out>(</out></e>
<e> <s>INIT</s> <in>)</in> <out>)</out></e>
<e> <s>INIT</s> <in>{</in> <out>{</out></e>
<e> <s>INIT</s> <in>}</in> <out>}</out></e>
<e> <s>INIT</s> <in>!</in> <out>!</out></e>
<e> <s>INIT</s> <in>_</in> <out>_</out></e>
<e> <s>INIT</s> <in>=</in> <out>=</out></e>
<e> <s>INIT</s> <in>/</in> <out>/</out></e>
<e> <s>INIT</s> <in>0</in> <out>0</out></e>
<e> <s>INIT</s> <in>1</in> <out>1</out></e>
<e> <s>INIT</s> <in>2</in> <out>2</out></e>
<e> <s>INIT</s> <in>3</in> <out>3</out></e>
<e> <s>INIT</s> <in>4</in> <out>4</out></e>
<e> <s>INIT</s> <in>5</in> <out>5</out></e>
<e> <s>INIT</s> <in>6</in> <out>6</out></e>
<e> <s>INIT</s> <in>7</in> <out>7</out></e>
<e> <s>INIT</s> <in>8</in> <out>8</out></e>
<e> <s>INIT</s> <in>9</in> <out>9</out></e>
<e> <s>INIT</s> <in>e/</in> <out>\u0082</out></e>
<e> <s>INIT</s> <in>a\</in> <out>\u0085</out></e>
<e> <s>INIT</s> <in>e\</in> <out>\u008a</out></e>
<e> <s>INIT</s> <in>i\</in> <out>\u008d</out></e>
<e> <s>INIT</s> <in>e/</in> <out>\u0090</out></e>
<e> <s>INIT</s> <in>o\</in> <out>\u0095</out></e>
<e> <s>INIT</s> <in>u\</in> <out>\u0097</out></e>
<e> <s>INIT</s> <in>a/</in> <out>\u00a0</out></e>
<e> <s>INIT</s> <in>i/</in> <out>\u00a1</out></e>
<e> <s>INIT</s> <in>o/</in> <out>\u00a2</out></e>
<e> <s>INIT</s> <in>u/</in> <out>\u00a3</out></e>
<e> <s>INIT</s> <in>a/</in> <out>\u00a4</out></e>
<e> <s>INIT</s> <in>a\</in> <out>\u00a5</out></e>
<e> <s>INIT</s> <in>A/</in> <out>\u00a6</out></e>
<e> <s>INIT</s> <in>f/</in> <out>\u00ac</out></e>
<e> <s>INIT</s> <in>e\</in> <out>\u00af</out></e>
<e> <s>INIT</s> <in>F/</in> <out>\u00b3</out></e>
<e> <s>INIT</s> <in>i/</in> <out>\u00b9</out></e>
<e> <s>INIT</s> <in>i/</in> <out>\u00ba</out></e>
<e> <s>INIT</s> <in>x/</in> <out>\u00bc</out></e>
<e> <s>INIT</s> <in>I/</in> <out>\u00be</out></e>
<e> <s>INIT</s> <in>x</in> <out>\u00c0</out></e>
<e> <s>INIT</s> <in>o/</in> <out>\u00c1</out></e>
<e> <s>INIT</s> <in>o\</in> <out>\u00c2</out></e>
<e> <s>INIT</s> <in>O</in> <out>\u00c4</out></e>
<e> <s>INIT</s> <in>O/</in> <out>\u00c5</out></e>
<e> <s>INIT</s> <in>f</in> <out>\u00c7</out></e>
<e> <s>INIT</s> <in>u/</in> <out>\u00cf</out></e>
<e> <s>INIT</s> <in>u\</in> <out>\u00d0</out></e>
<e> <s>INIT</s> <in>U/</in> <out>\u00d3</out></e>
<e> <s>INIT</s> <in>a\</in> <out>\u00d6</out></e>
<e> <s>INIT</s> <in>f\</in> <out>\u00db</out></e>
<e> <s>INIT</s> <in>a/</in> <out>\u00e3</out></e>
<e> <s>INIT</s> <in>I\</in> <out>\u00eb</out></e>
<e> <s>INIT</s> <in>x/</in> <out>\u00ed</out></e>
<e> <s>INIT</s> <in>u\</in> <out>\u00fa</out></e>
<e> <s>INIT</s> <in>a/</in> <out>\u00ff</out></e>
</edges>
</fsm>