<fsm inputType='slp1' outputType='tex-roman' capitalsSupported='y' version='2' testBlanks='n'>
<edges>
<e n='0'> <in>a</in> <out>a\-</out> <cl>atom</cl></e>
<e n='0a'> <in>{a}</in> <out>A\-</out> <cl>atom</cl></e>
<e n='1'> <in>a~</in> <out>\diatop[\~|a]\-</out> <cl>atom</cl></e>
<e n='1a'> <in>{a~}</in> <out>\diatop[\~|a]\-</out> <cl>atom</cl></e>
<e n='2'> <in>a/</in> <out>\diatop[\'|a]\-</out> <cl>atom</cl></e>
<e n='2a'> <in>{a/}</in> <out>\diatop[\'|a]\-</out> <cl>atom</cl></e>
<e n='3'> <in>a/~</in> <out>\diatop[\'|{\diatop[\~|a]}]\-</out> <cl>atom</cl></e>
<e n='3a'> <in>{a/~}</in> <out>\diatop[\'|{\diatop[\~|a]}]\-</out> <cl>atom</cl></e>
<e n='4'> <in>a\</in> <out>a\-</out> <cl>atom</cl></e>
<e n='4a'> <in>{a\}</in> <out>a\-</out> <cl>atom</cl></e>
<e n='5'> <in>a\~</in> <out>\diatop[\~|a]\-</out> <cl>atom</cl></e>
<e n='5a'> <in>{a\~}</in> <out>\diatop[\~|a]\-</out> <cl>atom</cl></e>
<e n='6'> <in>a^</in> <out>\diatop[\`|a]\-</out> <cl>atom</cl></e>
<e n='6a'> <in>{a^}</in> <out>\diatop[\`|a]\-</out> <cl>atom</cl></e>
<e n='7'> <in>a^~</in> <out>\diatop[\`|{\diatop[\~|a]}]\-</out> <cl>atom</cl></e>
<e n='7a'> <in>{a^~}</in> <out>\diatop[\`|{\diatop[\~|a]}]\-</out> <cl>atom</cl></e>
<e n='8'> <in>a1#</in> <out>a\-</out> <cl>atom</cl></e>
<e n='8a'> <in>{a1#}</in> <out>a\-</out> <cl>atom</cl></e>
<e n='9'> <in>a1#~</in> <out>\diatop[\~|a]\-</out> <cl>atom</cl></e>
<e n='9a'> <in>{a1#}~</in> <out>\diatop[\~|a]\-</out> <cl>atom</cl></e>
<e n='10'> <in>a1#/</in> <out>\diatop[\'|a]\-</out> <cl>atom</cl></e>
<e n='10a'> <in>{a1#}/</in> <out>\diatop[\'|a]\-</out> <cl>atom</cl></e>
<e n='11'> <in>a1#/~</in> <out>\diatop[\'|{\diatop[\~|a]}]\-</out> <cl>atom</cl></e>
<e n='11a'> <in>{a1#}/~</in> <out>\diatop[\'|{\diatop[\~|a]}]\-</out> <cl>atom</cl></e>
<e n='12'> <in>a1#\</in> <out>a\-</out> <cl>atom</cl></e>
<e n='12a'> <in>{a1#}\</in> <out>a\-</out> <cl>atom</cl></e>
<e n='13'> <in>a1#\~</in> <out>\diatop[\~|a]\-</out> <cl>atom</cl></e>
<e n='13a'> <in>{a1#\~}</in> <out>\diatop[\~|a]\-</out> <cl>atom</cl></e>
<e n='14'> <in>a1#^</in> <out>\diatop[\`|a]\-</out> <cl>atom</cl></e>
<e n='14a'> <in>{a1#^}</in> <out>\diatop[\`|a]\-</out> <cl>atom</cl></e>
<e n='15'> <in>a1#^~</in> <out>\diatop[\`|{\diatop[\~|a]}]\-</out> <cl>atom</cl></e>
<e n='15a'> <in>{a1#^~}</in> <out>\diatop[\`|{\diatop[\~|a]}]\-</out> <cl>atom</cl></e>
<e n='16'> <in>A</in> <out>\=a\-</out> <cl>atom</cl></e>
<e n='16a'> <in>{A}</in> <out>\=A\-</out> <cl>atom</cl></e>
<e n='17'> <in>A~</in> <out>\diatop[\~|\=a]\-</out> <cl>atom</cl></e>
<e n='17a'> <in>{A~}</in> <out>\diatop[\~|\=A]\-</out> <cl>atom</cl></e>
<e n='18'> <in>A/</in> <out>\diatop[\'|\=a]\-</out> <cl>atom</cl></e>
<e n='18a'> <in>{A/}</in> <out>\diatop[\'|\=A]\-</out> <cl>atom</cl></e>
<e n='19'> <in>A/~</in> <out>\diatop[\'|{\diatop[\~|\=a]}]\-</out> <cl>atom</cl></e>
<e n='19a'> <in>{A/~}</in> <out>\diatop[\'|{\diatop[\~|\=A]}]\-</out> <cl>atom</cl></e>
<e n='20'> <in>A\</in> <out>\=a\-</out> <cl>atom</cl></e>
<e n='20a'> <in>{A\}</in> <out>\=A\-</out> <cl>atom</cl></e>
<e n='21'> <in>A\~</in> <out>\diatop[\~|\=a]\-</out> <cl>atom</cl></e>
<e n='21a'> <in>{A\~}</in> <out>\diatop[\~|\=A]\-</out> <cl>atom</cl></e>
<e n='22'> <in>A^</in> <out>\diatop[\`|\=a]\-</out> <cl>atom</cl></e>
<e n='22a'> <in>{A^}</in> <out>\diatop[\`|\=A]\-</out> <cl>atom</cl></e>
<e n='23'> <in>A^~</in> <out>\diatop[\`|{\diatop[\~|\=a]}]\-</out> <cl>atom</cl></e>
<e n='23a'> <in>{A^~}</in> <out>\diatop[\`|{\diatop[\~|\=A]}]\-</out> <cl>atom</cl></e>
<e n='24'> <in>a3</in> <out>a3\-</out> <cl>atom</cl></e>
<e n='24a'> <in>{a3}</in> <out>A3\-</out> <cl>atom</cl></e>
<e n='25'> <in>a3~</in> <out>\diatop[\~|a]3\-</out> <cl>atom</cl></e>
<e n='25a'> <in>{a3~}</in> <out>\diatop[\~|A]3\-</out> <cl>atom</cl></e>
<e n='26'> <in>a3/</in> <out>\diatop[\'|a]3\-</out> <cl>atom</cl></e>
<e n='26a'> <in>{a3/}</in> <out>\diatop[\'|A]3\-</out> <cl>atom</cl></e>
<e n='27'> <in>a3/~</in> <out>\diatop[\'|{\diatop[\~|a]}]3\-</out> <cl>atom</cl></e>
<e n='27a'> <in>{a3/~}</in> <out>\diatop[\'|{\diatop[\~|A]}]3\-</out> <cl>atom</cl></e>
<e n='28'> <in>a3\</in> <out>a3\-</out> <cl>atom</cl></e>
<e n='28a'> <in>{a3\}</in> <out>A3\-</out> <cl>atom</cl></e>
<e n='29'> <in>a3\~</in> <out>\diatop[\~|a]3\-</out> <cl>atom</cl></e>
<e n='29a'> <in>{a3\~}</in> <out>\diatop[\~|A]3\-</out> <cl>atom</cl></e>
<e n='30'> <in>a3^</in> <out>\diatop[\`|a]3\-</out> <cl>atom</cl></e>
<e n='30a'> <in>{a3^}</in> <out>\diatop[\`|A]3\-</out> <cl>atom</cl></e>
<e n='31'> <in>a3^~</in> <out>\diatop[\`|{\diatop[\~|a]}]3\-</out> <cl>atom</cl></e>
<e n='31a'> <in>{a3^~}</in> <out>\diatop[\`|{\diatop[\~|A]}]3\-</out> <cl>atom</cl></e>
<e n='32'> <in>a4~</in> <out>\diatop[\~|a]4\-</out> <cl>atom</cl></e>
<e n='32a'> <in>{a4~}</in> <out>\diatop[\~|A]4\-</out> <cl>atom</cl></e>
<e n='33'> <in>a4/~</in> <out>\diatop[\'|{\diatop[\~|a]}]4\-</out> <cl>atom</cl></e>
<e n='33a'> <in>{a4/~}</in> <out>\diatop[\'|{\diatop[\~|A]}]4\-</out> <cl>atom</cl></e>
<e n='34'> <in>a4\~</in> <out>\diatop[\~|a]4\-</out> <cl>atom</cl></e>
<e n='34a'> <in>{a4\~}</in> <out>\diatop[\~|A]4\-</out> <cl>atom</cl></e>
<e n='35'> <in>a4^~</in> <out>\diatop[\`|{\diatop[\~|a]}]4\-</out> <cl>atom</cl></e>
<e n='35a'> <in>{a4^~}</in> <out>\diatop[\`|{\diatop[\~|A]}]4\-</out> <cl>atom</cl></e>
<e n='36'> <in>a*</in> <out>$^{\textrm{\footnotesize a}}$\-</out> <cl>atom</cl></e>
<e n='36a'> <in>{a*}</in> <out>$^{\textrm{\footnotesize A}}$\-</out> <cl>atom</cl></e>
<e n='37'> <in>i</in> <out>i\-</out> <cl>atom</cl></e>
<e n='37a'> <in>{i}</in> <out>I\-</out> <cl>atom</cl></e>
<e n='38'> <in>i~</in> <out>\diatop[\~|\i]\-</out> <cl>atom</cl></e>
<e n='38a'> <in>{i~}</in> <out>\diatop[\~|\I]\-</out> <cl>atom</cl></e>
<e n='39'> <in>i/</in> <out>\diatop[\'|\i]\-</out> <cl>atom</cl></e>
<e n='39a'> <in>{i/}</in> <out>\diatop[\'|\I]\-</out> <cl>atom</cl></e>
<e n='40'> <in>i/~</in> <out>\diatop[\'|{\diatop[\~|\i]}]\-</out> <cl>atom</cl></e>
<e n='40a'> <in>{i/~}</in> <out>\diatop[\'|{\diatop[\~|\I]}]\-</out> <cl>atom</cl></e>
<e n='41'> <in>i\</in> <out>i\-</out> <cl>atom</cl></e>
<e n='41a'> <in>{i\}</in> <out>I\-</out> <cl>atom</cl></e>
<e n='42'> <in>i\~</in> <out>\diatop[\~|{\i}]\-</out> <cl>atom</cl></e>
<e n='42a'> <in>{i\~}</in> <out>\diatop[\~|{\I}]\-</out> <cl>atom</cl></e>
<e n='43'> <in>i^</in> <out>\diatop[\`|\i]\-</out> <cl>atom</cl></e>
<e n='43a'> <in>{i^}</in> <out>\diatop[\`|\I]\-</out> <cl>atom</cl></e>
<e n='44'> <in>i^~</in> <out>\diatop[\`|{\diatop[\~|\i]}]\-</out> <cl>atom</cl></e>
<e n='44a'> <in>{i^~}</in> <out>\diatop[\`|{\diatop[\~|\I]}]\-</out> <cl>atom</cl></e>
<e n='45'> <in>i1#</in> <out>i\-</out> <cl>atom</cl></e>
<e n='45a'> <in>{i1#}</in> <out>I\-</out> <cl>atom</cl></e>
<e n='46'> <in>i1#~</in> <out>\diatop[\~|\i]\-</out> <cl>atom</cl></e>
<e n='46a'> <in>{i1#~}</in> <out>\diatop[\~|\I]\-</out> <cl>atom</cl></e>
<e n='47'> <in>i1#/</in> <out>\diatop[\'|\i]\-</out> <cl>atom</cl></e>
<e n='47a'> <in>{i1#/}</in> <out>\diatop[\'|\I]\-</out> <cl>atom</cl></e>
<e n='48'> <in>i1#/~</in> <out>\diatop[\'|{\diatop[\~|\i]}]\-</out> <cl>atom</cl></e>
<e n='48a'> <in>{i1#/~}</in> <out>\diatop[\'|{\diatop[\~|\I]}]\-</out> <cl>atom</cl></e>
<e n='49'> <in>i1#\</in> <out>i\-</out> <cl>atom</cl></e>
<e n='49a'> <in>{i1#\}</in> <out>I\-</out> <cl>atom</cl></e>
<e n='50'> <in>i1#\~</in> <out>\diatop[\~|{\i}]\-</out> <cl>atom</cl></e>
<e n='50a'> <in>{i1#\~}</in> <out>\diatop[\~|{\I}]\-</out> <cl>atom</cl></e>
<e n='51'> <in>i1#^</in> <out>\diatop[\`|\i]\-</out> <cl>atom</cl></e>
<e n='51a'> <in>{i1#^}</in> <out>\diatop[\`|\I]\-</out> <cl>atom</cl></e>
<e n='52'> <in>i1#^~</in> <out>\diatop[\`|{\diatop[\~|\i]}]\-</out> <cl>atom</cl></e>
<e n='52a'> <in>{i1#^~}</in> <out>\diatop[\`|{\diatop[\~|\I]}]\-</out> <cl>atom</cl></e>
<e n='53'> <in>I</in> <out>\={\i}\-</out> <cl>atom</cl></e>
<e n='53a'> <in>{I}</in> <out>\=I\-</out> <cl>atom</cl></e>
<e n='54'> <in>I~</in> <out>\diatop[\~|\={\i}]\-</out> <cl>atom</cl></e>
<e n='54a'> <in>{I~}</in> <out>\diatop[\~|\=I]\-</out> <cl>atom</cl></e>
<e n='55'> <in>I/</in> <out>\diatop[\'|\={\i}]\-</out> <cl>atom</cl></e>
<e n='55a'> <in>{I/}</in> <out>\diatop[\'|\=I]\-</out> <cl>atom</cl></e>
<e n='56'> <in>I/~</in> <out>\diatop[\'|{\diatop[\~|\={\i}]}]\-</out> <cl>atom</cl></e>
<e n='56a'> <in>{I/~}</in> <out>\diatop[\'|{\diatop[\~|\=I]}]\-</out> <cl>atom</cl></e>
<e n='57'> <in>I\</in> <out>\={\i}\-</out> <cl>atom</cl></e>
<e n='57a'> <in>{I\}</in> <out>\=I\-</out> <cl>atom</cl></e>
<e n='58'> <in>I\~</in> <out>\diatop[\~|\={\i}]\-</out> <cl>atom</cl></e>
<e n='58a'> <in>{I\~}</in> <out>\diatop[\~|\=I]\-</out> <cl>atom</cl></e>
<e n='59'> <in>I^</in> <out>\diatop[\`|\={\i}]\-</out> <cl>atom</cl></e>
<e n='59a'> <in>{I^}</in> <out>\diatop[\`|\=I]\-</out> <cl>atom</cl></e>
<e n='60'> <in>I^~</in> <out>\diatop[\`|{\diatop[\~|\={\i}]}]\-</out> <cl>atom</cl></e>
<e n='60a'> <in>{I^~}</in> <out>\diatop[\`|{\diatop[\~|\=I]}]\-</out> <cl>atom</cl></e>
<e n='61'> <in>i3</in> <out>i3\-</out> <cl>atom</cl></e>
<e n='61a'> <in>{i3}</in> <out>I3\-</out> <cl>atom</cl></e>
<e n='62'> <in>i3~</in> <out>\diatop[\~|\i]3\-</out> <cl>atom</cl></e>
<e n='62a'> <in>{i3~}</in> <out>\diatop[\~|\I]3\-</out> <cl>atom</cl></e>
<e n='63'> <in>i3/</in> <out>\diatop[\'|\i]3\-</out> <cl>atom</cl></e>
<e n='63a'> <in>{i3/}</in> <out>\diatop[\'|\I]3\-</out> <cl>atom</cl></e>
<e n='64'> <in>i3/~</in> <out>\diatop[\'|{\diatop[\~|\i]}]3\-</out> <cl>atom</cl></e>
<e n='64a'> <in>{i3/~}</in> <out>\diatop[\'|{\diatop[\~|\I]}]3\-</out> <cl>atom</cl></e>
<e n='65'> <in>i3\</in> <out>i3\-</out> <cl>atom</cl></e>
<e n='65a'> <in>{i3\}</in> <out>I3\-</out> <cl>atom</cl></e>
<e n='66'> <in>i3\~</in> <out>\diatop[\~|{\i}]3\-</out> <cl>atom</cl></e>
<e n='66a'> <in>{i3\~}</in> <out>\diatop[\~|{\I}]3\-</out> <cl>atom</cl></e>
<e n='67'> <in>i3^</in> <out>\diatop[\`|\i]3\-</out> <cl>atom</cl></e>
<e n='67a'> <in>{i3^}</in> <out>\diatop[\`|\I]3\-</out> <cl>atom</cl></e>
<e n='68'> <in>i3^~</in> <out>\diatop[\`|{\diatop[\~|\i]}]3\-</out> <cl>atom</cl></e>
<e n='68a'> <in>{i3^~}</in> <out>\diatop[\`|{\diatop[\~|\I]}]3\-</out> <cl>atom</cl></e>
<e n='69'> <in>i4~</in> <out>\diatop[\~|\i]4\-</out> <cl>atom</cl></e>
<e n='69a'> <in>{i4~}</in> <out>\diatop[\~|\I]4\-</out> <cl>atom</cl></e>
<e n='70'> <in>i4/~</in> <out>\diatop[\'|{\diatop[\~|\i]}]4\-</out> <cl>atom</cl></e>
<e n='70a'> <in>{i4/~}</in> <out>\diatop[\'|{\diatop[\~|\I]}]4\-</out> <cl>atom</cl></e>
<e n='71'> <in>i4\~</in> <out>\diatop[\~|{\i}]4\-</out> <cl>atom</cl></e>
<e n='71a'> <in>{i4\~}</in> <out>\diatop[\~|{\I}]4\-</out> <cl>atom</cl></e>
<e n='72'> <in>i4^~</in> <out>\diatop[\`|{\diatop[\~|\i]}]4\-</out> <cl>atom</cl></e>
<e n='72a'> <in>{i4^~}</in> <out>\diatop[\`|{\diatop[\~|\I]}]4\-</out> <cl>atom</cl></e>
<e n='73'> <in>i*</in> <out>$^{\textrm{\footnotesize i}}$\-</out> <cl>atom</cl></e>
<e n='73a'> <in>{i*}</in> <out>$^{\textrm{\footnotesize I}}$\-</out> <cl>atom</cl></e>
<e n='74'> <in>u</in> <out>u\-</out> <cl>atom</cl></e>
<e n='74a'> <in>{u}</in> <out>U\-</out> <cl>atom</cl></e>
<e n='75'> <in>u~</in> <out>\diatop[\~|u]\-</out> <cl>atom</cl></e>
<e n='75a'> <in>{u~}</in> <out>\diatop[\~|U]\-</out> <cl>atom</cl></e>
<e n='76'> <in>u/</in> <out>\diatop[\'|u]\-</out> <cl>atom</cl></e>
<e n='76a'> <in>{u/}</in> <out>\diatop[\'|U]\-</out> <cl>atom</cl></e>
<e n='77'> <in>u/~</in> <out>\diatop[\'|{\diatop[\~|u]}]\-</out> <cl>atom</cl></e>
<e n='77a'> <in>{u/~}</in> <out>\diatop[\'|{\diatop[\~|U]}]\-</out> <cl>atom</cl></e>
<e n='78'> <in>u\</in> <out>u\-</out> <cl>atom</cl></e>
<e n='78a'> <in>{u\}</in> <out>U\-</out> <cl>atom</cl></e>
<e n='79'> <in>u\~</in> <out>\diatop[\~|u]\-</out> <cl>atom</cl></e>
<e n='79a'> <in>{u\~}</in> <out>\diatop[\~|U]\-</out> <cl>atom</cl></e>
<e n='80'> <in>u^</in> <out>\diatop[\`|u]\-</out> <cl>atom</cl></e>
<e n='80a'> <in>{u^}</in> <out>\diatop[\`|U]\-</out> <cl>atom</cl></e>
<e n='81'> <in>u^~</in> <out>\diatop[\`|{\diatop[\~|u]}]\-</out> <cl>atom</cl></e>
<e n='81a'> <in>{u^~}</in> <out>\diatop[\`|{\diatop[\~|U]}]\-</out> <cl>atom</cl></e>
<e n='82'> <in>u1#</in> <out>u\-</out> <cl>atom</cl></e>
<e n='82a'> <in>{u1#}</in> <out>U\-</out> <cl>atom</cl></e>
<e n='83'> <in>u1#~</in> <out>\diatop[\~|u]\-</out> <cl>atom</cl></e>
<e n='83a'> <in>{u1#~}</in> <out>\diatop[\~|U]\-</out> <cl>atom</cl></e>
<e n='84'> <in>u1#/</in> <out>\diatop[\'|u]\-</out> <cl>atom</cl></e>
<e n='84a'> <in>{u1#/}</in> <out>\diatop[\'|U]\-</out> <cl>atom</cl></e>
<e n='85'> <in>u1#/~</in> <out>\diatop[\'|{\diatop[\~|u]}]\-</out> <cl>atom</cl></e>
<e n='85a'> <in>{u1#/~}</in> <out>\diatop[\'|{\diatop[\~|U]}]\-</out> <cl>atom</cl></e>
<e n='86'> <in>u1#\</in> <out>u\-</out> <cl>atom</cl></e>
<e n='86a'> <in>{u1#\}</in> <out>U\-</out> <cl>atom</cl></e>
<e n='87'> <in>u1#\~</in> <out>\diatop[\~|u]\-</out> <cl>atom</cl></e>
<e n='87a'> <in>{u1#\~}</in> <out>\diatop[\~|U]\-</out> <cl>atom</cl></e>
<e n='88'> <in>u1#^</in> <out>\diatop[\`|u]\-</out> <cl>atom</cl></e>
<e n='88a'> <in>{u1#^}</in> <out>\diatop[\`|U]\-</out> <cl>atom</cl></e>
<e n='89'> <in>u1#^~</in> <out>\diatop[\`|{\diatop[\~|u]}]\-</out> <cl>atom</cl></e>
<e n='89a'> <in>{u1#^~}</in> <out>\diatop[\`|{\diatop[\~|U]}]\-</out> <cl>atom</cl></e>
<e n='90'> <in>U</in> <out>\=u\-</out> <cl>atom</cl></e>
<e n='90a'> <in>{U}</in> <out>\=U\-</out> <cl>atom</cl></e>
<e n='91'> <in>U~</in> <out>\diatop[\~|\=u]\-</out> <cl>atom</cl></e>
<e n='91a'> <in>{U~}</in> <out>\diatop[\~|\=U]\-</out> <cl>atom</cl></e>
<e n='92'> <in>U/</in> <out>\diatop[\'|\=u]\-</out> <cl>atom</cl></e>
<e n='92a'> <in>{U/}</in> <out>\diatop[\'|\=U]\-</out> <cl>atom</cl></e>
<e n='93'> <in>U/~</in> <out>\diatop[\'|{\diatop[\~|\=u]}]\-</out> <cl>atom</cl></e>
<e n='93a'> <in>{U/~}</in> <out>\diatop[\'|{\diatop[\~|\=U]}]\-</out> <cl>atom</cl></e>
<e n='94'> <in>U\</in> <out>\=u\-</out> <cl>atom</cl></e>
<e n='94a'> <in>{U\}</in> <out>\=U\-</out> <cl>atom</cl></e>
<e n='95'> <in>U\~</in> <out>\diatop[\~|\=u]\-</out> <cl>atom</cl></e>
<e n='95a'> <in>{U\~}</in> <out>\diatop[\~|\=U]\-</out> <cl>atom</cl></e>
<e n='96'> <in>U^</in> <out>\diatop[\`|\=u]\-</out> <cl>atom</cl></e>
<e n='96a'> <in>{U^}</in> <out>\diatop[\`|\=U]\-</out> <cl>atom</cl></e>
<e n='97'> <in>U^~</in> <out>\diatop[\`|{\diatop[\~|\=u]}]\-</out> <cl>atom</cl></e>
<e n='97a'> <in>{U^~}</in> <out>\diatop[\`|{\diatop[\~|\=U]}]\-</out> <cl>atom</cl></e>
<e n='98'> <in>u3</in> <out>u3\-</out> <cl>atom</cl></e>
<e n='98a'> <in>{u3}</in> <out>U3\-</out> <cl>atom</cl></e>
<e n='99'> <in>u3~</in> <out>\diatop[\~|u]3\-</out> <cl>atom</cl></e>
<e n='99a'> <in>{u3~}</in> <out>\diatop[\~|U]3\-</out> <cl>atom</cl></e>
<e n='100'> <in>u3/</in> <out>\diatop[\'|u]3\-</out> <cl>atom</cl></e>
<e n='100a'> <in>{u3/}</in> <out>\diatop[\'|U]3\-</out> <cl>atom</cl></e>
<e n='101'> <in>u3/~</in> <out>\diatop[\'|{\diatop[\~|u]}]3\-</out> <cl>atom</cl></e>
<e n='101a'> <in>{u3/~}</in> <out>\diatop[\'|{\diatop[\~|U]}]3\-</out> <cl>atom</cl></e>
<e n='102'> <in>u3\</in> <out>u3\-</out> <cl>atom</cl></e>
<e n='102a'> <in>{u3\}</in> <out>U3\-</out> <cl>atom</cl></e>
<e n='103'> <in>u3\~</in> <out>\diatop[\~|u]3\-</out> <cl>atom</cl></e>
<e n='103a'> <in>{u3\~}</in> <out>\diatop[\~|U]3\-</out> <cl>atom</cl></e>
<e n='104'> <in>u3^</in> <out>\diatop[\`|u]3\-</out> <cl>atom</cl></e>
<e n='104a'> <in>{u3^}</in> <out>\diatop[\`|U]3\-</out> <cl>atom</cl></e>
<e n='105'> <in>u3^~</in> <out>\diatop[\`|{\diatop[\~|u]}]3\-</out> <cl>atom</cl></e>
<e n='105a'> <in>{u3^~}</in> <out>\diatop[\`|{\diatop[\~|U]}]3\-</out> <cl>atom</cl></e>
<e n='106'> <in>u4~</in> <out>\diatop[\~|u]4\-</out> <cl>atom</cl></e>
<e n='106a'> <in>{u4~}</in> <out>\diatop[\~|U]4\-</out> <cl>atom</cl></e>
<e n='107'> <in>u4/~</in> <out>\diatop[\'|{\diatop[\~|u]}]4\-</out> <cl>atom</cl></e>
<e n='107a'> <in>{u4/~}</in> <out>\diatop[\'|{\diatop[\~|U]}]4\-</out> <cl>atom</cl></e>
<e n='108'> <in>u4\~</in> <out>\diatop[\~|u]4\-</out> <cl>atom</cl></e>
<e n='108a'> <in>{u4\~}</in> <out>\diatop[\~|U]4\-</out> <cl>atom</cl></e>
<e n='109'> <in>u4^~</in> <out>\diatop[\`|{\diatop[\~|u]}]4\-</out> <cl>atom</cl></e>
<e n='109a'> <in>{u4^~}</in> <out>\diatop[\`|{\diatop[\~|U]}]4\-</out> <cl>atom</cl></e>
<e n='110'> <in>u*</in> <out>$^{\textrm{\footnotesize u}}$\-</out> <cl>atom</cl></e>
<e n='110a'> <in>{u*}</in> <out>$^{\textrm{\footnotesize U}}$\-</out> <cl>atom</cl></e>
<e n='111'> <in>f</in> <out>\textsubring{r}\-</out> <cl>atom</cl></e>
<e n='111a'> <in>{f}</in> <out>\textsubring{R}\-</out> <cl>atom</cl></e>
<e n='112'> <in>f~</in> <out>\diatop[\~|\textsubring{r}]\-</out> <cl>atom</cl></e>
<e n='112a'> <in>{f~}</in> <out>\diatop[\~|\textsubring{R}]\-</out> <cl>atom</cl></e>
<e n='113'> <in>f/</in> <out>\diatop[\'|\textsubring{r}]\-</out> <cl>atom</cl></e>
<e n='113a'> <in>{f/}</in> <out>\diatop[\'|\textsubring{R}]\-</out> <cl>atom</cl></e>
<e n='114'> <in>f/~</in> <out>\diatop[\'|{\diatop[\~|\textsubring{r}]}]\-</out> <cl>atom</cl></e>
<e n='114a'> <in>{f/~}</in> <out>\diatop[\'|{\diatop[\~|\textsubring{R}]}]\-</out> <cl>atom</cl></e>
<e n='115'> <in>f\</in> <out>\textsubring{r}\-</out> <cl>atom</cl></e>
<e n='115a'> <in>{f\}</in> <out>\textsubring{R}\-</out> <cl>atom</cl></e>
<e n='116'> <in>f\~</in> <out>\diatop[\~|\textsubring{r}]\-</out> <cl>atom</cl></e>
<e n='116a'> <in>{f\~}</in> <out>\diatop[\~|\textsubring{R}]\-</out> <cl>atom</cl></e>
<e n='117'> <in>f^</in> <out>\diatop[\`|\textsubring{r}]\-</out> <cl>atom</cl></e>
<e n='117a'> <in>{f^}</in> <out>\diatop[\`|\textsubring{R}]\-</out> <cl>atom</cl></e>
<e n='118'> <in>f^~</in> <out>\diatop[\`|{\diatop[\~|\textsubring{r}]}]\-</out> <cl>atom</cl></e>
<e n='118a'> <in>{f^~}</in> <out>\diatop[\`|{\diatop[\~|\textsubring{R}]}]\-</out> <cl>atom</cl></e>
<e n='119'> <in>f1#</in> <out>\textsubring{r}\-</out> <cl>atom</cl></e>
<e n='119a'> <in>{f1#}</in> <out>\textsubring{R}\-</out> <cl>atom</cl></e>
<e n='120'> <in>f1#~</in> <out>\diatop[\~|\textsubring{r}]\-</out> <cl>atom</cl></e>
<e n='120a'> <in>{f1#~}</in> <out>\diatop[\~|\textsubring{R}]\-</out> <cl>atom</cl></e>
<e n='121'> <in>f1#/</in> <out>\diatop[\'|\textsubring{r}]\-</out> <cl>atom</cl></e>
<e n='121a'> <in>{f1#/}</in> <out>\diatop[\'|\textsubring{R}]\-</out> <cl>atom</cl></e>
<e n='122'> <in>f1#/~</in> <out>\diatop[\'|{\diatop[\~|\textsubring{r}]}]\-</out> <cl>atom</cl></e>
<e n='122a'> <in>{f1#/~}</in> <out>\diatop[\'|{\diatop[\~|\textsubring{R}]}]\-</out> <cl>atom</cl></e>
<e n='123'> <in>f1#\</in> <out>\textsubring{r}\-</out> <cl>atom</cl></e>
<e n='123a'> <in>{f1#\}</in> <out>\textsubring{R}\-</out> <cl>atom</cl></e>
<e n='124'> <in>f1#\~</in> <out>\diatop[\~|\textsubring{r}]\-</out> <cl>atom</cl></e>
<e n='124a'> <in>{f1#\~}</in> <out>\diatop[\~|\textsubring{R}]\-</out> <cl>atom</cl></e>
<e n='125'> <in>f1#^</in> <out>\diatop[\`|\textsubring{r}]\-</out> <cl>atom</cl></e>
<e n='125a'> <in>{f1#^}</in> <out>\diatop[\`|\textsubring{R}]\-</out> <cl>atom</cl></e>
<e n='126'> <in>f1#^~</in> <out>\diatop[\`|{\diatop[\~|\textsubring{r}]}]\-</out> <cl>atom</cl></e>
<e n='126a'> <in>{f1#^~}</in> <out>\diatop[\`|{\diatop[\~|\textsubring{R}]}]\-</out> <cl>atom</cl></e>
<e n='127'> <in>F</in> <out>\textsubring{\=r}\-</out> <cl>atom</cl></e>
<e n='127a'> <in>{F}</in> <out>\textsubring{\=R}\-</out> <cl>atom</cl></e>
<e n='128'> <in>F~</in> <out>\diatop[\~|\textsubring{\=r}]\-</out> <cl>atom</cl></e>
<e n='128a'> <in>{F~}</in> <out>\diatop[\~|\textsubring{\=R}]\-</out> <cl>atom</cl></e>
<e n='129'> <in>F/</in> <out>\diatop[\'|\textsubring{\=r}]\-</out> <cl>atom</cl></e>
<e n='129a'> <in>{F/}</in> <out>\diatop[\'|\textsubring{\=R}]\-</out> <cl>atom</cl></e>
<e n='130'> <in>F/~</in> <out>\diatop[\'|{\diatop[\~|\textsubring{\=r}]}]\-</out> <cl>atom</cl></e>
<e n='130a'> <in>{F/~}</in> <out>\diatop[\'|{\diatop[\~|\textsubring{\=R}]}]\-</out> <cl>atom</cl></e>
<e n='131'> <in>F\</in> <out>\textsubring{\=r}\-</out> <cl>atom</cl></e>
<e n='131a'> <in>{F\}</in> <out>\textsubring{\=R}\-</out> <cl>atom</cl></e>
<e n='132'> <in>F\~</in> <out>\diatop[\~|\textsubring{\=r}]\-</out> <cl>atom</cl></e>
<e n='132a'> <in>{F\~}</in> <out>\diatop[\~|\textsubring{\=R}]\-</out> <cl>atom</cl></e>
<e n='133'> <in>F^</in> <out>\diatop[\`|\textsubring{\=r}]\-</out> <cl>atom</cl></e>
<e n='133a'> <in>{F^}</in> <out>\diatop[\`|\textsubring{\=R}]\-</out> <cl>atom</cl></e>
<e n='134'> <in>F^~</in> <out>\diatop[\`|{\diatop[\~|\textsubring{\=r}]}]\-</out> <cl>atom</cl></e>
<e n='134a'> <in>{F^~}</in> <out>\diatop[\`|{\diatop[\~|\textsubring{\=R}]}]\-</out> <cl>atom</cl></e>
<e n='135'> <in>f3</in> <out>\textsubring{r}3\-</out> <cl>atom</cl></e>
<e n='135a'> <in>{f3}</in> <out>\textsubring{R}3\-</out> <cl>atom</cl></e>
<e n='136'> <in>{f3~</in> <out>\diatop[\~|\textsubring{r}]3\-</out> <cl>atom</cl></e>
<e n='136a'> <in>{f3~}</in> <out>\diatop[\~|\textsubring{R}]3\-</out> <cl>atom</cl></e>
<e n='137'> <in>{f3/</in> <out>\diatop[\'|\textsubring{r}]3\-</out> <cl>atom</cl></e>
<e n='137a'> <in>{f3/}</in> <out>\diatop[\'|\textsubring{R}]3\-</out> <cl>atom</cl></e>
<e n='138'> <in>{f3/~</in> <out>\diatop[\'|{\diatop[\~|\textsubring{r}]}]3\-</out> <cl>atom</cl></e>
<e n='138a'> <in>{f3/~}</in> <out>\diatop[\'|{\diatop[\~|\textsubring{R}]}]3\-</out> <cl>atom</cl></e>
<e n='139'> <in>f3\</in> <out>\textsubring{r}3\-</out> <cl>atom</cl></e>
<e n='139a'> <in>{f3\}</in> <out>\textsubring{R}3\-</out> <cl>atom</cl></e>
<e n='140'> <in>f3\~</in> <out>\diatop[\~|\textsubring{r}]3\-</out> <cl>atom</cl></e>
<e n='140a'> <in>{f3\~}</in> <out>\diatop[\~|\textsubring{R}]3\-</out> <cl>atom</cl></e>
<e n='141'> <in>f3^</in> <out>\diatop[\`|\textsubring{r}]3\-</out> <cl>atom</cl></e>
<e n='141a'> <in>{f3^}</in> <out>\diatop[\`|\textsubring{R}]3\-</out> <cl>atom</cl></e>
<e n='142'> <in>f3^~</in> <out>\diatop[\`|{\diatop[\~|\textsubring{r}]}]3\-</out> <cl>atom</cl></e>
<e n='142a'> <in>{f3^~}</in> <out>\diatop[\`|{\diatop[\~|\textsubring{R}]}]3\-</out> <cl>atom</cl></e>
<e n='143'> <in>f4~</in> <out>\diatop[\~|\textsubring{r}]4\-</out> <cl>atom</cl></e>
<e n='143a'> <in>{f4~}</in> <out>\diatop[\~|\textsubring{R}]4\-</out> <cl>atom</cl></e>
<e n='144'> <in>f4/~</in> <out>\diatop[\'|{\diatop[\~|\textsubring{r}]}]4\-</out> <cl>atom</cl></e>
<e n='144a'> <in>{f4/~}</in> <out>\diatop[\'|{\diatop[\~|\textsubring{R}]}]4\-</out> <cl>atom</cl></e>
<e n='145'> <in>f4\~</in> <out>\diatop[\~|\textsubring{r}]4\-</out> <cl>atom</cl></e>
<e n='145a'> <in>{f4\~}</in> <out>\diatop[\~|\textsubring{R}]4\-</out> <cl>atom</cl></e>
<e n='146'> <in>f4^~</in> <out>\diatop[\`|{\diatop[\~|\textsubring{r}]}]4\-</out> <cl>atom</cl></e>
<e n='146a'> <in>{f4^~}</in> <out>\diatop[\`|{\diatop[\~|\textsubring{R}]}]4\-</out> <cl>atom</cl></e>
<e n='147'> <in>f*</in> <out>$^{\textrm{\footnotesize \textsubring{r}}}$\-</out> <cl>atom</cl></e>
<e n='147a'> <in>{f*}</in> <out>$^{\textrm{\footnotesize \textsubring{R}}}$\-</out> <cl>atom</cl></e>
<e n='148'> <in>x</in> <out>\textsubring{l}\-</out> <cl>atom</cl></e>
<e n='148a'> <in>{x}</in> <out>\textsubring{L}\-</out> <cl>atom</cl></e>
<e n='149'> <in>x~</in> <out>\diatop[\~|\textsubring{l}]\-</out> <cl>atom</cl></e>
<e n='149a'> <in>{x~}</in> <out>\diatop[\~|\textsubring{L}]\-</out> <cl>atom</cl></e>
<e n='150'> <in>x/</in> <out>\diatop[\'|\textsubring{l}]\-</out> <cl>atom</cl></e>
<e n='150a'> <in>{x/}</in> <out>\diatop[\'|\textsubring{L}]\-</out> <cl>atom</cl></e>
<e n='151'> <in>x/~</in> <out>\diatop[\'|{\diatop[\~|\textsubring{l}]}]\-</out> <cl>atom</cl></e>
<e n='151a'> <in>{x/~}</in> <out>\diatop[\'|{\diatop[\~|\textsubring{L}]}]\-</out> <cl>atom</cl></e>
<e n='152'> <in>x\</in> <out>\textsubring{l}\-</out> <cl>atom</cl></e>
<e n='152a'> <in>{x\}</in> <out>\textsubring{L}\-</out> <cl>atom</cl></e>
<e n='153'> <in>x\~</in> <out>\diatop[\~|\textsubring{l}]\-</out> <cl>atom</cl></e>
<e n='153a'> <in>{x\~}</in> <out>\diatop[\~|\textsubring{L}]\-</out> <cl>atom</cl></e>
<e n='154'> <in>x^</in> <out>\diatop[\`|\textsubring{l}]\-</out> <cl>atom</cl></e>
<e n='154a'> <in>{x^}</in> <out>\diatop[\`|\textsubring{L}]\-</out> <cl>atom</cl></e>
<e n='155'> <in>x^~</in> <out>\diatop[\`|{\diatop[\~|\textsubring{l}]}]\-</out> <cl>atom</cl></e>
<e n='155a'> <in>{x^~}</in> <out>\diatop[\`|{\diatop[\~|\textsubring{L}]}]\-</out> <cl>atom</cl></e>
<e n='156'> <in>x1#</in> <out>\textsubring{l}\-</out> <cl>atom</cl></e>
<e n='156a'> <in>{x1#}</in> <out>\textsubring{L}\-</out> <cl>atom</cl></e>
<e n='157'> <in>x1#~</in> <out>\diatop[\~|\textsubring{l}]\-</out> <cl>atom</cl></e>
<e n='157a'> <in>{x1#~}</in> <out>\diatop[\~|\textsubring{L}]\-</out> <cl>atom</cl></e>
<e n='158'> <in>x1#/</in> <out>\diatop[\'|\textsubring{l}]\-</out> <cl>atom</cl></e>
<e n='158a'> <in>{x1#/}</in> <out>\diatop[\'|\textsubring{L}]\-</out> <cl>atom</cl></e>
<e n='159'> <in>x1#/~</in> <out>\diatop[\'|{\diatop[\~|\textsubring{l}]}]\-</out> <cl>atom</cl></e>
<e n='159a'> <in>{x1#/~}</in> <out>\diatop[\'|{\diatop[\~|\textsubring{L}]}]\-</out> <cl>atom</cl></e>
<e n='160'> <in>x1#\</in> <out>\textsubring{l}\-</out> <cl>atom</cl></e>
<e n='160a'> <in>{x1#\}</in> <out>\textsubring{L}\-</out> <cl>atom</cl></e>
<e n='161'> <in>x1#\~</in> <out>\diatop[\~|\textsubring{l}]\-</out> <cl>atom</cl></e>
<e n='161a'> <in>{x1#\~}</in> <out>\diatop[\~|\textsubring{L}]\-</out> <cl>atom</cl></e>
<e n='162'> <in>x1#^</in> <out>\diatop[\`|\textsubring{l}]\-</out> <cl>atom</cl></e>
<e n='162a'> <in>{x1#^}</in> <out>\diatop[\`|\textsubring{L}]\-</out> <cl>atom</cl></e>
<e n='163'> <in>x1#^~</in> <out>\diatop[\`|{\diatop[\~|\textsubring{l}]}]\-</out> <cl>atom</cl></e>
<e n='163a'> <in>{x1#^~}</in> <out>\diatop[\`|{\diatop[\~|\textsubring{L}]}]\-</out> <cl>atom</cl></e>
<e n='164'> <in>X</in> <out>\textsubring{\=l}\-</out> <cl>atom</cl></e>
<e n='164a'> <in>{X}</in> <out>\textsubring{\=L}\-</out> <cl>atom</cl></e>
<e n='165'> <in>X~</in> <out>\diatop[\~|\textsubring{\=l}]\-</out> <cl>atom</cl></e>
<e n='165a'> <in>{X~}</in> <out>\diatop[\~|\textsubring{\=L}]\-</out> <cl>atom</cl></e>
<e n='166'> <in>X/</in> <out>\diatop[\'|\textsubring{\=l}]\-</out> <cl>atom</cl></e>
<e n='166a'> <in>{X/}</in> <out>\diatop[\'|\textsubring{\=L}]\-</out> <cl>atom</cl></e>
<e n='167'> <in>X/~</in> <out>\diatop[\'|{\diatop[\~|\textsubring{\=l}]}]\-</out> <cl>atom</cl></e>
<e n='167a'> <in>{X/~}</in> <out>\diatop[\'|{\diatop[\~|\textsubring{\=L}]}]\-</out> <cl>atom</cl></e>
<e n='168'> <in>X\</in> <out>\textsubring{\=l}\-</out> <cl>atom</cl></e>
<e n='168a'> <in>{X\}</in> <out>\textsubring{\=L}\-</out> <cl>atom</cl></e>
<e n='169'> <in>X\~</in> <out>\diatop[\~|\textsubring{\=l}]\-</out> <cl>atom</cl></e>
<e n='169a'> <in>{X\~}</in> <out>\diatop[\~|\textsubring{\=L}]\-</out> <cl>atom</cl></e>
<e n='170'> <in>X^</in> <out>\diatop[\`|\textsubring{\=l}]\-</out> <cl>atom</cl></e>
<e n='170a'> <in>{X^}</in> <out>\diatop[\`|\textsubring{\=L}]\-</out> <cl>atom</cl></e>
<e n='171'> <in>X^~</in> <out>\diatop[\`|{\diatop[\~|\textsubring{\=l}]}]\-</out> <cl>atom</cl></e>
<e n='171a'> <in>{X^~}</in> <out>\diatop[\`|{\diatop[\~|\textsubring{\=L}]}]\-</out> <cl>atom</cl></e>
<e n='172'> <in>x3</in> <out>\textsubring{l}3\-</out> <cl>atom</cl></e>
<e n='172a'> <in>{x3}</in> <out>\textsubring{L}3\-</out> <cl>atom</cl></e>
<e n='173'> <in>x3~</in> <out>\diatop[\~|\textsubring{l}]3\-</out> <cl>atom</cl></e>
<e n='173a'> <in>{x3~}</in> <out>\diatop[\~|\textsubring{L}]3\-</out> <cl>atom</cl></e>
<e n='174'> <in>x3/</in> <out>\diatop[\'|\textsubring{l}]3\-</out> <cl>atom</cl></e>
<e n='174a'> <in>{x3/}</in> <out>\diatop[\'|\textsubring{L}]3\-</out> <cl>atom</cl></e>
<e n='175'> <in>x3/~</in> <out>\diatop[\'|{\diatop[\~|\textsubring{l}]}]3\-</out> <cl>atom</cl></e>
<e n='175a'> <in>{x3/~}</in> <out>\diatop[\'|{\diatop[\~|\textsubring{L}]}]3\-</out> <cl>atom</cl></e>
<e n='176'> <in>x3\</in> <out>\textsubring{l}3\-</out> <cl>atom</cl></e>
<e n='176a'> <in>{x3\}</in> <out>\textsubring{L}3\-</out> <cl>atom</cl></e>
<e n='177'> <in>x3\~</in> <out>\diatop[\~|\textsubring{l}]3\-</out> <cl>atom</cl></e>
<e n='177a'> <in>{x3\~}</in> <out>\diatop[\~|\textsubring{L}]3\-</out> <cl>atom</cl></e>
<e n='178'> <in>x3^</in> <out>\diatop[\`|\textsubring{l}]3\-</out> <cl>atom</cl></e>
<e n='178a'> <in>{x3^}</in> <out>\diatop[\`|\textsubring{L}]3\-</out> <cl>atom</cl></e>
<e n='179'> <in>x3^~</in> <out>\diatop[\`|{\diatop[\~|\textsubring{l}]}]3\-</out> <cl>atom</cl></e>
<e n='179a'> <in>{x3^~}</in> <out>\diatop[\`|{\diatop[\~|\textsubring{L}]}]3\-</out> <cl>atom</cl></e>
<e n='180'> <in>x4~</in> <out>\diatop[\~|\textsubring{l}]4\-</out> <cl>atom</cl></e>
<e n='180a'> <in>{x4~}</in> <out>\diatop[\~|\textsubring{L}]4\-</out> <cl>atom</cl></e>
<e n='181'> <in>x4/~</in> <out>\diatop[\'|{\diatop[\~|\textsubring{l}]}]4\-</out> <cl>atom</cl></e>
<e n='181a'> <in>{x4/~}</in> <out>\diatop[\'|{\diatop[\~|\textsubring{L}]}]4\-</out> <cl>atom</cl></e>
<e n='182'> <in>x4\~</in> <out>\diatop[\~|\textsubring{l}]4\-</out> <cl>atom</cl></e>
<e n='182a'> <in>{x4\~}</in> <out>\diatop[\~|\textsubring{L}]4\-</out> <cl>atom</cl></e>
<e n='183'> <in>x4^~</in> <out>\diatop[\`|{\diatop[\~|\textsubring{l}]}]4\-</out> <cl>atom</cl></e>
<e n='183a'> <in>{x4^~}</in> <out>\diatop[\`|{\diatop[\~|\textsubring{L}]}]4\-</out> <cl>atom</cl></e>
<e n='184'> <in>x*</in> <out>$^{\textrm{\footnotesize \textsubring{l}}}$\-</out> <cl>atom</cl></e>
<e n='184a'> <in>{x*}</in> <out>$^{\textrm{\footnotesize \textsubring{L}}}$\-</out> <cl>atom</cl></e>
<e n='185'> <in>e1</in> <out>\u{e}\-</out> <cl>atom</cl></e>
<e n='185a'> <in>{e1}</in> <out>\u{E}\-</out> <cl>atom</cl></e>
<e n='186'> <in>e1~</in> <out>\diatop[\~|\u{e}]\-</out> <cl>atom</cl></e>
<e n='186a'> <in>{e1~}</in> <out>\diatop[\~|\u{E}]\-</out> <cl>atom</cl></e>
<e n='187'> <in>e1/</in> <out>\diatop[\'|\u{e}]\-</out> <cl>atom</cl></e>
<e n='187a'> <in>{e1/}</in> <out>\diatop[\'|\u{E}]\-</out> <cl>atom</cl></e>
<e n='188'> <in>e1/~</in> <out>\diatop[\'|{\diatop[\~|\u{e}]}]\-</out> <cl>atom</cl></e>
<e n='188a'> <in>{e1/~}</in> <out>\diatop[\'|{\diatop[\~|\u{E}]}]\-</out> <cl>atom</cl></e>
<e n='189'> <in>e1\</in> <out>\u{e}\-</out> <cl>atom</cl></e>
<e n='189a'> <in>{e1\}</in> <out>\u{E}\-</out> <cl>atom</cl></e>
<e n='190'> <in>e1\~</in> <out>\diatop[\~|\u{e}]\-</out> <cl>atom</cl></e>
<e n='190a'> <in>{e1\~}</in> <out>\diatop[\~|\u{E}]\-</out> <cl>atom</cl></e>
<e n='191'> <in>e1^</in> <out>\diatop[\`|\u{e}]\-</out> <cl>atom</cl></e>
<e n='191a'> <in>{e1^}</in> <out>\diatop[\`|\u{E}]\-</out> <cl>atom</cl></e>
<e n='192'> <in>e1^~</in> <out>\diatop[\`|{\diatop[\~|\u{e}]}]\-</out> <cl>atom</cl></e>
<e n='192a'> <in>{e1^~}</in> <out>\diatop[\`|{\diatop[\~|\u{E}]}]\-</out> <cl>atom</cl></e>
<e n='193'> <in>e</in> <out>e\-</out> <cl>atom</cl></e>
<e n='193a'> <in>{e}</in> <out>E\-</out> <cl>atom</cl></e>
<e n='194'> <in>e~</in> <out>\diatop[\~|e]\-</out> <cl>atom</cl></e>
<e n='194a'> <in>{e~}</in> <out>\diatop[\~|E]\-</out> <cl>atom</cl></e>
<e n='195'> <in>e/</in> <out>\diatop[\'|e]\-</out> <cl>atom</cl></e>
<e n='195a'> <in>{e/}</in> <out>\diatop[\'|e]\-</out> <cl>atom</cl></e>
<e n='196'> <in>e/~</in> <out>\diatop[\'|{\diatop[\~|e]}]\-</out> <cl>atom</cl></e>
<e n='196a'> <in>{e/~}</in> <out>\diatop[\'|{\diatop[\~|e]}]\-</out> <cl>atom</cl></e>
<e n='197'> <in>e\</in> <out>e\-</out> <cl>atom</cl></e>
<e n='197a'> <in>{e\}</in> <out>e\-</out> <cl>atom</cl></e>
<e n='198'> <in>e\~</in> <out>\diatop[\~|e]\-</out> <cl>atom</cl></e>
<e n='198a'> <in>{e\~}</in> <out>\diatop[\~|e]\-</out> <cl>atom</cl></e>
<e n='199'> <in>e^</in> <out>\diatop[\`|e]\-</out> <cl>atom</cl></e>
<e n='199a'> <in>{e^}</in> <out>\diatop[\`|e]\-</out> <cl>atom</cl></e>
<e n='200'> <in>e^~</in> <out>\diatop[\`|{\diatop[\~|e]}]\-</out> <cl>atom</cl></e>
<e n='200a'> <in>{e^~}</in> <out>\diatop[\`|{\diatop[\~|e]}]\-</out> <cl>atom</cl></e>
<e n='201'> <in>e3</in> <out>e3\-</out> <cl>atom</cl></e>
<e n='201a'> <in>{e3}</in> <out>e3\-</out> <cl>atom</cl></e>
<e n='202'> <in>e3~</in> <out>\diatop[\~|e]3\-</out> <cl>atom</cl></e>
<e n='202a'> <in>{e3~}</in> <out>\diatop[\~|e]3\-</out> <cl>atom</cl></e>
<e n='203'> <in>e3/</in> <out>\diatop[\'|e]3\-</out> <cl>atom</cl></e>
<e n='203a'> <in>{e3/}</in> <out>\diatop[\'|e]3\-</out> <cl>atom</cl></e>
<e n='204'> <in>e3/~</in> <out>\diatop[\'|{\diatop[\~|e]}]3\-</out> <cl>atom</cl></e>
<e n='204a'> <in>{e3/~}</in> <out>\diatop[\'|{\diatop[\~|e]}]3\-</out> <cl>atom</cl></e>
<e n='205'> <in>e3\</in> <out>e3\-</out> <cl>atom</cl></e>
<e n='205a'> <in>{e3\}</in> <out>e3\-</out> <cl>atom</cl></e>
<e n='206'> <in>e3\~</in> <out>\diatop[\~|e]3\-</out> <cl>atom</cl></e>
<e n='206a'> <in>{e3\~}</in> <out>\diatop[\~|e]3\-</out> <cl>atom</cl></e>
<e n='207'> <in>e3^</in> <out>\diatop[\`|e]3\-</out> <cl>atom</cl></e>
<e n='207a'> <in>{e3^}</in> <out>\diatop[\`|e]3\-</out> <cl>atom</cl></e>
<e n='208'> <in>e3^~</in> <out>\diatop[\`|{\diatop[\~|e]}]3\-</out> <cl>atom</cl></e>
<e n='208a'> <in>{e3^~}</in> <out>\diatop[\`|{\diatop[\~|e]}]3\-</out> <cl>atom</cl></e>
<e n='209'> <in>e4~</in> <out>\diatop[\~|e]4\-</out> <cl>atom</cl></e>
<e n='209a'> <in>{e4~}</in> <out>\diatop[\~|e]4\-</out> <cl>atom</cl></e>
<e n='210'> <in>e4/~</in> <out>\diatop[\'|{\diatop[\~|e]}]4\-</out> <cl>atom</cl></e>
<e n='210a'> <in>{e4/~}</in> <out>\diatop[\'|{\diatop[\~|e]}]4\-</out> <cl>atom</cl></e>
<e n='211'> <in>e4\~</in> <out>\diatop[\~|e]4\-</out> <cl>atom</cl></e>
<e n='211a'> <in>{e4\~}</in> <out>\diatop[\~|e]4\-</out> <cl>atom</cl></e>
<e n='212'> <in>e4^~</in> <out>\diatop[\`|{\diatop[\~|e]}]4\-</out> <cl>atom</cl></e>
<e n='212a'> <in>{e4^~}</in> <out>\diatop[\`|{\diatop[\~|e]}]4\-</out> <cl>atom</cl></e>
<e n='213'> <in>e*</in> <out>$^{\textrm{\footnotesize e}}$\-</out> <cl>atom</cl></e>
<e n='213a'> <in>{e*}</in> <out>$^{\textrm{\footnotesize e}}$\-</out> <cl>atom</cl></e>
<e n='214'> <in>E</in> <out>ai\-</out> <cl>atom</cl></e>
<e n='214a'> <in>{E}</in> <out>Ai\-</out> <cl>atom</cl></e>
<e n='215'> <in>E~</in> <out>a\diatop[\~|\i]\-</out> <cl>atom</cl></e>
<e n='215a'> <in>{E~}</in> <out>A\diatop[\~|\I]\-</out> <cl>atom</cl></e>
<e n='216'> <in>E/</in> <out>a\diatop[\'|\i]\-</out> <cl>atom</cl></e>
<e n='216a'> <in>{E/}</in> <out>A\diatop[\'|\I]\-</out> <cl>atom</cl></e>
<e n='217'> <in>E/~</in> <out>a\diatop[\'|{\diatop[\~|\i]}]\-</out> <cl>atom</cl></e>
<e n='217a'> <in>{E/~}</in> <out>A\diatop[\'|{\diatop[\~|\I]}]\-</out> <cl>atom</cl></e>
<e n='218'> <in>E\</in> <out>ai\-</out> <cl>atom</cl></e>
<e n='218a'> <in>{E\}</in> <out>Ai\-</out> <cl>atom</cl></e>
<e n='219'> <in>E\~</in> <out>a\diatop[\~|\i]\-</out> <cl>atom</cl></e>
<e n='219a'> <in>{E\~}</in> <out>A\diatop[\~|\I]\-</out> <cl>atom</cl></e>
<e n='220'> <in>E^</in> <out>a\diatop[\`|\i]\-</out> <cl>atom</cl></e>
<e n='220a'> <in>{E^}</in> <out>A\diatop[\`|\I]\-</out> <cl>atom</cl></e>
<e n='221'> <in>E^~</in> <out>a\diatop[\`|{\diatop[\~|\i]}]\-</out> <cl>atom</cl></e>
<e n='221a'> <in>{E^~}</in> <out>A\diatop[\`|{\diatop[\~|\I]}]\-</out> <cl>atom</cl></e>
<e n='222'> <in>E3</in> <out>ai3\-</out> <cl>atom</cl></e>
<e n='222a'> <in>{E3}</in> <out>Ai3\-</out> <cl>atom</cl></e>
<e n='223'> <in>E3~</in> <out>a\diatop[\~|\i]3\-</out> <cl>atom</cl></e>
<e n='223a'> <in>{E3~}</in> <out>A\diatop[\~|\I]3\-</out> <cl>atom</cl></e>
<e n='224'> <in>E3/</in> <out>a\diatop[\'|\i]3\-</out> <cl>atom</cl></e>
<e n='224a'> <in>{E3/}</in> <out>A\diatop[\'|\I]3\-</out> <cl>atom</cl></e>
<e n='225'> <in>E3/~</in> <out>a\diatop[\'|{\diatop[\~|\i]}]3\-</out> <cl>atom</cl></e>
<e n='225a'> <in>{E3/~}</in> <out>A\diatop[\'|{\diatop[\~|\I]}]3\-</out> <cl>atom</cl></e>
<e n='226'> <in>E3\</in> <out>ai3\-</out> <cl>atom</cl></e>
<e n='226a'> <in>{E3\}</in> <out>Ai3\-</out> <cl>atom</cl></e>
<e n='227'> <in>E3\~</in> <out>a\diatop[\~|\i]3\-</out> <cl>atom</cl></e>
<e n='227a'> <in>{E3\~}</in> <out>A\diatop[\~|\I]3\-</out> <cl>atom</cl></e>
<e n='228'> <in>E3^</in> <out>a\diatop[\`|\i]3\-</out> <cl>atom</cl></e>
<e n='228a'> <in>{E3^}</in> <out>A\diatop[\`|\I]3\-</out> <cl>atom</cl></e>
<e n='229'> <in>E3^~</in> <out>a\diatop[\`|{\diatop[\~|\i]}]3\-</out> <cl>atom</cl></e>
<e n='229a'> <in>{E3^~}</in> <out>A\diatop[\`|{\diatop[\~|\I]}]3\-</out> <cl>atom</cl></e>
<e n='230'> <in>E4~</in> <out>a\diatop[\~|\i]4\-</out> <cl>atom</cl></e>
<e n='230a'> <in>{E4~}</in> <out>A\diatop[\~|\I]4\-</out> <cl>atom</cl></e>
<e n='231'> <in>E4/~</in> <out>a\diatop[\'|{\diatop[\~|\i]}]4\-</out> <cl>atom</cl></e>
<e n='231a'> <in>{E4/~}</in> <out>A\diatop[\'|{\diatop[\~|\I]}]4\-</out> <cl>atom</cl></e>
<e n='232'> <in>E4\~</in> <out>a\diatop[\~|\i]4\-</out> <cl>atom</cl></e>
<e n='232a'> <in>{E4\~}</in> <out>A\diatop[\~|\I]4\-</out> <cl>atom</cl></e>
<e n='233'> <in>E4^~</in> <out>a\diatop[\`|{\diatop[\~|\i]}]4\-</out> <cl>atom</cl></e>
<e n='233a'> <in>{E4^~}</in> <out>A\diatop[\`|{\diatop[\~|\I]}]4\-</out> <cl>atom</cl></e>
<e n='234'> <in>o1</in> <out>\u{o}\-</out> <cl>atom</cl></e>
<e n='234a'> <in>{o1}</in> <out>\u{O}\-</out> <cl>atom</cl></e>
<e n='235'> <in>o1~</in> <out>\diatop[\~|\u{o}]\-</out> <cl>atom</cl></e>
<e n='235a'> <in>{o1~}</in> <out>\diatop[\~|\u{O}]\-</out> <cl>atom</cl></e>
<e n='236'> <in>o1/</in> <out>\diatop[\'|\u{o}]\-</out> <cl>atom</cl></e>
<e n='236a'> <in>{o1/}</in> <out>\diatop[\'|\u{O}]\-</out> <cl>atom</cl></e>
<e n='237'> <in>o1/~</in> <out>\diatop[\'|{\diatop[\~|\u{o}]}]\-</out> <cl>atom</cl></e>
<e n='237a'> <in>{o1/~}</in> <out>\diatop[\'|{\diatop[\~|\u{O}]}]\-</out> <cl>atom</cl></e>
<e n='238'> <in>o1\</in> <out>\u{o}\-</out> <cl>atom</cl></e>
<e n='238a'> <in>{o1\}</in> <out>\u{O}\-</out> <cl>atom</cl></e>
<e n='239'> <in>o1\~</in> <out>\diatop[\~|\u{o}]\-</out> <cl>atom</cl></e>
<e n='239a'> <in>{o1\~}</in> <out>\diatop[\~|\u{O}]\-</out> <cl>atom</cl></e>
<e n='240'> <in>o1^</in> <out>\diatop[\`|\u{o}]\-</out> <cl>atom</cl></e>
<e n='240a'> <in>{o1^}</in> <out>\diatop[\`|\u{O}]\-</out> <cl>atom</cl></e>
<e n='241'> <in>o1^~</in> <out>\diatop[\`|{\diatop[\~|\u{o}]}]\-</out> <cl>atom</cl></e>
<e n='241a'> <in>{o1^~}</in> <out>\diatop[\`|{\diatop[\~|\u{O}]}]\-</out> <cl>atom</cl></e>
<e n='242'> <in>o</in> <out>o\-</out> <cl>atom</cl></e>
<e n='242a'> <in>{o}</in> <out>O\-</out> <cl>atom</cl></e>
<e n='243'> <in>o~</in> <out>\diatop[\~|o]\-</out> <cl>atom</cl></e>
<e n='243a'> <in>{o~}</in> <out>\diatop[\~|O]\-</out> <cl>atom</cl></e>
<e n='244'> <in>o/</in> <out>\diatop[\'|o]\-</out> <cl>atom</cl></e>
<e n='244a'> <in>{o/}</in> <out>\diatop[\'|O]\-</out> <cl>atom</cl></e>
<e n='245'> <in>o/~</in> <out>\diatop[\'|{\diatop[\~|o]}]\-</out> <cl>atom</cl></e>
<e n='245a'> <in>{o/~}</in> <out>\diatop[\'|{\diatop[\~|O]}]\-</out> <cl>atom</cl></e>
<e n='246'> <in>o\</in> <out>o\-</out> <cl>atom</cl></e>
<e n='246a'> <in>{o\}</in> <out>O\-</out> <cl>atom</cl></e>
<e n='247'> <in>o\~</in> <out>\diatop[\~|o]\-</out> <cl>atom</cl></e>
<e n='247a'> <in>{o\~}</in> <out>\diatop[\~|O]\-</out> <cl>atom</cl></e>
<e n='248'> <in>o^</in> <out>\diatop[\`|o]\-</out> <cl>atom</cl></e>
<e n='248a'> <in>{o^}</in> <out>\diatop[\`|O]\-</out> <cl>atom</cl></e>
<e n='249'> <in>o^~</in> <out>\diatop[\`|{\diatop[\~|o]}]\-</out> <cl>atom</cl></e>
<e n='249a'> <in>{o^~}</in> <out>\diatop[\`|{\diatop[\~|O]}]\-</out> <cl>atom</cl></e>
<e n='250'> <in>o3</in> <out>o3\-</out> <cl>atom</cl></e>
<e n='250a'> <in>{o3}</in> <out>O3\-</out> <cl>atom</cl></e>
<e n='251'> <in>o3~</in> <out>\diatop[\~|o]3\-</out> <cl>atom</cl></e>
<e n='251a'> <in>{o3~}</in> <out>\diatop[\~|O]3\-</out> <cl>atom</cl></e>
<e n='252'> <in>o3/</in> <out>\diatop[\'|o]3\-</out> <cl>atom</cl></e>
<e n='252a'> <in>{o3/}</in> <out>\diatop[\'|O]3\-</out> <cl>atom</cl></e>
<e n='253'> <in>o3/~</in> <out>\diatop[\'|{\diatop[\~|o]}]3\-</out> <cl>atom</cl></e>
<e n='253a'> <in>{o3/~}</in> <out>\diatop[\'|{\diatop[\~|O]}]3\-</out> <cl>atom</cl></e>
<e n='254'> <in>o3\</in> <out>o3\-</out> <cl>atom</cl></e>
<e n='254a'> <in>{o3\}</in> <out>O3\-</out> <cl>atom</cl></e>
<e n='255'> <in>o3\~</in> <out>\diatop[\~|o]3\-</out> <cl>atom</cl></e>
<e n='255a'> <in>{o3\~}</in> <out>\diatop[\~|O]3\-</out> <cl>atom</cl></e>
<e n='256'> <in>o3^</in> <out>\diatop[\`|o]3\-</out> <cl>atom</cl></e>
<e n='256a'> <in>{o3^}</in> <out>\diatop[\`|O]3\-</out> <cl>atom</cl></e>
<e n='257'> <in>o3^~</in> <out>\diatop[\`|{\diatop[\~|o]}]3\-</out> <cl>atom</cl></e>
<e n='257a'> <in>{o3^~}</in> <out>\diatop[\`|{\diatop[\~|O]}]3\-</out> <cl>atom</cl></e>
<e n='258'> <in>o4~</in> <out>\diatop[\~|o]4\-</out> <cl>atom</cl></e>
<e n='258a'> <in>{o4~}</in> <out>\diatop[\~|O]4\-</out> <cl>atom</cl></e>
<e n='259'> <in>o4/~</in> <out>\diatop[\'|{\diatop[\~|o]}]4\-</out> <cl>atom</cl></e>
<e n='259a'> <in>{o4/~}</in> <out>\diatop[\'|{\diatop[\~|O]}]4\-</out> <cl>atom</cl></e>
<e n='260'> <in>o4\~</in> <out>\diatop[\~|o]4\-</out> <cl>atom</cl></e>
<e n='260a'> <in>{o4\~}</in> <out>\diatop[\~|O]4\-</out> <cl>atom</cl></e>
<e n='261'> <in>o4^~</in> <out>\diatop[\`|{\diatop[\~|o]}]4\-</out> <cl>atom</cl></e>
<e n='261a'> <in>{o4^~}</in> <out>\diatop[\`|{\diatop[\~|O]}]4\-</out> <cl>atom</cl></e>
<e n='262'> <in>O</in> <out>au\-</out> <cl>atom</cl></e>
<e n='262a'> <in>{O}</in> <out>Au\-</out> <cl>atom</cl></e>
<e n='263'> <in>O~</in> <out>a\diatop[\~|u]\-</out> <cl>atom</cl></e>
<e n='263a'> <in>{O~}</in> <out>A\diatop[\~|U]\-</out> <cl>atom</cl></e>
<e n='264'> <in>O/</in> <out>a\diatop[\'|u]\-</out> <cl>atom</cl></e>
<e n='264a'> <in>{O/}</in> <out>A\diatop[\'|U]\-</out> <cl>atom</cl></e>
<e n='265'> <in>O/~</in> <out>a\diatop[\'|{\diatop[\~|u]}]\-</out> <cl>atom</cl></e>
<e n='265a'> <in>{O/~}</in> <out>A\diatop[\'|{\diatop[\~|U]}]\-</out> <cl>atom</cl></e>
<e n='266'> <in>O\</in> <out>au\-</out> <cl>atom</cl></e>
<e n='266a'> <in>{O\}</in> <out>Au\-</out> <cl>atom</cl></e>
<e n='267'> <in>O\~</in> <out>a\diatop[\~|u]\-</out> <cl>atom</cl></e>
<e n='267a'> <in>{O\~}</in> <out>A\diatop[\~|U]\-</out> <cl>atom</cl></e>
<e n='268'> <in>O^</in> <out>a\diatop[\`|u]\-</out> <cl>atom</cl></e>
<e n='268a'> <in>{O^}</in> <out>A\diatop[\`|U]\-</out> <cl>atom</cl></e>
<e n='269'> <in>O^~</in> <out>a\diatop[\`|{\diatop[\~|u]}]\-</out> <cl>atom</cl></e>
<e n='269a'> <in>{O^~}</in> <out>A\diatop[\`|{\diatop[\~|U]}]\-</out> <cl>atom</cl></e>
<e n='270'> <in>O3</in> <out>au3\-</out> <cl>atom</cl></e>
<e n='270a'> <in>{O3}</in> <out>Au3\-</out> <cl>atom</cl></e>
<e n='271'> <in>O3~</in> <out>a\diatop[\~|u]3\-</out> <cl>atom</cl></e>
<e n='271a'> <in>{O3~}</in> <out>A\diatop[\~|U]3\-</out> <cl>atom</cl></e>
<e n='272'> <in>O3/</in> <out>a\diatop[\'|u]3\-</out> <cl>atom</cl></e>
<e n='272a'> <in>{O3/}</in> <out>A\diatop[\'|U]3\-</out> <cl>atom</cl></e>
<e n='273'> <in>O3/~</in> <out>a\diatop[\'|{\diatop[\~|u]}]3\-</out> <cl>atom</cl></e>
<e n='273a'> <in>{O3/~}</in> <out>A\diatop[\'|{\diatop[\~|U]}]3\-</out> <cl>atom</cl></e>
<e n='274'> <in>O3\</in> <out>au3\-</out> <cl>atom</cl></e>
<e n='274a'> <in>{O3\}</in> <out>Au3\-</out> <cl>atom</cl></e>
<e n='275'> <in>O3\~</in> <out>a\diatop[\~|u]3\-</out> <cl>atom</cl></e>
<e n='275a'> <in>{O3\~}</in> <out>A\diatop[\~|U]3\-</out> <cl>atom</cl></e>
<e n='276'> <in>O3^</in> <out>a\diatop[\`|u]3\-</out> <cl>atom</cl></e>
<e n='276a'> <in>{O3^}</in> <out>A\diatop[\`|U]3\-</out> <cl>atom</cl></e>
<e n='277'> <in>O3^~</in> <out>a\diatop[\`|{\diatop[\~|u]}]3\-</out> <cl>atom</cl></e>
<e n='277a'> <in>{O3^~}</in> <out>A\diatop[\`|{\diatop[\~|U]}]3\-</out> <cl>atom</cl></e>
<e n='278'> <in>O4~</in> <out>a\diatop[\~|u]4\-</out> <cl>atom</cl></e>
<e n='278a'> <in>{O4~}</in> <out>A\diatop[\~|U]4\-</out> <cl>atom</cl></e>
<e n='279'> <in>O4/~</in> <out>a\diatop[\'|{\diatop[\~|u]}]4\-</out> <cl>atom</cl></e>
<e n='279a'> <in>{O4/~}</in> <out>A\diatop[\'|{\diatop[\~|U]}]4\-</out> <cl>atom</cl></e>
<e n='280'> <in>O4\~</in> <out>a\diatop[\~|u]4\-</out> <cl>atom</cl></e>
<e n='280a'> <in>{O4\~}</in> <out>A\diatop[\~|U]4\-</out> <cl>atom</cl></e>
<e n='281'> <in>O4^~</in> <out>a\diatop[\`|{\diatop[\~|u]}]4\-</out> <cl>atom</cl></e>
<e n='281a'> <in>{O4^~}</in> <out>A\diatop[\`|{\diatop[\~|U]}]4\-</out> <cl>atom</cl></e>
<e n='282'> <in>k</in> <out>k</out> <cl>atom</cl></e>
<e n='282a'> <in>{k}</in> <out>K</out> <cl>atom</cl></e>
<e n='283'> <in>k!</in> <out>k</out> <cl>atom</cl></e>
<e n='283a'> <in>{k!}</in> <out>K</out> <cl>atom</cl></e>
<e n='284'> <in>k~</in> <out>\diatop[\~|k]</out> <cl>atom</cl></e>
<e n='284a'> <in>{k~}</in> <out>\diatop[\~|K]</out> <cl>atom</cl></e>
<e n='285'> <in>K</in> <out>kh</out> <cl>atom</cl></e>
<e n='285a'> <in>{K}</in> <out>Kh</out> <cl>atom</cl></e>
<e n='286'> <in>K!</in> <out>kh</out> <cl>atom</cl></e>
<e n='286a'> <in>{K!}</in> <out>Kh</out> <cl>atom</cl></e>
<e n='287'> <in>K~</in> <out>k\~h</out> <cl>atom</cl></e>
<e n='287a'> <in>{K~}</in> <out>K\~h</out> <cl>atom</cl></e>
<e n='288'> <in>g</in> <out>g</out> <cl>atom</cl></e>
<e n='288a'> <in>{g}</in> <out>G</out> <cl>atom</cl></e>
<e n='289'> <in>g!</in> <out>g</out> <cl>atom</cl></e>
<e n='289a'> <in>{g!}</in> <out>G</out> <cl>atom</cl></e>
<e n='290'> <in>g~</in> <out>\diatop[\~|g]</out> <cl>atom</cl></e>
<e n='290a'> <in>{g~}</in> <out>\diatop[\~|G]</out> <cl>atom</cl></e>
<e n='291'> <in>G</in> <out>gh</out> <cl>atom</cl></e>
<e n='291a'> <in>{G}</in> <out>Gh</out> <cl>atom</cl></e>
<e n='292'> <in>G!</in> <out>gh</out> <cl>atom</cl></e>
<e n='292a'> <in>{G!}</in> <out>Gh</out> <cl>atom</cl></e>
<e n='293'> <in>G~</in> <out>g\~h</out> <cl>atom</cl></e>
<e n='293a'> <in>{G~}</in> <out>G\~h</out> <cl>atom</cl></e>
<e n='294'> <in>N</in> <out>\.n</out> <cl>atom</cl></e>
<e n='294a'> <in>{N}</in> <out>\.N</out> <cl>atom</cl></e>
<e n='295'> <in>N!</in> <out>\.n</out> <cl>atom</cl></e>
<e n='295a'> <in>{N!}</in> <out>\.N</out> <cl>atom</cl></e>
<e n='296'> <in>c</in> <out>c</out> <cl>atom</cl></e>
<e n='296a'> <in>{c}</in> <out>C</out> <cl>atom</cl></e>
<e n='297'> <in>c!</in> <out>c</out> <cl>atom</cl></e>
<e n='297a'> <in>{c!}</in> <out>C</out> <cl>atom</cl></e>
<e n='298'> <in>c~</in> <out>\diatop[\~|c]</out> <cl>atom</cl></e>
<e n='298a'> <in>{c~}</in> <out>\diatop[\~|C]</out> <cl>atom</cl></e>
<e n='299'> <in>C</in> <out>ch</out> <cl>atom</cl></e>
<e n='299a'> <in>{C}</in> <out>Ch</out> <cl>atom</cl></e>
<e n='300'> <in>C!</in> <out>ch</out> <cl>atom</cl></e>
<e n='300'> <in>{C!}</in> <out>Ch</out> <cl>atom</cl></e>
<e n='301'> <in>C~</in> <out>c\~h</out> <cl>atom</cl></e>
<e n='301'> <in>{C~}</in> <out>C\~h</out> <cl>atom</cl></e>
<e n='302'> <in>j</in> <out>j</out> <cl>atom</cl></e>
<e n='302a'> <in>{j}</in> <out>J</out> <cl>atom</cl></e>
<e n='303'> <in>j!</in> <out>j</out> <cl>atom</cl></e>
<e n='303a'> <in>{j!}</in> <out>J</out> <cl>atom</cl></e>
<e n='304'> <in>j~</in> <out>\diatop[\~|j]</out> <cl>atom</cl></e>
<e n='304a'> <in>{j~}</in> <out>\diatop[\~|J]</out> <cl>atom</cl></e>
<e n='305'> <in>J</in> <out>jh</out> <cl>atom</cl></e>
<e n='305a'> <in>{J}</in> <out>Jh</out> <cl>atom</cl></e>
<e n='306'> <in>J!</in> <out>jh</out> <cl>atom</cl></e>
<e n='306a'> <in>{J!}</in> <out>Jh</out> <cl>atom</cl></e>
<e n='307'> <in>J~</in> <out>j\~h</out> <cl>atom</cl></e>
<e n='307a'> <in>{J~}</in> <out>J\~h</out> <cl>atom</cl></e>
<e n='308'> <in>Y</in> <out>\~n</out> <cl>atom</cl></e>
<e n='308a'> <in>{Y}</in> <out>\~N</out> <cl>atom</cl></e>
<e n='309'> <in>Y!</in> <out>\~n</out> <cl>atom</cl></e>
<e n='309a'> <in>{Y!}</in> <out>\~N</out> <cl>atom</cl></e>
<e n='310'> <in>w</in> <out>\d{t}</out> <cl>atom</cl></e>
<e n='310a'> <in>{w}</in> <out>\d{T}</out> <cl>atom</cl></e>
<e n='311'> <in>w!</in> <out>\d{t}</out> <cl>atom</cl></e>
<e n='311a'> <in>{w!}</in> <out>\d{T}</out> <cl>atom</cl></e>
<e n='312'> <in>w~</in> <out>\diatop[\~|\d{t}]</out> <cl>atom</cl></e>
<e n='312a'> <in>{w~}</in> <out>\diatop[\~|\d{T}]</out> <cl>atom</cl></e>
<e n='313'> <in>W</in> <out>\d{t}h</out> <cl>atom</cl></e>
<e n='313a'> <in>{W}</in> <out>\d{T}h</out> <cl>atom</cl></e>
<e n='314'> <in>W!</in> <out>\d{t}h</out> <cl>atom</cl></e>
<e n='314a'> <in>{W!}</in> <out>\d{T}h</out> <cl>atom</cl></e>
<e n='315'> <in>W~</in> <out>\d{t}\~h</out> <cl>atom</cl></e>
<e n='315a'> <in>{W~}</in> <out>\d{T}\~h</out> <cl>atom</cl></e>
<e n='316'> <in>q</in> <out>\d{d}</out> <cl>atom</cl></e>
<e n='316a'> <in>{q}</in> <out>\d{D}</out> <cl>atom</cl></e>
<e n='317'> <in>q!</in> <out>\d{d}</out> <cl>atom</cl></e>
<e n='317a'> <in>{q!}</in> <out>\d{D}</out> <cl>atom</cl></e>
<e n='318'> <in>q~</in> <out>\diatop[\~|\d{d}]</out> <cl>atom</cl></e>
<e n='318a'> <in>{q~}</in> <out>\diatop[\~|\d{D}]</out> <cl>atom</cl></e>
<e n='319'> <in>L</in> <out>\d{l}</out> <cl>atom</cl></e>
<e n='319a'> <in>{L}</in> <out>\d{L}</out> <cl>atom</cl></e>
<e n='320'> <in>Q</in> <out>\d{d}h</out> <cl>atom</cl></e>
<e n='320a'> <in>{Q}</in> <out>\d{D}h</out> <cl>atom</cl></e>
<e n='321'> <in>Q!</in> <out>\d{d}h</out> <cl>atom</cl></e>
<e n='321a'> <in>{Q!}</in> <out>\d{D}h</out> <cl>atom</cl></e>
<e n='322'> <in>Q~</in> <out>\d{d}\~h</out> <cl>atom</cl></e>
<e n='322a'> <in>{Q~}</in> <out>\d{D}\~h</out> <cl>atom</cl></e>
<e n='323'> <in>|</in> <out>\d{l}h</out> <cl>atom</cl></e>
<e n='323a'> <in>{|}</in> <out>\d{L}h</out> <cl>atom</cl></e>
<e n='324'> <in>R</in> <out>\d{n}</out> <cl>atom</cl></e>
<e n='324'> <in>{R}</in> <out>\d{N}</out> <cl>atom</cl></e>
<e n='325'> <in>R!</in> <out>\d{n}</out> <cl>atom</cl></e>
<e n='325'> <in>{R!}</in> <out>\d{N}</out> <cl>atom</cl></e>
<e n='326'> <in>t</in> <out>t</out> <cl>atom</cl></e>
<e n='326a'> <in>{t}</in> <out>T</out> <cl>atom</cl></e>
<e n='327'> <in>t!</in> <out>t</out> <cl>atom</cl></e>
<e n='327a'> <in>{t!}</in> <out>T</out> <cl>atom</cl></e>
<e n='328'> <in>t~</in> <out>\diatop[\~|t]</out> <cl>atom</cl></e>
<e n='328a'> <in>{t~}</in> <out>\diatop[\~|T]</out> <cl>atom</cl></e>
<e n='329'> <in>T</in> <out>th</out> <cl>atom</cl></e>
<e n='329a'> <in>{T}</in> <out>Th</out> <cl>atom</cl></e>
<e n='330'> <in>T!</in> <out>th</out> <cl>atom</cl></e>
<e n='330a'> <in>{T!}</in> <out>Th</out> <cl>atom</cl></e>
<e n='331'> <in>T~</in> <out>t\~h</out> <cl>atom</cl></e>
<e n='331a'> <in>{T~}</in> <out>T\~h</out> <cl>atom</cl></e>
<e n='332'> <in>d</in> <out>d</out> <cl>atom</cl></e>
<e n='332a'> <in>{d}</in> <out>D</out> <cl>atom</cl></e>
<e n='333'> <in>d!</in> <out>d</out> <cl>atom</cl></e>
<e n='333a'> <in>{d!}</in> <out>D</out> <cl>atom</cl></e>
<e n='334'> <in>d~</in> <out>\diatop[\~|d]</out> <cl>atom</cl></e>
<e n='334a'> <in>{d~}</in> <out>\diatop[\~|D]</out> <cl>atom</cl></e>
<e n='335'> <in>D</in> <out>dh</out> <cl>atom</cl></e>
<e n='335a'> <in>{D}</in> <out>Dh</out> <cl>atom</cl></e>
<e n='336'> <in>D!</in> <out>dh</out> <cl>atom</cl></e>
<e n='336a'> <in>{D!}</in> <out>Dh</out> <cl>atom</cl></e>
<e n='337'> <in>D~</in> <out>d\~h</out> <cl>atom</cl></e>
<e n='337a'> <in>{D~}</in> <out>D\~h</out> <cl>atom</cl></e>
<e n='338'> <in>n</in> <out>n</out> <cl>atom</cl></e>
<e n='338a'> <in>{n}</in> <out>N</out> <cl>atom</cl></e>
<e n='339'> <in>n!</in> <out>n</out> <cl>atom</cl></e>
<e n='339a'> <in>{n!}</in> <out>N</out> <cl>atom</cl></e>
<e n='340'> <in>p</in> <out>p</out> <cl>atom</cl></e>
<e n='340a'> <in>{p}</in> <out>P</out> <cl>atom</cl></e>
<e n='341'> <in>p!</in> <out>p</out> <cl>atom</cl></e>
<e n='341a'> <in>{p!}</in> <out>P</out> <cl>atom</cl></e>
<e n='342'> <in>p~</in> <out>\diatop[\~|p]</out> <cl>atom</cl></e>
<e n='342a'> <in>{p~}</in> <out>\diatop[\~|P]</out> <cl>atom</cl></e>
<e n='343'> <in>P</in> <out>ph</out> <cl>atom</cl></e>
<e n='343a'> <in>{P}</in> <out>Ph</out> <cl>atom</cl></e>
<e n='344'> <in>P!</in> <out>ph</out> <cl>atom</cl></e>
<e n='344a'> <in>{P!}</in> <out>Ph</out> <cl>atom</cl></e>
<e n='345'> <in>P~</in> <out>p\~h</out> <cl>atom</cl></e>
<e n='345a'> <in>{P~}</in> <out>P\~h</out> <cl>atom</cl></e>
<e n='346'> <in>b</in> <out>b</out> <cl>atom</cl></e>
<e n='346a'> <in>{b}</in> <out>B</out> <cl>atom</cl></e>
<e n='347'> <in>b!</in> <out>b</out> <cl>atom</cl></e>
<e n='347a'> <in>{b!}</in> <out>B</out> <cl>atom</cl></e>
<e n='348'> <in>b~</in> <out>\diatop[\~|b]</out> <cl>atom</cl></e>
<e n='348a'> <in>{b~}</in> <out>\diatop[\~|B]</out> <cl>atom</cl></e>
<e n='349'> <in>B</in> <out>bh</out> <cl>atom</cl></e>
<e n='349a'> <in>{B}</in> <out>Bh</out> <cl>atom</cl></e>
<e n='350'> <in>B!</in> <out>bh</out> <cl>atom</cl></e>
<e n='350a'> <in>{B!}</in> <out>Bh</out> <cl>atom</cl></e>
<e n='351'> <in>B~</in> <out>b\~h</out> <cl>atom</cl></e>
<e n='351a'> <in>{B~}</in> <out>B\~h</out> <cl>atom</cl></e>
<e n='352'> <in>m</in> <out>m</out> <cl>atom</cl></e>
<e n='352a'> <in>{m}</in> <out>M</out> <cl>atom</cl></e>
<e n='353'> <in>m!</in> <out>m</out> <cl>atom</cl></e>
<e n='353a'> <in>{m!}</in> <out>M</out> <cl>atom</cl></e>
<e n='354'> <in>y</in> <out>y</out> <cl>atom</cl></e>
<e n='354a'> <in>{y}</in> <out>Y</out> <cl>atom</cl></e>
<e n='355'> <in>y_</in> <out>y</out> <cl>atom</cl></e>
<e n='355a'> <in>{y_}</in> <out>Y</out> <cl>atom</cl></e>
<e n='356'> <in>y=</in> <out>$^{\textrm{\footnotesize y}}$</out> <cl>atom</cl></e>
<e n='356a'> <in>{y=}</in> <out>$^{\textrm{\footnotesize Y}}$</out> <cl>atom</cl></e>
<e n='357'> <in>y!</in> <out>y</out> <cl>atom</cl></e>
<e n='357a'> <in>{y!}</in> <out>Y</out> <cl>atom</cl></e>
<e n='358'> <in>y~</in> <out>\diatop[\~|y]</out> <cl>atom</cl></e>
<e n='358a'> <in>{y~}</in> <out>\diatop[\~|Y]</out> <cl>atom</cl></e>
<e n='359'> <in>r</in> <out>r</out> <cl>atom</cl></e>
<e n='359a'> <in>{r}</in> <out>R</out> <cl>atom</cl></e>
<e n='360'> <in>l</in> <out>l</out> <cl>atom</cl></e>
<e n='360a'> <in>{l}</in> <out>L</out> <cl>atom</cl></e>
<e n='361'> <in>l!</in> <out>l</out> <cl>atom</cl></e>
<e n='361a'> <in>{l!}</in> <out>L</out> <cl>atom</cl></e>
<e n='362'> <in>l~</in> <out>\diatop[\~|l]</out> <cl>atom</cl></e>
<e n='362a'> <in>{l~}</in> <out>\diatop[\~|L]</out> <cl>atom</cl></e>
<e n='363'> <in>v</in> <out>v</out> <cl>atom</cl></e>
<e n='363a'> <in>{v}</in> <out>V</out> <cl>atom</cl></e>
<e n='364'> <in>v_</in> <out>v</out> <cl>atom</cl></e>
<e n='364a'> <in>{v_}</in> <out>V</out> <cl>atom</cl></e>
<e n='365'> <in>v=</in> <out>$^{\textrm{\footnotesize v}}$</out> <cl>atom</cl></e>
<e n='365a'> <in>{v=}</in> <out>$^{\textrm{\footnotesize V}}$</out> <cl>atom</cl></e>
<e n='366'> <in>v!</in> <out>v</out> <cl>atom</cl></e>
<e n='366a'> <in>{v!}</in> <out>V</out> <cl>atom</cl></e>
<e n='367'> <in>v~</in> <out>\diatop[\~|v]</out> <cl>atom</cl></e>
<e n='367a'> <in>{v~}</in> <out>\diatop[\~|V]</out> <cl>atom</cl></e>
<e n='368'> <in>S</in> <out>\'s</out> <cl>atom</cl></e>
<e n='368a'> <in>{S}</in> <out>\'S</out> <cl>atom</cl></e>
<e n='369'> <in>z</in> <out>\d{s}</out> <cl>atom</cl></e>
<e n='369a'> <in>{z}</in> <out>\d{S}</out> <cl>atom</cl></e>
<e n='370'> <in>s</in> <out>s</out> <cl>atom</cl></e>
<e n='370a'> <in>{s}</in> <out>S</out> <cl>atom</cl></e>
<e n='371'> <in>h</in> <out>h</out> <cl>atom</cl></e>
<e n='371a'> <in>{h}</in> <out>H</out> <cl>atom</cl></e>
<e n='372'> <in>h~</in> <out>\~h</out> <cl>atom</cl></e>
<e n='372a'> <in>{h~}</in> <out>\~H</out> <cl>atom</cl></e>
<e n='373'> <in>H</in> <out>\d{h}\-</out> <cl>atom</cl></e>
<e n='373a'> <in>{H}</in> <out>\d{H}\-</out> <cl>atom</cl></e>
<e n='374'> <in>Z</in> <out>\textsubbar{h}\-</out> <cl>atom</cl></e>
<e n='374a'> <in>{Z}</in> <out>\textsubbar{H}\-</out> <cl>atom</cl></e>
<e n='375'> <in>V</in> <out>\textsubwedge{h}\-</out> <cl>atom</cl></e>
<e n='375a'> <in>{V}</in> <out>\textsubwedge{H}\-</out> <cl>atom</cl></e>
<e n='376'> <in>M</in> <out>\.m\-</out> <cl>atom</cl></e>
<e n='376a'> <in>{M}</in> <out>\.M\-</out> <cl>atom</cl></e>

<e n='377'> <in>'</in> <out>'</out> <cl>atom</cl></e>

<e n='378'> <in>\u0009</in> <out>\u0009</out> <cl>atom</cl> </e>
<e n='379'> <in>\u000a</in> <out>\u000a</out> <cl>atom</cl> </e>
<e n='380'> <in>\u000d</in> <out>\u000d</out> <cl>atom</cl> </e>
<e n='381'> <in>\u0020</in> <out>\u0020</out> <cl>atom</cl> </e>

<e n='400'> <in>au</in> <out>a\-\"u</out> <cl>atom</cl></e>
<e n='400a'> <in>{a}u</in> <out>A\-\"u</out> <cl>atom</cl></e>
<e n='401'> <in>ai</in> <out>a\-\"i</out> <cl>atom</cl></e>
<e n='401a'> <in>{a}i</in> <out>A\-\"i</out> <cl>atom</cl></e>
</edges>
<buffers>
	<buffer name='atoms' action='!!'>
		<member id='atom'/>
	</buffer>
</buffers>

</fsm>