<!-- needs convertoutg to version 2.0 -->
<fsm outputType='UTF-8' inputType='slp1' version='2' testBlanks='n'>
<edges>
<!-- changes -->
<e n='0'> <in>A</in> <out>-a</out> <cl>atom</cl> </e>
<e n='1'> <in>I</in> <out>-i</out> <cl>atom</cl> </e>
<e n='2'> <in>U</in> <out>-u</out> <cl>atom</cl> </e>
<e n='3'> <in>f</in> <out>.r</out> <cl>atom</cl> </e>
<e n='4'> <in>F</in> <out>-.r</out> <cl>atom</cl> </e>
<e n='5'> <in>x</in> <out>.l</out> <cl>atom</cl> </e>
<e n='6'> <in>X</in> <out>-.l</out> <cl>atom</cl> </e>
<e n='7'> <in>M</in> <out>.m</out> <cl>atom</cl> </e>
<e n='8'> <in>H</in> <out>.h</out> <cl>atom</cl> </e>
<e n='9'> <in>E</in> <out>ai</out> <cl>atom</cl> </e>
<e n='10'> <in>O</in> <out>au</out> <cl>atom</cl> </e>
<e n='11'> <in>K</in> <out>kh</out> <cl>atom</cl> </e>
<e n='12'> <in>G</in> <out>gh</out> <cl>atom</cl> </e>
<e n='13'> <in>N</in> <out>;n</out> <cl>atom</cl> </e>
<e n='14'> <in>C</in> <out>ch</out> <cl>atom</cl> </e>
<e n='15'> <in>J</in> <out>jh</out> <cl>atom</cl> </e>
<e n='16'> <in>Y</in> <out>?n</out> <cl>atom</cl> </e>
<e n='17'> <in>w</in> <out>.t</out> <cl>atom</cl> </e>
<e n='18'> <in>W</in> <out>.th</out> <cl>atom</cl> </e>
<e n='19'> <in>q</in> <out>.d</out> <cl>atom</cl> </e>
<e n='20'> <in>Q</in> <out>.dh</out> <cl>atom</cl> </e>
<e n='21'> <in>R</in> <out>.n</out> <cl>atom</cl> </e>
<e n='22'> <in>T</in> <out>th</out> <cl>atom</cl> </e>
<e n='23'> <in>D</in> <out>dh</out> <cl>atom</cl> </e>
<e n='24'> <in>P</in> <out>ph</out> <cl>atom</cl> </e>
<e n='25'> <in>B</in> <out>bh</out> <cl>atom</cl> </e>
<e n='26'> <in>S</in> <out>/s</out> <cl>atom</cl> </e>
<e n='27'> <in>z</in> <out>.s</out> <cl>atom</cl> </e>
<!-- identities -->
<e n='28'> <in>a</in> <out>a</out> <cl>atom</cl> </e>
<e n='29'> <in>i</in> <out>i</out> <cl>atom</cl> </e>
<e n='30'> <in>u</in> <out>u</out> <cl>atom</cl> </e>
<e n='31'> <in>e</in> <out>e</out> <cl>atom</cl> </e>
<e n='32'> <in>o</in> <out>o</out> <cl>atom</cl> </e>
<e n='33'> <in>k</in> <out>k</out> <cl>atom</cl> </e>
<e n='34'> <in>g</in> <out>g</out> <cl>atom</cl> </e>
<e n='35'> <in>c</in> <out>c</out> <cl>atom</cl> </e>
<e n='36'> <in>j</in> <out>j</out> <cl>atom</cl> </e>
<e n='37'> <in>t</in> <out>t</out> <cl>atom</cl> </e>
<e n='38'> <in>d</in> <out>d</out> <cl>atom</cl> </e>
<e n='39'> <in>n</in> <out>n</out> <cl>atom</cl> </e>
<e n='40'> <in>p</in> <out>p</out> <cl>atom</cl> </e>
<e n='41'> <in>b</in> <out>b</out> <cl>atom</cl> </e>
<e n='42'> <in>m</in> <out>m</out> <cl>atom</cl> </e>
<e n='43'> <in>y</in> <out>y</out> <cl>atom</cl> </e>
<e n='44'> <in>r</in> <out>r</out> <cl>atom</cl> </e>
<e n='45'> <in>l</in> <out>l</out> <cl>atom</cl> </e>
<e n='46'> <in>v</in> <out>v</out> <cl>atom</cl> </e>
<e n='47'> <in>s</in> <out>s</out> <cl>atom</cl> </e>
<e n='48'> <in>h</in> <out>h</out> <cl>atom</cl> </e>
<e n='49'> <in>'</in> <out>'</out> <cl>atom</cl></e>
<e n='50'> <in>\u0020</in> <out>\u0020</out> <cl>atom</cl></e>
<e n='51'> <in>-</in> <out>--</out> <cl>atom</cl></e>
<!-- numerals -->
<e n='120'> <in>0</in> <out>0</out> <cl>atom</cl></e>
<e n='121'> <in>1</in> <out>1</out> <cl>atom</cl></e>
<e n='122'> <in>2</in> <out>2</out> <cl>atom</cl></e>
<e n='123'> <in>3</in> <out>3</out> <cl>atom</cl></e>
<e n='124'> <in>4</in> <out>4</out> <cl>atom</cl></e>
<e n='125'> <in>5</in> <out>5</out> <cl>atom</cl></e>
<e n='126'> <in>6</in> <out>6</out> <cl>atom</cl></e>
<e n='127'> <in>7</in> <out>7</out> <cl>atom</cl></e>
<e n='128'> <in>8</in> <out>8</out> <cl>atom</cl></e>
<e n='129'> <in>9</in> <out>9</out> <cl>atom</cl></e>
</edges>
<buffers>
	<buffer name='atoms' action='!!'>
		<member id='atom'/>
	</buffer>
</buffers>
</fsm>