<fsm inputType='slp1' outputType='UTF8' version='2'>
<!-- x attribute is short of existence-->
<!-- vowel letters -->
<!-- in words: a vowel that is **not** directly preceded by a consonent or is at the beginning of the line is a vowel letter -->
<edges>
<e n='0'> <in>a</in> <ctx card='+' dir='before' x='n|eol'>$consonent_no_vowel</ctx> <out>\u11305</out> <cl>vowel_letter</cl></e>
<e n='1'> <in>A</in> <ctx card='+' dir='before' x='n|eol'>$consonent_no_vowel</ctx> <out>\u11306</out>  <cl>vowel_letter</cl></e>
<e n='2'> <in>i</in> <ctx card='+' dir='before' x='n|eol'>$consonent_no_vowel</ctx> <out>\u11307</out>  <cl>vowel_letter</cl></e>
<e n='3'> <in>I</in> <ctx card='+' dir='before' x='n|eol'>$consonent_no_vowel</ctx> <out>\u11308</out>  <cl>vowel_letter</cl></e>
<e n='4'> <in>u</in> <ctx card='+' dir='before' x='n|eol'>$consonent_no_vowel</ctx> <out>\u11309</out>  <cl>vowel_letter</cl></e>
<e n='5'> <in>U</in> <ctx card='+' dir='before' x='n|eol'>$consonent_no_vowel</ctx> <out>\u1130a</out>  <cl>vowel_letter</cl></e>
<e n='6'> <in>f</in> <ctx card='+' dir='before' x='n|eol'>$consonent_no_vowel</ctx> <out>\u1130b</out>  <cl>vowel_letter</cl></e>
<e n='7'> <in>F</in> <ctx card='+' dir='before' x='n|eol'>$consonent_no_vowel</ctx> <out>\u11360</out>  <cl>vowel_letter</cl></e>
<e n='8'> <in>x</in> <ctx card='+' dir='before' x='n|eol'>$consonent_no_vowel</ctx> <out>\u1130c</out>  <cl>vowel_letter</cl></e>
<e n='9'> <in>X</in> <ctx card='+' dir='before' x='n|eol'>$consonent_no_vowel</ctx> <out>\u11361</out>  <cl>vowel_letter</cl></e>
<e n='10'> <in>e</in> <ctx card='+' dir='before' x='n|eol'>$consonent_no_vowel</ctx> <out>\u1130f</out>  <cl>vowel_letter</cl></e>
<e n='11'> <in>E</in> <ctx card='+' dir='before' x='n|eol'>$consonent_no_vowel</ctx> <out>\u11310</out>  <cl>vowel_letter</cl></e>
<e n='12'> <in>o</in> <ctx card='+' dir='before' x='n|eol'>$consonent_no_vowel</ctx> <out>\u11313</out>  <cl>vowel_letter</cl></e>
<e n='13'> <in>O</in> <ctx card='+' dir='before' x='n|eol'>$consonent_no_vowel</ctx> <out>\u11314</out>  <cl>vowel_letter</cl></e>

<!-- vowel signs -->
<!-- in words: a vowel that **is** directly preceded by a consonent is a vowel sign-->
<e n='14'> <in>a</in> <ctx card='+' dir='before' x='y'>$consonent_no_vowel</ctx> <out></out> <cl>vowel_sign</cl></e>
<e n='15'> <in>A</in> <ctx card='+' dir='before' x='y'>$consonent_no_vowel</ctx> <out>\u1133e</out> <cl>vowel_sign</cl></e>
<e n='16'> <in>i</in> <ctx card='+' dir='before' x='y'>$consonent_no_vowel</ctx> <out>\u1133f</out> <cl>vowel_sign</cl></e>
<e n='17'> <in>I</in> <ctx card='+' dir='before' x='y'>$consonent_no_vowel</ctx> <out>\u11340</out> <cl>vowel_sign</cl></e>
<e n='18'> <in>u</in> <ctx card='+' dir='before' x='y'>$consonent_no_vowel</ctx> <out>\u11341</out> <cl>vowel_sign</cl></e>
<e n='19'> <in>U</in> <ctx card='+' dir='before' x='y'>$consonent_no_vowel</ctx> <out>\u11342</out> <cl>vowel_sign</cl></e>
<e n='20'> <in>f</in> <ctx card='+' dir='before' x='y'>$consonent_no_vowel</ctx> <out>\u11343</out> <cl>vowel_sign</cl></e>
<e n='21'> <in>F</in> <ctx card='+' dir='before' x='y'>$consonent_no_vowel</ctx> <out>\u11344</out> <cl>vowel_sign</cl></e>
<e n='22'> <in>x</in> <ctx card='+' dir='before' x='y'>$consonent_no_vowel</ctx> <out>\u11362</out> <cl>vowel_sign</cl></e>
<e n='23'> <in>X</in> <ctx card='+' dir='before' x='y'>$consonent_no_vowel</ctx> <out>\u11363</out> <cl>vowel_sign</cl></e>
<e n='24'> <in>e</in> <ctx card='+' dir='before' x='y'>$consonent_no_vowel</ctx> <out>\u11347</out> <cl>vowel_sign</cl></e>
<e n='25'> <in>E</in> <ctx card='+' dir='before' x='y'>$consonent_no_vowel</ctx> <out>\u11348</out> <cl>vowel_sign</cl></e>
<e n='26'> <in>o</in> <ctx card='+' dir='before' x='y'>$consonent_no_vowel</ctx> <out>\u1134b</out> <cl>vowel_sign</cl></e>
<e n='27'> <in>O</in> <ctx card='+' dir='before' x='y'>$consonent_no_vowel</ctx> <out>\u1134c</out> <cl>vowel_sign</cl></e>
<e n='28'> <in>Z</in> <!--ctx card='+' dir='before' x='y'>consonent_no_vowel</ctx--> <out>\u1CF2</out> <cl>vowel_sign</cl></e>
<e n='29'> <in>V</in> <!--ctx card='+' dir='before' x='y'>consonent_no_vowel</ctx--> <out>\u1CF2</out> <cl>vowel_sign</cl></e>

<!-- consonents with virama -->
<!-- in words: a consonent that is **not** followed by a vowel sign or is at the end of a line takes a virama-->
<e n='30'> <in>k</in> <ctx card='+' dir='after' x='n|eol'>$vowel_sign</ctx> <out>\u11315\u1134d</out> <cl>consonent_no_vowel</cl></e>
<e n='31'> <in>K</in> <ctx card='+' dir='after' x='n|eol'>$vowel_sign</ctx> <out>\u11316\u1134d</out> <cl>consonent_no_vowel</cl></e>
<e n='32'> <in>g</in> <ctx card='+' dir='after' x='n|eol'>$vowel_sign</ctx> <out>\u11317\u1134d</out> <cl>consonent_no_vowel</cl></e>
<e n='33'> <in>G</in> <ctx card='+' dir='after' x='n|eol'>$vowel_sign</ctx> <out>\u11318\u1134d</out> <cl>consonent_no_vowel</cl></e>
<e n='34'> <in>N</in> <ctx card='+' dir='after' x='n|eol'>$vowel_sign</ctx> <out>\u11319\u1134d</out> <cl>consonent_no_vowel</cl></e>
<e n='35'> <in>c</in> <ctx card='+' dir='after' x='n|eol'>$vowel_sign</ctx> <out>\u1131a\u1134d</out> <cl>consonent_no_vowel</cl></e>
<e n='36'> <in>C</in> <ctx card='+' dir='after' x='n|eol'>$vowel_sign</ctx> <out>\u1131b\u1134d</out> <cl>consonent_no_vowel</cl></e>
<e n='37'> <in>j</in> <ctx card='+' dir='after' x='n|eol'>$vowel_sign</ctx> <out>\u1131c\u1134d</out> <cl>consonent_no_vowel</cl></e>
<e n='38'> <in>J</in> <ctx card='+' dir='after' x='n|eol'>$vowel_sign</ctx> <out>\u1131d\u1134d</out> <cl>consonent_no_vowel</cl></e>
<e n='39'> <in>Y</in> <ctx card='+' dir='after' x='n|eol'>$vowel_sign</ctx> <out>\u1131e\u1134d</out> <cl>consonent_no_vowel</cl></e>
<e n='40'> <in>w</in> <ctx card='+' dir='after' x='n|eol'>$vowel_sign</ctx> <out>\u1131f\u1134d</out> <cl>consonent_no_vowel</cl></e>
<e n='41'> <in>W</in> <ctx card='+' dir='after' x='n|eol'>$vowel_sign</ctx> <out>\u11320\u1134d</out> <cl>consonent_no_vowel</cl></e>
<e n='42'> <in>q</in> <ctx card='+' dir='after' x='n|eol'>$vowel_sign</ctx> <out>\u11321\u1134d</out> <cl>consonent_no_vowel</cl></e>
<e n='43'> <in>Q</in> <ctx card='+' dir='after' x='n|eol'>$vowel_sign</ctx> <out>\u11322\u1134d</out> <cl>consonent_no_vowel</cl></e>
<e n='44'> <in>R</in> <ctx card='+' dir='after' x='n|eol'>$vowel_sign</ctx> <out>\u11323\u1134d</out> <cl>consonent_no_vowel</cl></e>
<e n='45'> <in>t</in> <ctx card='+' dir='after' x='n|eol'>$vowel_sign</ctx> <out>\u11324\u1134d</out> <cl>consonent_no_vowel</cl></e>
<e n='46'> <in>T</in> <ctx card='+' dir='after' x='n|eol'>$vowel_sign</ctx> <out>\u11325\u1134d</out> <cl>consonent_no_vowel</cl></e>
<e n='47'> <in>d</in> <ctx card='+' dir='after' x='n|eol'>$vowel_sign</ctx> <out>\u11326\u1134d</out> <cl>consonent_no_vowel</cl></e>
<e n='48'> <in>D</in> <ctx card='+' dir='after' x='n|eol'>$vowel_sign</ctx> <out>\u11327\u1134d</out> <cl>consonent_no_vowel</cl></e>
<e n='49'> <in>n</in> <ctx card='+' dir='after' x='n|eol'>$vowel_sign</ctx> <out>\u11328\u1134d</out> <cl>consonent_no_vowel</cl></e>
<e n='50'> <in>p</in> <ctx card='+' dir='after' x='n|eol'>$vowel_sign</ctx> <out>\u1132a\u1134d</out> <cl>consonent_no_vowel</cl></e>
<e n='51'> <in>P</in> <ctx card='+' dir='after' x='n|eol'>$vowel_sign</ctx> <out>\u1132b\u1134d</out> <cl>consonent_no_vowel</cl></e>
<e n='52'> <in>b</in> <ctx card='+' dir='after' x='n|eol'>$vowel_sign</ctx> <out>\u1132c\u1134d</out> <cl>consonent_no_vowel</cl></e>
<e n='53'> <in>B</in> <ctx card='+' dir='after' x='n|eol'>$vowel_sign</ctx> <out>\u1132d\u1134d</out> <cl>consonent_no_vowel</cl></e>
<e n='54'> <in>m</in> <ctx card='+' dir='after' x='n|eol'>$vowel_sign</ctx> <out>\u1132e\u1134d</out> <cl>consonent_no_vowel</cl></e>
<e n='55'> <in>y</in> <ctx card='+' dir='after' x='n|eol'>$vowel_sign</ctx> <out>\u1132f\u1134d</out> <cl>consonent_no_vowel</cl></e>
<e n='56'> <in>r</in> <ctx card='+' dir='after' x='n|eol'>$vowel_sign</ctx> <out>\u11330\u1134d</out> <cl>consonent_no_vowel</cl></e>
<e n='57'> <in>l</in> <ctx card='+' dir='after' x='n|eol'>$vowel_sign</ctx> <out>\u11332\u1134d</out> <cl>consonent_no_vowel</cl></e>
<e n='58'> <in>L</in> <ctx card='+' dir='after' x='n|eol'>$vowel_sign</ctx> <out>\u11333\u1134d</out> <cl>consonent_no_vowel</cl></e>
<e n='59'> <in>|</in> <ctx card='+' dir='after' x='n|eol'>$vowel_sign</ctx> <out>\u11333\u1134d\u11339\u1134d</out> <cl>consonent_no_vowel</cl></e>
<e n='60'> <in>v</in> <ctx card='+' dir='after' x='n|eol'>$vowel_sign</ctx> <out>\u11335\u1134d</out> <cl>consonent_no_vowel</cl></e>
<e n='61'> <in>S</in> <ctx card='+' dir='after' x='n|eol'>$vowel_sign</ctx> <out>\u11336\u1134d</out> <cl>consonent_no_vowel</cl></e>
<e n='62'> <in>z</in> <ctx card='+' dir='after' x='n|eol'>$vowel_sign</ctx> <out>\u11337\u1134d</out> <cl>consonent_no_vowel</cl></e>
<e n='63'> <in>s</in> <ctx card='+' dir='after' x='n|eol'>$vowel_sign</ctx> <out>\u11338\u1134d</out> <cl>consonent_no_vowel</cl></e>
<e n='64'> <in>h</in> <ctx card='+' dir='after' x='n|eol'>$vowel_sign</ctx> <out>\u11339\u1134d</out> <cl>consonent_no_vowel</cl></e>

<!-- consonents with attached vowel (or schwa) -->
<!-- in words: a consonent that **is** followed by a vowel sign does not take a virama-->
<e n='65'> <in>k</in> <ctx card='+' dir='after' x='y'>$vowel_sign</ctx> <out>\u11315</out> <cl>consonent_schwa</cl></e>
<e n='66'> <in>K</in> <ctx card='+' dir='after' x='y'>$vowel_sign</ctx> <out>\u11316</out> <cl>consonent_schwa</cl></e>
<e n='67'> <in>g</in> <ctx card='+' dir='after' x='y'>$vowel_sign</ctx> <out>\u11317</out> <cl>consonent_schwa</cl></e>
<e n='68'> <in>G</in> <ctx card='+' dir='after' x='y'>$vowel_sign</ctx> <out>\u11318</out> <cl>consonent_schwa</cl></e>
<e n='69'> <in>N</in> <ctx card='+' dir='after' x='y'>$vowel_sign</ctx> <out>\u11319</out> <cl>consonent_schwa</cl></e>
<e n='70'> <in>c</in> <ctx card='+' dir='after' x='y'>$vowel_sign</ctx> <out>\u1131a</out> <cl>consonent_schwa</cl></e>
<e n='71'> <in>C</in> <ctx card='+' dir='after' x='y'>$vowel_sign</ctx> <out>\u1131b</out> <cl>consonent_schwa</cl></e>
<e n='72'> <in>j</in> <ctx card='+' dir='after' x='y'>$vowel_sign</ctx> <out>\u1131c</out> <cl>consonent_schwa</cl></e>
<e n='73'> <in>J</in> <ctx card='+' dir='after' x='y'>$vowel_sign</ctx> <out>\u1131d</out> <cl>consonent_schwa</cl></e>
<e n='74'> <in>Y</in> <ctx card='+' dir='after' x='y'>$vowel_sign</ctx> <out>\u1131e</out> <cl>consonent_schwa</cl></e>
<e n='75'> <in>w</in> <ctx card='+' dir='after' x='y'>$vowel_sign</ctx> <out>\u1131f</out> <cl>consonent_schwa</cl></e>
<e n='76'> <in>W</in> <ctx card='+' dir='after' x='y'>$vowel_sign</ctx> <out>\u11320</out> <cl>consonent_schwa</cl></e>
<e n='77'> <in>q</in> <ctx card='+' dir='after' x='y'>$vowel_sign</ctx> <out>\u11321</out> <cl>consonent_schwa</cl></e>
<e n='78'> <in>Q</in> <ctx card='+' dir='after' x='y'>$vowel_sign</ctx> <out>\u11322</out> <cl>consonent_schwa</cl></e>
<e n='79'> <in>R</in> <ctx card='+' dir='after' x='y'>$vowel_sign</ctx> <out>\u11323</out> <cl>consonent_schwa</cl></e>
<e n='80'> <in>t</in> <ctx card='+' dir='after' x='y'>$vowel_sign</ctx> <out>\u11324</out> <cl>consonent_schwa</cl></e>
<e n='81'> <in>T</in> <ctx card='+' dir='after' x='y'>$vowel_sign</ctx> <out>\u11325</out> <cl>consonent_schwa</cl></e>
<e n='82'> <in>d</in> <ctx card='+' dir='after' x='y'>$vowel_sign</ctx> <out>\u11326</out> <cl>consonent_schwa</cl></e>
<e n='83'> <in>D</in> <ctx card='+' dir='after' x='y'>$vowel_sign</ctx> <out>\u11327</out> <cl>consonent_schwa</cl></e>
<e n='84'> <in>n</in> <ctx card='+' dir='after' x='y'>$vowel_sign</ctx> <out>\u11328</out> <cl>consonent_schwa</cl></e>
<e n='85'> <in>p</in> <ctx card='+' dir='after' x='y'>$vowel_sign</ctx> <out>\u1132a</out> <cl>consonent_schwa</cl></e>
<e n='86'> <in>P</in> <ctx card='+' dir='after' x='y'>$vowel_sign</ctx> <out>\u1132b</out> <cl>consonent_schwa</cl></e>
<e n='87'> <in>b</in> <ctx card='+' dir='after' x='y'>$vowel_sign</ctx> <out>\u1132c</out> <cl>consonent_schwa</cl></e>
<e n='88'> <in>B</in> <ctx card='+' dir='after' x='y'>$vowel_sign</ctx> <out>\u1132d</out> <cl>consonent_schwa</cl></e>
<e n='89'> <in>m</in> <ctx card='+' dir='after' x='y'>$vowel_sign</ctx> <out>\u1132e</out> <cl>consonent_schwa</cl></e>
<e n='90'> <in>y</in> <ctx card='+' dir='after' x='y'>$vowel_sign</ctx> <out>\u1132f</out> <cl>consonent_schwa</cl></e>
<e n='91'> <in>r</in> <ctx card='+' dir='after' x='y'>$vowel_sign</ctx> <out>\u11330</out> <cl>consonent_schwa</cl></e>
<e n='92'> <in>l</in> <ctx card='+' dir='after' x='y'>$vowel_sign</ctx> <out>\u11332</out> <cl>consonent_schwa</cl></e>
<e n='93'> <in>L</in> <ctx card='+' dir='after' x='y'>$vowel_sign</ctx> <out>\u11333</out> <cl>consonent_schwa</cl></e>
<e n='94'> <in>|</in> <ctx card='+' dir='after' x='y'>$vowel_sign</ctx> <out>\u11333\u1134d\u11339</out> <cl>consonent_schwa</cl></e>
<e n='95'> <in>v</in> <ctx card='+' dir='after' x='y'>$vowel_sign</ctx> <out>\u11335</out> <cl>consonent_schwa</cl></e>
<e n='96'> <in>S</in> <ctx card='+' dir='after' x='y'>$vowel_sign</ctx> <out>\u11336</out> <cl>consonent_schwa</cl></e>
<e n='97'> <in>z</in> <ctx card='+' dir='after' x='y'>$vowel_sign</ctx> <out>\u11337</out> <cl>consonent_schwa</cl></e>
<e n='98'> <in>s</in> <ctx card='+' dir='after' x='y'>$vowel_sign</ctx> <out>\u11338</out> <cl>consonent_schwa</cl></e>
<e n='99'> <in>h</in> <ctx card='+' dir='after' x='y'>$vowel_sign</ctx> <out>\u11339</out> <cl>consonent_schwa</cl></e>
<e n='100'> <in>M</in> <out>\u11302</out> <cl>vowel_sign</cl></e>
<e n='101'> <in>~</in> <out>\u11301</out> <cl>accent</cl></e>
<e n='102'> <in>H</in> <out>\u11303</out> <cl>vowel_sign</cl></e>
<e n='103'> <in>'</in> <out>\u1133d</out> <cl>punctuation</cl></e>
<e n='104'> <in>.</in> <out>\u11364</out> <cl>punctuation</cl></e>
<e n='105'> <in>..</in> <out>\u11365</out> <cl>punctuation</cl></e>
<e n='106'> <in>0</in> <out>\u11366</out> <cl>number</cl></e>
<e n='107'> <in>1</in> <out>\u11367</out> <cl>number</cl></e>
<e n='108'> <in>2</in> <out>\u11368</out> <cl>number</cl></e>
<e n='109'> <in>3</in> <out>\u11369</out> <cl>number</cl></e>
<e n='110'> <in>4</in> <out>\u1136a</out> <cl>number</cl></e>
<e n='111'> <in>5</in> <out>\u1136b</out> <cl>number</cl></e>
<e n='112'> <in>6</in> <out>\u1136c</out> <cl>number</cl></e>
<e n='113'> <in>7</in> <out>\u1136d</out> <cl>number</cl></e>
<e n='114'> <in>8</in> <out>\u1136e</out> <cl>number</cl></e>
<e n='115'> <in>9</in> <out>\u1136f</out> <cl>number</cl></e>
<e n='116'> <in>\u0020</in> <out>\u0020</out> <cl>whitespace</cl></e>
<e n='117'> <in>\u0009</in> <out>\u0009</out> <cl>whitespace</cl></e>
<e n='118'> <in>\u000d</in> <out>\u000d</out> <cl>whitespace</cl></e>
<e n='119'> <in>\u000a</in> <out>\u000a</out> <cl>whitespace</cl></e>
<!--e n='120'> <in>;</in> <out>;</out> <cl>punctuation</cl></e-->
<!-- weirdnesses -->

<!--e n='124'> <in>1/\</in> <out>\u11367\u200c\u11352\u11351</out> <cl>weirdness</cl></e-->
<!--e n='125'> <in>3/\</in> <out>\u11369\u200d\u11351\u11352</out> <cl>weirdness</cl></e-->

<!-- accents -->
<e n='122'> <in>\</in> <out>\u11352</out>  <cl>accent</cl></e>
<e n='122a'> <in>\H</in> <out>\u11303\u11352</out>  <cl>accent</cl></e>
<e n='122b'> <in>\M</in> <out>\u11302\u11352</out>  <cl>accent</cl></e>

<e n='123'> <in>/</in> <out>\u11351</out>  <cl>accent</cl></e>
<e n='123a'> <in>/H</in> <out>\u11303\u11351</out>  <cl>accent</cl></e>
<e n='123b'> <in>/M</in> <out>\u11302\u11351</out>  <cl>accent</cl></e>

<e n='124'> <in>^</in> <out>\u11351</out> <cl>atom</cl> </e>  <!-- udatta -->
<e n='124a'> <in>^H</in> <out>\u11303\u11351</out> <cl>atom</cl> </e>  <!-- udatta -->
<e n='124b'> <in>^M</in> <out>\u11302\u11351</out> <cl>atom</cl> </e>  <!-- udatta -->

<e n='125'> <in>~</in> <out>\u11301</out> <cl>atom</cl> </e>  <!-- candrabindu, anunasika -->
<e n='125a'> <in>~H</in> <out>\u11303\u11301</out> <cl>atom</cl> </e>  <!-- udatta -->
<e n='125b'> <in>~M</in> <out>\u11302\u11301</out> <cl>atom</cl> </e>  <!-- udatta -->
	
<e n='126'> <in>oM</in> <out>\u11350</out> <cl>atom</cl> </e>  <!-- OM -->
</edges>
<!-- no buffers element means write immediately -->	

<modifiers>
	<modifier>
		<value>^</value>
		<descr>udatta (\u11351)</descr>
	</modifier>
	<modifier>
		<value>\</value>
		<descr>anudatta (\u11352)</descr>
	</modifier>		
	<modifier>
		<value>~</value>
		<descr>candrabindu, anunasika, (\u11301)</descr>			
	</modifier>
	<modifier>
		<value>/</value>
		<descr>? \u11351</descr>
	</modifier>
</modifiers>
</fsm>