<fsm inputType='slp1' outputType='UTF-8' version='2' capitalsSupported='y'>
<!-- SLP1 to Roman using combining diacritic in accordance with preferred Unicode policy -->
<!-- Anything in brackets will be passed through with brackets removed. -->
<!-- PMS 2012-08-09: changed double uppercase to uppercase + lowercase for uppercase aspirates -->
<!-- PMS 2012-08-09: corrected retroflex l, lh to l+underdot and vocalic r, l to r, l+underring -->
<!-- PMS 2012-08-09: added jihvamuliya Z and upadhmaniya V -->
<!-- PMS 2012-08-09: regrouped characters in Sanskrit alphabetic order and renumbered -->
<!-- PMS 2012-08-09: accents made live; svarita maps to circumflex with double circumflex over diphthongs, backslash to grave -->
<!-- PMS 2012-08-10: added uppercase accents -->
<!-- PMS 2012-08-14: added mapping of simple nasalization and accent modifiers -->
<!-- PMS 2012-11-09: pipe instead of period is the only difference from slp1_roman -->
<edges>
<e n='0'> <in>a</in> <out>a</out> <cl>char</cl></e>
<e n='1'> <in>{a}</in> <out>A</out> <cl>char</cl></e>
<e n='2'> <in>A</in> <out>a\u0304</out> <cl>char</cl></e>
<e n='3'> <in>{A}</in> <out>A\u0304</out> <cl>char</cl></e>

<e n='4'> <in>i</in> <out>i</out> <cl>char</cl></e>
<e n='5'> <in>{i}</in> <out>I</out> <cl>char</cl></e>
<e n='6'> <in>I</in> <out>i\u0304</out> <cl>char</cl></e>
<e n='7'> <in>{I}</in> <out>I\u0304</out> <cl>char</cl></e>
<!-- Preceded by a vowel -->
<!--e n='8'> <in>({?[aAiIuUfFxXeEoO]}?)i</in> <out>\1i\u0308</out><cl>char</cl></e-->
<!-- xxxxx ask Ralph -->
<!--e n='8'> <in>i</in> <out>i\u0308</out><cl>char</cl></e-->
<!-- Latin lowercase letter i + diaeresis \u0308 -->
<!--e n='9'> <in>{i}</in> <out>I\u0308</out><cl>char</cl></e-->
<!-- Latin uppercase letter I + diaeresis \u0308 -->
<!--e n='10'> <in>I</in> <out>i\u0304\u0308</out><cl>char</cl></e-->
<!-- Latin lowercase letter i + \u0304 macron + diaeresis \u0308 -->
<!--e n='11'> <in>{I}</in> <out>I\u0304\u0308</out><cl>char</cl></e-->
<!-- Latin uppercase letter I + \u0304 macron + diaeresis \u0308 -->

<e n='12'> <in>u</in> <out>u</out> <cl>char</cl></e>
<e n='13'> <in>{u}</in> <out>U</out> <cl>char</cl></e>
<e n='14'> <in>U</in> <out>u\u0304</out> <cl>char</cl></e>
<e n='15'> <in>{U}</in> <out>U\u0304</out> <cl>char</cl></e>
<!-- Preceded by a vowel -->
<!--e n='16'> <in>u</in> <out>u\u0308</out><cl>char</cl></e-->
<!-- Latin lowercase letter u + diaeresis \u0308 -->
<!--e n='17'> <in>{u}</in> <out>U\u0308</out><cl>char</cl></e-->
<!-- Latin uppercase letter U + diaeresis \u0308 -->
<!--e n='18'> <in>U</in> <out>u\u0304\u0308</out><cl>char</cl></e-->
<!-- Latin lowercase letter u + \u0304 macron + diaeresis \u0308 -->
<!--e n='19'> <in>{U}</in> <out>U\u0304\u0308</out><cl>char</cl></e-->
<!-- Latin uppercase letter U + \u0304 macron + diaeresis \u0308 -->

<e n='20'> <in>f</in> <out>r\u0325</out> <cl>char</cl></e>
<e n='21'> <in>{f}</in> <out>R\u0325</out> <cl>char</cl></e>
<e n='22'> <in>F</in> <out>r\u0325\u0304</out> <cl>char</cl></e>
<e n='23'> <in>{F}</in> <out>R\u0325\u0304</out> <cl>char</cl></e>
<!-- \u0325 combining ring below + \u0304 macron -->

<e n='24'> <in>x</in> <out>l\u0325</out> <cl>char</cl></e>
<e n='25'> <in>{x}</in> <out>L\u0325</out> <cl>char</cl></e>
<e n='26'> <in>X</in> <out>l\u0325\u0304</out> <cl>char</cl></e>
<e n='27'> <in>{X}</in> <out>L\u0325\u0304</out> <cl>char</cl></e>
<!-- l or L + \u0325 combining ring below + \u0304 macron -->

<e n='28'> <in>e</in> <out>e</out> <cl>char</cl></e>
<e n='29'> <in>{e}</in> <out>E</out> <cl>char</cl></e>
<e n='30'> <in>E</in> <out>ai</out> <cl>char</cl></e>
<e n='31'> <in>{E}</in> <out>Ai</out> <cl>char</cl></e>

<e n='32'> <in>o</in> <out>o</out> <cl>char</cl></e>
<e n='33'> <in>{o}</in> <out>O</out> <cl>char</cl></e>
<e n='34'> <in>O</in> <out>au</out> <cl>char</cl></e>
<e n='35'> <in>{O}</in> <out>Au</out> <cl>char</cl></e>

<e n='36'> <in>k</in> <out>k</out> <cl>char</cl></e>
<e n='37'> <in>{k}</in> <out>K</out> <cl>char</cl></e>
<e n='38'> <in>K</in> <out>kh</out> <cl>char</cl></e>
<e n='39'> <in>{K}</in> <out>Kh</out> <cl>char</cl></e>
<e n='40'> <in>g</in> <out>g</out> <cl>char</cl></e>
<e n='41'> <in>{g}</in> <out>G</out> <cl>char</cl></e>
<e n='42'> <in>G</in> <out>gh</out> <cl>char</cl></e>
<e n='43'> <in>{G}</in> <out>Gh</out> <cl>char</cl></e>
<e n='44'> <in>N</in> <out>n\u0307</out> <cl>char</cl></e>
<e n='45'> <in>{N}</in> <out>N\u0307</out> <cl>char</cl></e><!-- combining dot above -->

<e n='46'> <in>c</in> <out>c</out> <cl>char</cl></e>
<e n='47'> <in>{c}</in> <out>C</out> <cl>char</cl></e>
<e n='48'> <in>C</in> <out>ch</out> <cl>char</cl></e>
<e n='49'> <in>{C}</in> <out>Ch</out> <cl>char</cl></e>
<e n='50'> <in>j</in> <out>j</out> <cl>char</cl></e>
<e n='51'> <in>{j}</in> <out>J</out> <cl>char</cl></e>
<e n='52'> <in>J</in> <out>jh</out> <cl>char</cl></e>
<e n='53'> <in>{J}</in> <out>Jh</out> <cl>char</cl></e>
<e n='54'> <in>Y</in> <out>n\u0303</out> <cl>char</cl></e>
<e n='55'> <in>{Y}</in> <out>N\u0303</out> <cl>char</cl></e>

<e n='56'> <in>w</in> <out>t\u0323</out> <cl>char</cl></e>
<e n='57'> <in>{w}</in> <out>T\u0323</out> <cl>char</cl></e>
<e n='58'> <in>W</in> <out>t\u0323h</out> <cl>char</cl></e>
<e n='59'> <in>{W}</in> <out>T\u0323h</out> <cl>char</cl></e>
<e n='60'> <in>q</in> <out>d\u0323</out> <cl>char</cl></e>
<e n='61'> <in>{q}</in> <out>D\u0323</out> <cl>char</cl></e>
<e n='62'> <in>L</in> <out>l\u0323</out> <cl>char</cl></e>
<e n='63'> <in>{L}</in> <out>L\u0323</out> <cl>char</cl></e>
<!-- lowercase l + dot below; uppercase L + dot below -->
<e n='64'> <in>Q</in> <out>d\u0323h</out> <cl>char</cl></e>
<e n='65'> <in>{Q}</in> <out>D\u0323h</out> <cl>char</cl></e>
<e n='66'> <in>|</in> <out>l\u0323h</out> <cl>char</cl></e>
<e n='67'> <in>{|}</in> <out>L\u0323h</out> <cl>char</cl></e>
<!-- lowercase l + dot below + h; uppercase L + dot below + h -->
<e n='68'> <in>R</in> <out>n\u0323</out> <cl>char</cl></e>
<e n='69'> <in>{R}</in> <out>N\u0323</out> <cl>char</cl></e>

<e n='70'> <in>t</in> <out>t</out> <cl>char</cl></e>
<e n='71'> <in>{t}</in> <out>T</out> <cl>char</cl></e>
<e n='72'> <in>T</in> <out>th</out> <cl>char</cl></e>
<e n='73'> <in>{T}</in> <out>Th</out> <cl>char</cl></e>
<e n='74'> <in>d</in> <out>d</out> <cl>char</cl></e>
<e n='75'> <in>{d}</in> <out>D</out> <cl>char</cl></e>
<e n='76'> <in>D</in> <out>dh</out> <cl>char</cl></e>
<e n='77'> <in>{D}</in> <out>Dh</out> <cl>char</cl></e>
<e n='78'> <in>n</in> <out>n</out> <cl>char</cl></e>
<e n='79'> <in>{n}</in> <out>N</out> <cl>char</cl></e>

<e n='80'> <in>p</in> <out>p</out> <cl>char</cl></e>
<e n='81'> <in>{p}</in> <out>P</out> <cl>char</cl></e>
<e n='82'> <in>P</in> <out>ph</out> <cl>char</cl></e>
<e n='83'> <in>{P}</in> <out>Ph</out> <cl>char</cl></e>
<e n='84'> <in>b</in> <out>b</out> <cl>char</cl></e>
<e n='85'> <in>{b}</in> <out>B</out> <cl>char</cl></e>
<e n='86'> <in>B</in> <out>bh</out> <cl>char</cl></e>
<e n='87'> <in>{B}</in> <out>Bh</out> <cl>char</cl></e>
<e n='88'> <in>m</in> <out>m</out> <cl>char</cl></e>
<e n='89'> <in>{m}</in> <out>M</out> <cl>char</cl></e>

<e n='90'> <in>y</in> <out>y</out> <cl>char</cl></e>
<e n='91'> <in>{y}</in> <out>Y</out> <cl>char</cl></e>
<e n='92'> <in>r</in> <out>r</out> <cl>char</cl></e>
<e n='93'> <in>{r}</in> <out>R</out> <cl>char</cl></e>
<e n='94'> <in>l</in> <out>l</out> <cl>char</cl></e>
<e n='95'> <in>{l}</in> <out>L</out> <cl>char</cl></e>
<e n='96'> <in>v</in> <out>v</out> <cl>char</cl></e>
<e n='97'> <in>{v}</in> <out>V</out> <cl>char</cl></e>

<e n='98'> <in>S</in> <out>s\u0301</out> <cl>char</cl></e>
<e n='99'> <in>{S}</in> <out>S\u0301</out> <cl>char</cl></e>
<e n='100'> <in>z</in> <out>s\u0323</out> <cl>char</cl></e>
<e n='101'> <in>{z}</in> <out>S\u0323</out> <cl>char</cl></e>
<e n='102'> <in>s</in> <out>s</out> <cl>char</cl></e>
<e n='103'> <in>{s}</in> <out>S</out> <cl>char</cl></e>
<e n='104'> <in>h</in> <out>h</out> <cl>char</cl></e>
<e n='105'> <in>{h}</in> <out>H</out> <cl>char</cl></e>

<e n='106'> <in>H</in> <out>h\u0323</out> <cl>char</cl></e>
<e n='107'> <in>{H}</in> <out>H\u0323</out> <cl>char</cl></e>
<e n='108'> <in>Z</in> <out>h\u0331</out> <cl>char</cl></e>
<e n='109'> <in>{Z}</in> <out>H\u0331</out> <cl>char</cl></e><!-- combining macron below -->
<e n='110'> <in>V</in> <out>h\u032c</out> <cl>char</cl></e>
<e n='111'> <in>{V}</in> <out>H\u032c</out> <cl>char</cl></e><!-- combining caron below -->
<e n='112'> <in>M</in> <out>m\u0307</out> <cl>char</cl></e>
<e n='113'> <in>{M}</in> <out>M\u0307</out> <cl>char</cl></e><!-- combining dot above -->

<e n='114'> <in>'</in> <out>\u2019</out> <cl>char</cl></e><!-- apostrophe (single curly close quote) -->
<e n='115'> <in>~</in> <out>\u0303</out> <cl>char</cl></e><!-- combining tilde -->
<e n='116'> <in>/</in> <out>\u0301</out> <cl>char</cl></e><!-- combining acute -->
<e n='117'> <in>^</in> <out>\u0302</out> <cl>char</cl></e><!-- combining circumflex -->
<e n='118'> <in>\</in> <out>\u0300</out> <cl>char</cl></e><!-- combining grave -->
<e n='119'> <in>?</in> <out>?</out> <cl>char</cl></e><!-- PMS: indicates a doubtful reading. -->
<!--e n='119'> <in>hack1</in> <out></out><cl>char</cl></e-->

<e n='120'> <in>\u0020</in> <out>\u0020</out> <cl>char</cl></e>
<e n='121'> <in>\u0009</in> <out>\u0009</out> <cl>char</cl></e>
<e n='122'> <in>\u000d</in> <out>\u000d</out> <cl>char</cl></e>
<e n='123'> <in>\u000a</in> <out>\u000a</out> <cl>char</cl></e>

<e n='124'> <in>-</in> <out>-</out> <cl>char</cl></e>
<e n='125'> <in>.</in> <out>|</out> <cl>char</cl></e>
<!-- e n='126'> <in>,</in> <out>,</out> <cl>char</cl></e -->
<!-- e n='127'> <in>;</in> <out>;</out> <cl>char</cl></e -->

<e n='130'> <in>0</in> <out>0</out> <cl>char</cl></e>
<e n='131'> <in>1</in> <out>1</out> <cl>char</cl></e>
<e n='132'> <in>2</in> <out>2</out> <cl>char</cl></e>
<e n='133'> <in>3</in> <out>3</out> <cl>char</cl></e>
<e n='134'> <in>4</in> <out>4</out> <cl>char</cl></e>
<e n='135'> <in>5</in> <out>5</out> <cl>char</cl></e>
<e n='136'> <in>6</in> <out>6</out> <cl>char</cl></e>
<e n='137'> <in>7</in> <out>7</out> <cl>char</cl></e>
<e n='138'> <in>8</in> <out>8</out> <cl>char</cl></e>
<e n='139'> <in>9</in> <out>9</out> <cl>char</cl></e>

<!-- accents follow LIES spec of slp1 -->
<e n='141'> <in>a/</in> <out>a\u0301</out> <cl>char</cl></e>
<e n='142'> <in>i/</in> <out>i\u0301</out> <cl>char</cl></e>
<e n='143'> <in>u/</in> <out>u\u0301</out> <cl>char</cl></e>
<e n='144'> <in>f/</in> <out>r\u0325\u0301</out> <cl>char</cl></e><!-- r + combining ring below + acute -->
<e n='145'> <in>x/</in> <out>l\u0325\u0301</out> <cl>char</cl></e><!-- l + combining ring below + acute -->
<e n='146'> <in>A/</in> <out>a\u0304\u0301</out> <cl>char</cl></e>
<e n='147'> <in>I/</in> <out>i\u0304\u0301</out> <cl>char</cl></e>
<e n='148'> <in>U/</in> <out>u\u0304\u0301</out> <cl>char</cl></e>
<e n='149'> <in>F/</in> <out>r\u0325\u0304\u0301</out> <cl>char</cl></e><!-- r + combining ring below + macron + acute -->
<e n='150'> <in>X/</in> <out>l\u0325\u0304\u0301</out> <cl>char</cl></e><!-- l + combining ring below + macron + acute -->
<e n='151'> <in>e/</in> <out>e\u0301</out> <cl>char</cl></e>
<e n='152'> <in>o/</in> <out>o\u0301</out> <cl>char</cl></e>
<e n='153'> <in>E/</in> <out>ai\u0301</out> <cl>char</cl></e>
<e n='154'> <in>O/</in> <out>au\u0301</out> <cl>char</cl></e>

<!-- svarita mapped to circumflex accent -->
<e n='155'> <in>a^</in> <out>a\u0302</out> <cl>char</cl></e>
<e n='156'> <in>i^</in> <out>i\u0302</out> <cl>char</cl></e>
<e n='157'> <in>u^</in> <out>u\u0302</out> <cl>char</cl></e>
<e n='158'> <in>f^</in> <out>r\u0325\u0302</out> <cl>char</cl></e><!-- r + combining ring below + circumflex -->
<e n='159'> <in>x^</in> <out>l\u0325\u0302</out> <cl>char</cl></e><!-- l + combining ring below + circumflex -->
<e n='160'> <in>A^</in> <out>a\u0304\u0302</out> <cl>char</cl></e>
<e n='161'> <in>I^</in> <out>i\u0304\u0302</out> <cl>char</cl></e>
<e n='162'> <in>U^</in> <out>u\u0304\u0302</out> <cl>char</cl></e>
<e n='163'> <in>F^</in> <out>r\u0325\u0304\u0302</out> <cl>char</cl></e><!-- r + combining ring below + macron + circumflex -->
<e n='164'> <in>X^</in> <out>l\u0325\u0304\u0302</out> <cl>char</cl></e><!-- l + combining ring below + macron + circumflex -->
<e n='165'> <in>e^</in> <out>e\u0302</out> <cl>char</cl></e>
<e n='166'> <in>o^</in> <out>u\u0302</out> <cl>char</cl></e>
<e n='167'> <in>E^</in> <out>a\u1dcdi</out> <cl>char</cl></e>
<e n='168'> <in>O^</in> <out>a\u1dcdu</out> <cl>char</cl></e>
<!-- \u1dcd combining double circumflex above -->

<!-- grave accent mark mapped to backslash -->
<e n='169'> <in>a\</in> <out>a\u0300</out> <cl>char</cl></e>
<e n='170'> <in>i\</in> <out>i\u0300</out> <cl>char</cl></e>
<e n='171'> <in>u\</in> <out>u\u0300</out> <cl>char</cl></e>
<e n='172'> <in>f\</in> <out>r\u0325\u0300</out> <cl>char</cl></e><!-- r + combining ring below + grave -->
<e n='173'> <in>x\</in> <out>l\u0325\u0300</out> <cl>char</cl></e><!-- l + combining ring below + grave -->
<e n='174'> <in>A\</in> <out>a\u0304\u0300</out> <cl>char</cl></e>
<e n='175'> <in>I\</in> <out>i\u0304\u0300</out> <cl>char</cl></e>
<e n='176'> <in>U\</in> <out>u\u0304\u0300</out> <cl>char</cl></e>
<e n='177'> <in>F\</in> <out>r\u0325\u0304\u0300</out> <cl>char</cl></e><!-- r + combining ring below + macron + grave -->
<e n='178'> <in>X\</in> <out>l\u0325\u0304\u0300</out> <cl>char</cl></e><!-- l + combining ring below + macron + grave -->
<e n='179'> <in>e\</in> <out>e\u0300</out> <cl>char</cl></e>
<e n='180'> <in>o\</in> <out>o\u0300</out> <cl>char</cl></e>
<e n='181'> <in>E\</in> <out>ai\u0300</out> <cl>char</cl></e>
<e n='182'> <in>O\</in> <out>au\u0300</out> <cl>char</cl></e>

<!-- Capital letter accented and nasalized vowels and semivowels -->
<e n='201'> <in>{a/}</in> <out>A\u0301</out> <cl>char</cl></e>
<e n='202'> <in>{i/}</in> <out>I\u0301</out> <cl>char</cl></e>
<e n='203'> <in>{u/}</in> <out>U\u0301</out> <cl>char</cl></e>
<e n='204'> <in>{f/}</in> <out>R\u0325\u0301</out> <cl>char</cl></e><!-- R + combining ring below + acute -->
<e n='205'> <in>{x/}</in> <out>L\u0325\u0301</out> <cl>char</cl></e><!-- L + combining ring below + acute -->
<e n='206'> <in>{A/}</in> <out>A\u0304\u0301</out> <cl>char</cl></e>
<e n='207'> <in>{I/}</in> <out>I\u0304\u0301</out> <cl>char</cl></e>
<e n='208'> <in>{U/}</in> <out>U\u0304\u0301</out> <cl>char</cl></e>
<e n='209'> <in>{F/}</in> <out>R\u0325\u0304\u0301</out> <cl>char</cl></e><!-- R + combining ring below + macron + acute -->
<e n='210'> <in>{X/}</in> <out>L\u0325\u0304\u0301</out> <cl>char</cl></e><!-- L + combining ring below + macron + acute -->
<e n='211'> <in>{e/}</in> <out>E\u0301</out> <cl>char</cl></e>
<e n='212'> <in>{o/}</in> <out>O\u0301</out> <cl>char</cl></e>
<e n='213'> <in>{E/}</in> <out>Ai\u0301</out> <cl>char</cl></e>
<e n='214'> <in>{O/}</in> <out>Au\u0301</out> <cl>char</cl></e>

<!-- svarita mapped to circumflex accent -->
<e n='215'> <in>{a^}</in> <out>A\u0302</out> <cl>char</cl></e>
<e n='216'> <in>{i^}</in> <out>I\u0302</out> <cl>char</cl></e>
<e n='217'> <in>{u^}</in> <out>U\u0302</out> <cl>char</cl></e>
<e n='218'> <in>{f^}</in> <out>R\u0325\u0302</out> <cl>char</cl></e><!-- R + combining ring below + circumflex -->
<e n='219'> <in>{x^}</in> <out>L\u0325\u0302</out> <cl>char</cl></e><!-- L + combining ring below + circumflex -->
<e n='220'> <in>{A^}</in> <out>A\u0304\u0302</out> <cl>char</cl></e>
<e n='221'> <in>{I^}</in> <out>I\u0304\u0302</out> <cl>char</cl></e>
<e n='222'> <in>{U^}</in> <out>U\u0304\u0302</out> <cl>char</cl></e>
<e n='223'> <in>{F^}</in> <out>R\u0325\u0304\u0302</out> <cl>char</cl></e><!-- R + combining ring below + macron + circumflex -->
<e n='224'> <in>{X^}</in> <out>L\u0325\u0304\u0302</out> <cl>char</cl></e><!-- L + combining ring below + macron + circumflex -->
<e n='225'> <in>{e^}</in> <out>E\u0302</out> <cl>char</cl></e>
<e n='226'> <in>{o^}</in> <out>O\u0302</out> <cl>char</cl></e>
<e n='227'> <in>{E^}</in> <out>A\u1dcdi</out> <cl>char</cl></e>
<e n='228'> <in>{O^}</in> <out>A\u1dcdu</out> <cl>char</cl></e>
<!-- \u1dcd combining double circumflex above -->

<!-- grave accent mark mapped to backslash -->
<e n='229'> <in>{a\}</in> <out>A\u0300</out> <cl>char</cl></e>
<e n='230'> <in>{i\}</in> <out>I\u0300</out> <cl>char</cl></e>
<e n='231'> <in>{u\}</in> <out>U\u0300</out> <cl>char</cl></e>
<e n='232'> <in>{f\}</in> <out>R\u0325\u0300</out> <cl>char</cl></e><!-- R + combining ring below + grave -->
<e n='233'> <in>{x\}</in> <out>L\u0325\u0300</out> <cl>char</cl></e><!-- L + combining ring below + grave -->
<e n='234'> <in>{A\}</in> <out>A\u0304\u0300</out> <cl>char</cl></e>
<e n='235'> <in>{I\}</in> <out>I\u0304\u0300</out> <cl>char</cl></e>
<e n='236'> <in>{U\}</in> <out>U\u0304\u0300</out> <cl>char</cl></e>
<e n='237'> <in>{F\}</in> <out>R\u0325\u0304\u0300</out> <cl>char</cl></e><!-- R + combining ring below + macron + grave -->
<e n='238'> <in>{X\}</in> <out>L\u0325\u0304\u0300</out> <cl>char</cl></e><!-- L + combining ring below + macron + grave -->
<e n='239'> <in>{e\}</in> <out>E\u0300</out> <cl>char</cl></e>
<e n='240'> <in>{o\}</in> <out>O\u0300</out> <cl>char</cl></e>
<e n='241'> <in>{E\}</in> <out>Ai\u0300</out> <cl>char</cl></e>
<e n='242'> <in>{O\}</in> <out>Au\u0300</out> <cl>char</cl></e>

<!-- Nasalized vowels and semivowels and the only precomposed nasalized vowel combinations with accents -->
<e n='251'> <in>{a~}</in> <out>A\u0303</out> <cl>char</cl> </e><!-- A + tilde -->
<e n='252'> <in>a~</in> <out>a\u0303</out> <cl>char</cl> </e><!-- a + tilde -->
<e n='253'> <in>{i~}</in> <out>I\u0303</out> <cl>char</cl> </e><!-- I + tilde -->
<e n='254'> <in>i~</in> <out>i\u0303</out> <cl>char</cl> </e><!-- i + tilde -->
<e n='255'> <in>{u~}</in> <out>U\u0303</out> <cl>char</cl> </e><!-- U + tilde -->
<e n='256'> <in>u~</in> <out>u\u0303</out> <cl>char</cl> </e><!-- u + tilde -->
<e n='257'> <in>{u/~}</in> <out>U\u0303\u0301</out> <cl>char</cl> </e><!-- U + tilde + acute -->
<e n='258'> <in>u/~</in> <out>u\u0303\u0301</out> <cl>char</cl> </e><!-- u + tilde + acute -->
<e n='259'> <in>{e~}</in> <out>E\u0303</out> <cl>char</cl> </e><!-- E + tilde -->
<e n='260'> <in>e~</in> <out>e\u0303</out> <cl>char</cl> </e><!-- e + tilde -->
<e n='261'> <in>{o~}</in> <out>O\u0303</out> <cl>char</cl> </e><!-- O + tilde -->
<e n='262'> <in>o~</in> <out>o\u0303</out> <cl>char</cl> </e><!-- o + tilde -->
<e n='263'> <in>{o/~}</in> <out>O\u0303\u0301</out> <cl>char</cl> </e><!-- O + tilde + acute -->
<e n='264'> <in>o/~</in> <out>o\u0303\u0301</out> <cl>char</cl> </e><!-- o + tilde + acute -->
<e n='265'> <in>{E~}</in> <out>Ai\u0303</out> <cl>char</cl> </e><!-- A + i tilde -->
<e n='266'> <in>E~</in> <out>ai\u0303</out> <cl>char</cl> </e><!-- a + i tilde -->
<e n='267'> <in>{O~}</in> <out>Au\u0303</out> <cl>char</cl> </e><!-- A + u tilde -->
<e n='268'> <in>O~</in> <out>au\u0303</out> <cl>char</cl> </e><!-- a + u tilde -->
<e n='269'> <in>{O/~}</in> <out>Au\u0303\u0301</out> <cl>char</cl> </e><!-- A + u + tilde + acute -->
<e n='270'> <in>O/~</in> <out>au\u0303\u0301</out> <cl>char</cl> </e><!-- a + u + tilde + acute -->
<e n='271'> <in>{y~}</in> <out>Y\u0303</out> <cl>char</cl> </e><!-- Y + tilde -->
<e n='272'> <in>y~</in> <out>y\u0303</out> <cl>char</cl> </e><!-- y + tilde -->
<e n='273'> <in>{v~}</in> <out>V\u0303</out> <cl>char</cl> </e><!-- V + tilde -->
<e n='274'> <in>v~</in> <out>v\u0303</out> <cl>char</cl> </e><!-- v + tilde -->
<e n='275'> <in>{l~}</in> <out>L\u0303</out> <cl>char</cl> </e><!-- L + tilde -->
<e n='276'> <in>l~</in> <out>l\u0303</out> <cl>char</cl> </e><!-- l + tilde -->

<!-- Missing other nasalized vowel combinations with accents -->
</edges>
<buffers>
	<buffer name='chars' action='!!'>
		<member id='char'/>
	</buffer>
</buffers>
</fsm>