<fsm inputType='slp1' outputType='UTF8' version='2'>
<!-- x attribute is short of existence-->
<!-- vowel letters -->
<!-- in words: a vowel that is **not** directly preceded by a consonent or is at the beginning of the line is a vowel letter -->
<edges>
<e n='0'> <in>a</in> <ctx card='+' dir='before' x='n|eol'>$consonent_no_vowel</ctx> <out>\u0905</out> <cl>vowel_letter</cl></e>
<e n='1'> <in>A</in> <ctx card='+' dir='before' x='n|eol'>$consonent_no_vowel</ctx> <out>\u0906</out>  <cl>vowel_letter</cl></e>
<e n='2'> <in>i</in> <ctx card='+' dir='before' x='n|eol'>$consonent_no_vowel</ctx> <out>\u0907</out>  <cl>vowel_letter</cl></e>
<e n='3'> <in>I</in> <ctx card='+' dir='before' x='n|eol'>$consonent_no_vowel</ctx> <out>\u0908</out>  <cl>vowel_letter</cl></e>
<e n='4'> <in>u</in> <ctx card='+' dir='before' x='n|eol'>$consonent_no_vowel</ctx> <out>\u0909</out>  <cl>vowel_letter</cl></e>
<e n='5'> <in>U</in> <ctx card='+' dir='before' x='n|eol'>$consonent_no_vowel</ctx> <out>\u090a</out>  <cl>vowel_letter</cl></e>
<e n='6'> <in>f</in> <ctx card='+' dir='before' x='n|eol'>$consonent_no_vowel</ctx> <out>\u090b</out>  <cl>vowel_letter</cl></e>
<e n='7'> <in>F</in> <ctx card='+' dir='before' x='n|eol'>$consonent_no_vowel</ctx> <out>\u0960</out>  <cl>vowel_letter</cl></e>
<e n='8'> <in>x</in> <ctx card='+' dir='before' x='n|eol'>$consonent_no_vowel</ctx> <out>\u090c</out>  <cl>vowel_letter</cl></e>
<e n='9'> <in>X</in> <ctx card='+' dir='before' x='n|eol'>$consonent_no_vowel</ctx> <out>\u0961</out>  <cl>vowel_letter</cl></e>
<e n='10'> <in>e</in> <ctx card='+' dir='before' x='n|eol'>$consonent_no_vowel</ctx> <out>\u090f</out>  <cl>vowel_letter</cl></e>
<e n='11'> <in>E</in> <ctx card='+' dir='before' x='n|eol'>$consonent_no_vowel</ctx> <out>\u0910</out>  <cl>vowel_letter</cl></e>
<e n='12'> <in>o</in> <ctx card='+' dir='before' x='n|eol'>$consonent_no_vowel</ctx> <out>\u0913</out>  <cl>vowel_letter</cl></e>
<e n='13'> <in>O</in> <ctx card='+' dir='before' x='n|eol'>$consonent_no_vowel</ctx> <out>\u0914</out>  <cl>vowel_letter</cl></e>

<!-- vowel signs -->
<!-- in words: a vowel that **is** directly preceded by a consonent is a vowel sign-->
<e n='14'> <in>a</in> <ctx card='+' dir='before' x='y'>$consonent_no_vowel</ctx> <out></out> <cl>vowel_sign</cl></e>
<e n='15'> <in>A</in> <ctx card='+' dir='before' x='y'>$consonent_no_vowel</ctx> <out>\u093e</out> <cl>vowel_sign</cl></e>
<e n='16'> <in>i</in> <ctx card='+' dir='before' x='y'>$consonent_no_vowel</ctx> <out>\u093f</out> <cl>vowel_sign</cl></e>
<e n='17'> <in>I</in> <ctx card='+' dir='before' x='y'>$consonent_no_vowel</ctx> <out>\u0940</out> <cl>vowel_sign</cl></e>
<e n='18'> <in>u</in> <ctx card='+' dir='before' x='y'>$consonent_no_vowel</ctx> <out>\u0941</out> <cl>vowel_sign</cl></e>
<e n='19'> <in>U</in> <ctx card='+' dir='before' x='y'>$consonent_no_vowel</ctx> <out>\u0942</out> <cl>vowel_sign</cl></e>
<e n='20'> <in>f</in> <ctx card='+' dir='before' x='y'>$consonent_no_vowel</ctx> <out>\u0943</out> <cl>vowel_sign</cl></e>
<e n='21'> <in>F</in> <ctx card='+' dir='before' x='y'>$consonent_no_vowel</ctx> <out>\u0944</out> <cl>vowel_sign</cl></e>
<e n='22'> <in>x</in> <ctx card='+' dir='before' x='y'>$consonent_no_vowel</ctx> <out>\u0962</out> <cl>vowel_sign</cl></e>
<e n='23'> <in>X</in> <ctx card='+' dir='before' x='y'>$consonent_no_vowel</ctx> <out>\u0963</out> <cl>vowel_sign</cl></e>
<e n='24'> <in>e</in> <ctx card='+' dir='before' x='y'>$consonent_no_vowel</ctx> <out>\u0947</out> <cl>vowel_sign</cl></e>
<e n='25'> <in>E</in> <ctx card='+' dir='before' x='y'>$consonent_no_vowel</ctx> <out>\u0948</out> <cl>vowel_sign</cl></e>
<e n='26'> <in>o</in> <ctx card='+' dir='before' x='y'>$consonent_no_vowel</ctx> <out>\u094b</out> <cl>vowel_sign</cl></e>
<e n='27'> <in>O</in> <ctx card='+' dir='before' x='y'>$consonent_no_vowel</ctx> <out>\u094c</out> <cl>vowel_sign</cl></e>
<e n='28'> <in>Z</in> <!--ctx card='+' dir='before' x='y'>consonent_no_vowel</ctx--> <out>\u1CF2</out> <cl>vowel_sign</cl></e>
<e n='29'> <in>V</in> <!--ctx card='+' dir='before' x='y'>consonent_no_vowel</ctx--> <out>\u1CF2</out> <cl>vowel_sign</cl></e>

<!-- consonents with virama -->
<!-- in words: a consonent that is **not** followed by a vowel sign or is at the end of a line takes a virama-->
<e n='30'> <in>k</in> <ctx card='+' dir='after' x='n|eol'>$vowel_sign</ctx> <out>\u0915\u094d</out> <cl>consonent_no_vowel</cl></e>
<e n='31'> <in>K</in> <ctx card='+' dir='after' x='n|eol'>$vowel_sign</ctx> <out>\u0916\u094d</out> <cl>consonent_no_vowel</cl></e>
<e n='32'> <in>g</in> <ctx card='+' dir='after' x='n|eol'>$vowel_sign</ctx> <out>\u0917\u094d</out> <cl>consonent_no_vowel</cl></e>
<e n='33'> <in>G</in> <ctx card='+' dir='after' x='n|eol'>$vowel_sign</ctx> <out>\u0918\u094d</out> <cl>consonent_no_vowel</cl></e>
<e n='34'> <in>N</in> <ctx card='+' dir='after' x='n|eol'>$vowel_sign</ctx> <out>\u0919\u094d</out> <cl>consonent_no_vowel</cl></e>
<e n='35'> <in>c</in> <ctx card='+' dir='after' x='n|eol'>$vowel_sign</ctx> <out>\u091a\u094d</out> <cl>consonent_no_vowel</cl></e>
<e n='36'> <in>C</in> <ctx card='+' dir='after' x='n|eol'>$vowel_sign</ctx> <out>\u091b\u094d</out> <cl>consonent_no_vowel</cl></e>
<e n='37'> <in>j</in> <ctx card='+' dir='after' x='n|eol'>$vowel_sign</ctx> <out>\u091c\u094d</out> <cl>consonent_no_vowel</cl></e>
<e n='38'> <in>J</in> <ctx card='+' dir='after' x='n|eol'>$vowel_sign</ctx> <out>\u091d\u094d</out> <cl>consonent_no_vowel</cl></e>
<e n='39'> <in>Y</in> <ctx card='+' dir='after' x='n|eol'>$vowel_sign</ctx> <out>\u091e\u094d</out> <cl>consonent_no_vowel</cl></e>
<e n='40'> <in>w</in> <ctx card='+' dir='after' x='n|eol'>$vowel_sign</ctx> <out>\u091f\u094d</out> <cl>consonent_no_vowel</cl></e>
<e n='41'> <in>W</in> <ctx card='+' dir='after' x='n|eol'>$vowel_sign</ctx> <out>\u0920\u094d</out> <cl>consonent_no_vowel</cl></e>
<e n='42'> <in>q</in> <ctx card='+' dir='after' x='n|eol'>$vowel_sign</ctx> <out>\u0921\u094d</out> <cl>consonent_no_vowel</cl></e>
<e n='43'> <in>Q</in> <ctx card='+' dir='after' x='n|eol'>$vowel_sign</ctx> <out>\u0922\u094d</out> <cl>consonent_no_vowel</cl></e>
<e n='44'> <in>R</in> <ctx card='+' dir='after' x='n|eol'>$vowel_sign</ctx> <out>\u0923\u094d</out> <cl>consonent_no_vowel</cl></e>
<e n='45'> <in>t</in> <ctx card='+' dir='after' x='n|eol'>$vowel_sign</ctx> <out>\u0924\u094d</out> <cl>consonent_no_vowel</cl></e>
<e n='46'> <in>T</in> <ctx card='+' dir='after' x='n|eol'>$vowel_sign</ctx> <out>\u0925\u094d</out> <cl>consonent_no_vowel</cl></e>
<e n='47'> <in>d</in> <ctx card='+' dir='after' x='n|eol'>$vowel_sign</ctx> <out>\u0926\u094d</out> <cl>consonent_no_vowel</cl></e>
<e n='48'> <in>D</in> <ctx card='+' dir='after' x='n|eol'>$vowel_sign</ctx> <out>\u0927\u094d</out> <cl>consonent_no_vowel</cl></e>
<e n='49'> <in>n</in> <ctx card='+' dir='after' x='n|eol'>$vowel_sign</ctx> <out>\u0928\u094d</out> <cl>consonent_no_vowel</cl></e>
<e n='50'> <in>p</in> <ctx card='+' dir='after' x='n|eol'>$vowel_sign</ctx> <out>\u092a\u094d</out> <cl>consonent_no_vowel</cl></e>
<e n='51'> <in>P</in> <ctx card='+' dir='after' x='n|eol'>$vowel_sign</ctx> <out>\u092b\u094d</out> <cl>consonent_no_vowel</cl></e>
<e n='52'> <in>b</in> <ctx card='+' dir='after' x='n|eol'>$vowel_sign</ctx> <out>\u092c\u094d</out> <cl>consonent_no_vowel</cl></e>
<e n='53'> <in>B</in> <ctx card='+' dir='after' x='n|eol'>$vowel_sign</ctx> <out>\u092d\u094d</out> <cl>consonent_no_vowel</cl></e>
<e n='54'> <in>m</in> <ctx card='+' dir='after' x='n|eol'>$vowel_sign</ctx> <out>\u092e\u094d</out> <cl>consonent_no_vowel</cl></e>
<e n='55'> <in>y</in> <ctx card='+' dir='after' x='n|eol'>$vowel_sign</ctx> <out>\u092f\u094d</out> <cl>consonent_no_vowel</cl></e>
<e n='56'> <in>r</in> <ctx card='+' dir='after' x='n|eol'>$vowel_sign</ctx> <out>\u0930\u094d</out> <cl>consonent_no_vowel</cl></e>
<e n='57'> <in>l</in> <ctx card='+' dir='after' x='n|eol'>$vowel_sign</ctx> <out>\u0932\u094d</out> <cl>consonent_no_vowel</cl></e>
<e n='58'> <in>L</in> <ctx card='+' dir='after' x='n|eol'>$vowel_sign</ctx> <out>\u0933\u094d</out> <cl>consonent_no_vowel</cl></e>
<e n='59'> <in>|</in> <ctx card='+' dir='after' x='n|eol'>$vowel_sign</ctx> <out>\u0933\u094d\u0939\u094d</out> <cl>consonent_no_vowel</cl></e>
<e n='60'> <in>v</in> <ctx card='+' dir='after' x='n|eol'>$vowel_sign</ctx> <out>\u0935\u094d</out> <cl>consonent_no_vowel</cl></e>
<e n='61'> <in>S</in> <ctx card='+' dir='after' x='n|eol'>$vowel_sign</ctx> <out>\u0936\u094d</out> <cl>consonent_no_vowel</cl></e>
<e n='62'> <in>z</in> <ctx card='+' dir='after' x='n|eol'>$vowel_sign</ctx> <out>\u0937\u094d</out> <cl>consonent_no_vowel</cl></e>
<e n='63'> <in>s</in> <ctx card='+' dir='after' x='n|eol'>$vowel_sign</ctx> <out>\u0938\u094d</out> <cl>consonent_no_vowel</cl></e>
<e n='64'> <in>h</in> <ctx card='+' dir='after' x='n|eol'>$vowel_sign</ctx> <out>\u0939\u094d</out> <cl>consonent_no_vowel</cl></e>

<!-- consonents with attached vowel (or schwa) -->
<!-- in words: a consonent that **is** followed by a vowel sign does not take a virama-->
<e n='65'> <in>k</in> <ctx card='+' dir='after' x='y'>$vowel_sign</ctx> <out>\u0915</out> <cl>consonent_schwa</cl></e>
<e n='66'> <in>K</in> <ctx card='+' dir='after' x='y'>$vowel_sign</ctx> <out>\u0916</out> <cl>consonent_schwa</cl></e>
<e n='67'> <in>g</in> <ctx card='+' dir='after' x='y'>$vowel_sign</ctx> <out>\u0917</out> <cl>consonent_schwa</cl></e>
<e n='68'> <in>G</in> <ctx card='+' dir='after' x='y'>$vowel_sign</ctx> <out>\u0918</out> <cl>consonent_schwa</cl></e>
<e n='69'> <in>N</in> <ctx card='+' dir='after' x='y'>$vowel_sign</ctx> <out>\u0919</out> <cl>consonent_schwa</cl></e>
<e n='70'> <in>c</in> <ctx card='+' dir='after' x='y'>$vowel_sign</ctx> <out>\u091a</out> <cl>consonent_schwa</cl></e>
<e n='71'> <in>C</in> <ctx card='+' dir='after' x='y'>$vowel_sign</ctx> <out>\u091b</out> <cl>consonent_schwa</cl></e>
<e n='72'> <in>j</in> <ctx card='+' dir='after' x='y'>$vowel_sign</ctx> <out>\u091c</out> <cl>consonent_schwa</cl></e>
<e n='73'> <in>J</in> <ctx card='+' dir='after' x='y'>$vowel_sign</ctx> <out>\u091d</out> <cl>consonent_schwa</cl></e>
<e n='74'> <in>Y</in> <ctx card='+' dir='after' x='y'>$vowel_sign</ctx> <out>\u091e</out> <cl>consonent_schwa</cl></e>
<e n='75'> <in>w</in> <ctx card='+' dir='after' x='y'>$vowel_sign</ctx> <out>\u091f</out> <cl>consonent_schwa</cl></e>
<e n='76'> <in>W</in> <ctx card='+' dir='after' x='y'>$vowel_sign</ctx> <out>\u0920</out> <cl>consonent_schwa</cl></e>
<e n='77'> <in>q</in> <ctx card='+' dir='after' x='y'>$vowel_sign</ctx> <out>\u0921</out> <cl>consonent_schwa</cl></e>
<e n='78'> <in>Q</in> <ctx card='+' dir='after' x='y'>$vowel_sign</ctx> <out>\u0922</out> <cl>consonent_schwa</cl></e>
<e n='79'> <in>R</in> <ctx card='+' dir='after' x='y'>$vowel_sign</ctx> <out>\u0923</out> <cl>consonent_schwa</cl></e>
<e n='80'> <in>t</in> <ctx card='+' dir='after' x='y'>$vowel_sign</ctx> <out>\u0924</out> <cl>consonent_schwa</cl></e>
<e n='81'> <in>T</in> <ctx card='+' dir='after' x='y'>$vowel_sign</ctx> <out>\u0925</out> <cl>consonent_schwa</cl></e>
<e n='82'> <in>d</in> <ctx card='+' dir='after' x='y'>$vowel_sign</ctx> <out>\u0926</out> <cl>consonent_schwa</cl></e>
<e n='83'> <in>D</in> <ctx card='+' dir='after' x='y'>$vowel_sign</ctx> <out>\u0927</out> <cl>consonent_schwa</cl></e>
<e n='84'> <in>n</in> <ctx card='+' dir='after' x='y'>$vowel_sign</ctx> <out>\u0928</out> <cl>consonent_schwa</cl></e>
<e n='85'> <in>p</in> <ctx card='+' dir='after' x='y'>$vowel_sign</ctx> <out>\u092a</out> <cl>consonent_schwa</cl></e>
<e n='86'> <in>P</in> <ctx card='+' dir='after' x='y'>$vowel_sign</ctx> <out>\u092b</out> <cl>consonent_schwa</cl></e>
<e n='87'> <in>b</in> <ctx card='+' dir='after' x='y'>$vowel_sign</ctx> <out>\u092c</out> <cl>consonent_schwa</cl></e>
<e n='88'> <in>B</in> <ctx card='+' dir='after' x='y'>$vowel_sign</ctx> <out>\u092d</out> <cl>consonent_schwa</cl></e>
<e n='89'> <in>m</in> <ctx card='+' dir='after' x='y'>$vowel_sign</ctx> <out>\u092e</out> <cl>consonent_schwa</cl></e>
<e n='90'> <in>y</in> <ctx card='+' dir='after' x='y'>$vowel_sign</ctx> <out>\u092f</out> <cl>consonent_schwa</cl></e>
<e n='91'> <in>r</in> <ctx card='+' dir='after' x='y'>$vowel_sign</ctx> <out>\u0930</out> <cl>consonent_schwa</cl></e>
<e n='92'> <in>l</in> <ctx card='+' dir='after' x='y'>$vowel_sign</ctx> <out>\u0932</out> <cl>consonent_schwa</cl></e>
<e n='93'> <in>L</in> <ctx card='+' dir='after' x='y'>$vowel_sign</ctx> <out>\u0933</out> <cl>consonent_schwa</cl></e>
<e n='94'> <in>|</in> <ctx card='+' dir='after' x='y'>$vowel_sign</ctx> <out>\u0933\u094d\u0939</out> <cl>consonent_schwa</cl></e>
<e n='95'> <in>v</in> <ctx card='+' dir='after' x='y'>$vowel_sign</ctx> <out>\u0935</out> <cl>consonent_schwa</cl></e>
<e n='96'> <in>S</in> <ctx card='+' dir='after' x='y'>$vowel_sign</ctx> <out>\u0936</out> <cl>consonent_schwa</cl></e>
<e n='97'> <in>z</in> <ctx card='+' dir='after' x='y'>$vowel_sign</ctx> <out>\u0937</out> <cl>consonent_schwa</cl></e>
<e n='98'> <in>s</in> <ctx card='+' dir='after' x='y'>$vowel_sign</ctx> <out>\u0938</out> <cl>consonent_schwa</cl></e>
<e n='99'> <in>h</in> <ctx card='+' dir='after' x='y'>$vowel_sign</ctx> <out>\u0939</out> <cl>consonent_schwa</cl></e>
<e n='100'> <in>M</in> <out>\u0902</out> <cl>vowel_sign</cl></e>
<e n='101'> <in>~</in> <out>\u0901</out> <cl>accent</cl></e>
<e n='102'> <in>H</in> <out>\u0903</out> <cl>vowel_sign</cl></e>
<e n='103'> <in>'</in> <out>\u093d</out> <cl>punctuation</cl></e>
<e n='104'> <in>.</in> <out>\u0964</out> <cl>punctuation</cl></e>
<e n='105'> <in>..</in> <out>\u0965</out> <cl>punctuation</cl></e>
<e n='105a'> <in>-</in> <out>\u002d</out> <cl>punctuation</cl></e><!-- PMS U2010 is hyphen and 002D is hyphen-minus.  Praja uses 002D for hyphen. -->
<e n='105b'> <in>?</in> <out>\ua8fb</out> <cl>punctuation</cl></e><!-- PMS Devanagari headstroke = SiroreKA indicates a doubtful reading. -->
<e n='106'> <in>0</in> <out>\u0966</out> <cl>number</cl></e>
<e n='107'> <in>1</in> <out>\u0967</out> <cl>number</cl></e>
<e n='108'> <in>2</in> <out>\u0968</out> <cl>number</cl></e>
<e n='109'> <in>3</in> <out>\u0969</out> <cl>number</cl></e>
<e n='110'> <in>4</in> <out>\u096a</out> <cl>number</cl></e>
<e n='111'> <in>5</in> <out>\u096b</out> <cl>number</cl></e>
<e n='112'> <in>6</in> <out>\u096c</out> <cl>number</cl></e>
<e n='113'> <in>7</in> <out>\u096d</out> <cl>number</cl></e>
<e n='114'> <in>8</in> <out>\u096e</out> <cl>number</cl></e>
<e n='115'> <in>9</in> <out>\u096f</out> <cl>number</cl></e>
<e n='116'> <in>\u0020</in> <out>\u0020</out> <cl>whitespace</cl></e>
<e n='117'> <in>\u0009</in> <out>\u0009</out> <cl>whitespace</cl></e>
<e n='118'> <in>\u000d</in> <out>\u000d</out> <cl>whitespace</cl></e>
<e n='119'> <in>\u000a</in> <out>\u000a</out> <cl>whitespace</cl></e>
<!--e n='120'> <in>;</in> <out>;</out> <cl>punctuation</cl></e-->
<!-- weirdnesses -->

<!--e n='124'> <in>1/\</in> <out>\u0967\u200c\u0952\u0951</out> <cl>weirdness</cl></e-->
<!--e n='125'> <in>3/\</in> <out>\u0969\u200d\u0951\u0952</out> <cl>weirdness</cl></e-->

<!-- accents -->
<e n='122'> <in>\</in> <out>\u0952</out>  <cl>accent</cl></e>
<e n='122a'> <in>H\</in> <out>\u0903\u0952</out>  <cl>accent</cl></e>
<e n='122b'> <in>M\</in> <out>\u0902\u0952</out>  <cl>accent</cl></e>

<e n='123'> <in>/</in> <out>\u0951</out>  <cl>accent</cl></e>
<e n='123a'> <in>H/</in> <out>\u0903\u0951</out>  <cl>accent</cl></e>
<e n='123b'> <in>M/</in> <out>\u0902\u0951</out>  <cl>accent</cl></e>

<e n='124'> <in>^</in> <out>\u1ce0</out> <cl>atom</cl> </e>  <!-- udatta -->
<e n='124a'> <in>H^</in> <out>\u0903\u1ce0</out> <cl>atom</cl> </e>  <!-- udatta -->
<e n='124b'> <in>M^</in> <out>\u0902\u1ce0</out> <cl>atom</cl> </e>  <!-- udatta -->

<e n='125'> <in>~</in> <out>\u0901</out> <cl>atom</cl> </e>  <!-- candrabindu, anunasika -->
<e n='126'> <in>o~</in> <out>\u0950</out> <cl>atom</cl> </e>  <!-- OM -->
</edges>
<!-- no buffers element means write immediately -->	

<modifiers>
	<modifier>
		<value>/</value>
		<descr>udAtta (\u0951)</descr>
	</modifier>
	<modifier>
		<value>^</value>
		<descr>svarita (\u1ce0)</descr>
	</modifier>
	<modifier>
		<value>\</value>
		<descr>anudatta (\u0952)</descr>
	</modifier>
	<modifier>
		<value>~</value>
		<descr>candrabindu, anunasika, (\u0901)</descr>			
	</modifier>
</modifiers>
</fsm>