<!-- needs converting to version 2.0 -->
<!--
nonvowels = [^\u0BBE\u0BBF\u0BC0\u0BC1\u0BC2\u0BC3\u0BC4\u0BE2\u0BE3\u0BC6\u0BC7\u0BC8\u0BCA\u0BCB\u0BCC]
vowels_virama = [\u0BBE\u0BBF\u0BC0\u0BC1\u0BC2\u0BC3\u0BC4\u0BE2\u0BE3\u0BC6\u0BC7\u0BC8\u0BCA\u0BCB\u0BCC\u0BCD]
-->
<fsm start='INIT' inputDecoding='UTF-8' outputEncoding='UTF-8'>
<e> <s>INIT</s> <in>\u0B80</in> <out></out></e>
<e> <s>INIT</s> <in>\u0B81</in> <out></out></e>
<e> <s>INIT</s> <in>\u0B82</in> <out>M</out></e>
<e> <s>INIT</s> <in>\u0B83</in> <out>H</out></e>
<e> <s>INIT</s> <in>\u0B84</in> <out></out></e>
<e> <s>INIT</s> <in>\u0B85</in> <out>a</out></e>
<e> <s>INIT</s> <in>\u0B86</in> <out>A</out></e>
<e> <s>INIT</s> <in>\u0B87</in> <out>i</out></e>
<e> <s>INIT</s> <in>\u0B88</in> <out>I</out></e>
<e> <s>INIT</s> <in>\u0B89</in> <out>u</out></e>
<e> <s>INIT</s> <in>\u0B8a</in> <out>U</out></e>
<e> <s>INIT</s> <in>\u0B8b</in> <out></out></e>
<e> <s>INIT</s> <in>\u0B8c</in> <out></out></e>
<e> <s>INIT</s> <in>\u0B8d</in> <out></out></e>
<e> <s>INIT</s> <in>\u0B8e</in> <out>e1</out></e>
<e> <s>INIT</s> <in>\u0B8f</in> <out>e</out></e>
<e> <s>INIT</s> <in>\u0B90</in> <out>E</out></e>
<e> <s>INIT</s> <in>\u0B91</in> <out></out></e>
<e> <s>INIT</s> <in>\u0B92</in> <out>o1</out></e>
<e> <s>INIT</s> <in>\u0B93</in> <out>o</out></e>
<e> <s>INIT</s> <in>\u0B94</in> <out>O</out></e>

<e> <s>INIT</s> <in>\u0B95/^([\u0BBE\u0BBF\u0BC0\u0BC1\u0BC2\u0BC6\u0BC7\u0BC8\u0BCA\u0BCB\u0BCC\u0BCD\u0BE2\u0BE3])</in> <out>k</out></e>
<e> <s>INIT</s> <in>\u0B95/^([\u0BBE\u0BBF\u0BC0\u0BC1\u0BC2\u0BC6\u0BC7\u0BC8\u0BCA\u0BCB\u0BCC\u0BCD\u0BE2\u0BE3])|^$</in> <out>ka</out></e>

<e> <s>INIT</s> <in>\u0B96</in> <out></out></e>
<e> <s>INIT</s> <in>\u0B97</in> <out></out></e>
<e> <s>INIT</s> <in>\u0B98</in> <out></out></e>

<e> <s>INIT</s> <in>\u0B99/^([\u0BBE\u0BBF\u0BC0\u0BC1\u0BC2\u0BC6\u0BC7\u0BC8\u0BCA\u0BCB\u0BCC\u0BCD\u0BE2\u0BE3])</in> <out>N</out></e>
<e> <s>INIT</s> <in>\u0B99/^([\u0BBE\u0BBF\u0BC0\u0BC1\u0BC2\u0BC6\u0BC7\u0BC8\u0BCA\u0BCB\u0BCC\u0BCD\u0BE2\u0BE3])|^$</in> <out>Na</out></e>

<e> <s>INIT</s> <in>\u0B9a/^([\u0BBE\u0BBF\u0BC0\u0BC1\u0BC2\u0BC3\u0BC4\u0BE2\u0BE3\u0BC6\u0BC7\u0BC8\u0BCA\u0BCB\u0BCC\u0BCD])</in> <out>c</out></e>
<e> <s>INIT</s> <in>\u0B9a/^([\u0BBE\u0BBF\u0BC0\u0BC1\u0BC2\u0BC6\u0BC7\u0BC8\u0BCA\u0BCB\u0BCC\u0BCD\u0BE2\u0BE3])|^$</in> <out>ca</out></e>

<e> <s>INIT</s> <in>\u0B9B</in> <out></out></e>

<e> <s>INIT</s> <in>\u0B9c/^([\u0BBE\u0BBF\u0BC0\u0BC1\u0BC2\u0BC3\u0BC4\u0BE2\u0BE3\u0BC6\u0BC7\u0BC8\u0BCA\u0BCB\u0BCC\u0BCD])</in> <out>j</out></e>
<e> <s>INIT</s> <in>\u0B9c/^([\u0BBE\u0BBF\u0BC0\u0BC1\u0BC2\u0BC6\u0BC7\u0BC8\u0BCA\u0BCB\u0BCC\u0BCD\u0BE2\u0BE3])|^$</in> <out>ja</out></e>

<e> <s>INIT</s> <in>\u0B9D</in> <out></out></e>


<e> <s>INIT</s> <in>\u0B9e/^([\u0BBE\u0BBF\u0BC0\u0BC1\u0BC2\u0BC3\u0BC4\u0BE2\u0BE3\u0BC6\u0BC7\u0BC8\u0BCA\u0BCB\u0BCC\u0BCD])</in> <out>Y</out></e>
<e> <s>INIT</s> <in>\u0B9e/^([\u0BBE\u0BBF\u0BC0\u0BC1\u0BC2\u0BC6\u0BC7\u0BC8\u0BCA\u0BCB\u0BCC\u0BCD\u0BE2\u0BE3])|^$</in> <out>Ya</out></e>

<e> <s>INIT</s> <in>\u0B9f/^([\u0BBE\u0BBF\u0BC0\u0BC1\u0BC2\u0BC3\u0BC4\u0BE2\u0BE3\u0BC6\u0BC7\u0BC8\u0BCA\u0BCB\u0BCC\u0BCD])</in> <out>w</out></e>
<e> <s>INIT</s> <in>\u0B9f/^([\u0BBE\u0BBF\u0BC0\u0BC1\u0BC2\u0BC6\u0BC7\u0BC8\u0BCA\u0BCB\u0BCC\u0BCD\u0BE2\u0BE3])|^$</in> <out>wa</out></e>

<e> <s>INIT</s> <in>\u0BA0</in> <out></out></e>
<e> <s>INIT</s> <in>\u0BA1</in> <out></out></e>
<e> <s>INIT</s> <in>\u0BA2</in> <out></out></e>

<e> <s>INIT</s> <in>\u0BA3/^([\u0BBE\u0BBF\u0BC0\u0BC1\u0BC2\u0BC3\u0BC4\u0BE2\u0BE3\u0BC6\u0BC7\u0BC8\u0BCA\u0BCB\u0BCC\u0BCD])</in> <out>R</out></e>
<e> <s>INIT</s> <in>\u0BA3/^([\u0BBE\u0BBF\u0BC0\u0BC1\u0BC2\u0BC6\u0BC7\u0BC8\u0BCA\u0BCB\u0BCC\u0BCD\u0BE2\u0BE3])|^$</in> <out>Ra</out></e>

<e> <s>INIT</s> <in>\u0BA4/^([\u0BBE\u0BBF\u0BC0\u0BC1\u0BC2\u0BC3\u0BC4\u0BE2\u0BE3\u0BC6\u0BC7\u0BC8\u0BCA\u0BCB\u0BCC\u0BCD])</in> <out>t</out></e>
<e> <s>INIT</s> <in>\u0BA4/^([\u0BBE\u0BBF\u0BC0\u0BC1\u0BC2\u0BC6\u0BC7\u0BC8\u0BCA\u0BCB\u0BCC\u0BCD\u0BE2\u0BE3])|^$</in> <out>ta</out></e>

<e> <s>INIT</s> <in>\u0BA5</in> <out></out></e>
<e> <s>INIT</s> <in>\u0BA6</in> <out></out></e>
<e> <s>INIT</s> <in>\u0BA7</in> <out></out></e>

<e> <s>INIT</s> <in>\u0BA8/^([\u0BBE\u0BBF\u0BC0\u0BC1\u0BC2\u0BC3\u0BC4\u0BE2\u0BE3\u0BC6\u0BC7\u0BC8\u0BCA\u0BCB\u0BCC\u0BCD])</in> <out>n</out></e>
<e> <s>INIT</s> <in>\u0BA8/^([\u0BBE\u0BBF\u0BC0\u0BC1\u0BC2\u0BC6\u0BC7\u0BC8\u0BCA\u0BCB\u0BCC\u0BCD\u0BE2\u0BE3])|^$</in> <out>na</out></e>

<e> <s>INIT</s> <in>\u0BA9</in> <out></out></e>

<e> <s>INIT</s> <in>\u0BAa/^([\u0BBE\u0BBF\u0BC0\u0BC1\u0BC2\u0BC3\u0BC4\u0BE2\u0BE3\u0BC6\u0BC7\u0BC8\u0BCA\u0BCB\u0BCC\u0BCD])</in> <out>p</out></e>
<e> <s>INIT</s> <in>\u0BAa/^([\u0BBE\u0BBF\u0BC0\u0BC1\u0BC2\u0BC6\u0BC7\u0BC8\u0BCA\u0BCB\u0BCC\u0BCD\u0BE2\u0BE3])|^$</in> <out>pa</out></e>

<e> <s>INIT</s> <in>\u0BAB</in> <out></out></e>
<e> <s>INIT</s> <in>\u0BAC</in> <out></out></e>
<e> <s>INIT</s> <in>\u0BAD</in> <out></out></e>

<e> <s>INIT</s> <in>\u0BAe/^([\u0BBE\u0BBF\u0BC0\u0BC1\u0BC2\u0BC3\u0BC4\u0BE2\u0BE3\u0BC6\u0BC7\u0BC8\u0BCA\u0BCB\u0BCC\u0BCD])</in> <out>m</out></e>
<e> <s>INIT</s> <in>\u0BAe/^([\u0BBE\u0BBF\u0BC0\u0BC1\u0BC2\u0BC6\u0BC7\u0BC8\u0BCA\u0BCB\u0BCC\u0BCD\u0BE2\u0BE3])|^$</in> <out>ma</out></e>

<e> <s>INIT</s> <in>\u0BAf/^([\u0BBE\u0BBF\u0BC0\u0BC1\u0BC2\u0BC3\u0BC4\u0BE2\u0BE3\u0BC6\u0BC7\u0BC8\u0BCA\u0BCB\u0BCC\u0BCD])</in> <out>y</out></e>
<e> <s>INIT</s> <in>\u0BAf/^([\u0BBE\u0BBF\u0BC0\u0BC1\u0BC2\u0BC6\u0BC7\u0BC8\u0BCA\u0BCB\u0BCC\u0BCD\u0BE2\u0BE3])|^$</in> <out>ya</out></e>

<e> <s>INIT</s> <in>\u0BB0/^([\u0BBE\u0BBF\u0BC0\u0BC1\u0BC2\u0BC3\u0BC4\u0BE2\u0BE3\u0BC6\u0BC7\u0BC8\u0BCA\u0BCB\u0BCC\u0BCD])</in> <out>r</out></e>
<e> <s>INIT</s> <in>\u0BB0/^([\u0BBE\u0BBF\u0BC0\u0BC1\u0BC2\u0BC6\u0BC7\u0BC8\u0BCA\u0BCB\u0BCC\u0BCD\u0BE2\u0BE3])|^$</in> <out>ra</out></e>

<e> <s>INIT</s> <in>\u0BB1</in> <out></out></e>

<e> <s>INIT</s> <in>\u0BB2/^([\u0BBE\u0BBF\u0BC0\u0BC1\u0BC2\u0BC3\u0BC4\u0BE2\u0BE3\u0BC6\u0BC7\u0BC8\u0BCA\u0BCB\u0BCC\u0BCD])</in> <out>l</out></e>
<e> <s>INIT</s> <in>\u0BB2/^([\u0BBE\u0BBF\u0BC0\u0BC1\u0BC2\u0BC6\u0BC7\u0BC8\u0BCA\u0BCB\u0BCC\u0BCD\u0BE2\u0BE3])|^$</in> <out>la</out></e>

<e> <s>INIT</s> <in>\u0BB3/^([\u0BBE\u0BBF\u0BC0\u0BC1\u0BC2\u0BC3\u0BC4\u0BE2\u0BE3\u0BC6\u0BC7\u0BC8\u0BCA\u0BCB\u0BCC\u0BCD])</in> <out>L</out></e>
<e> <s>INIT</s> <in>\u0BB3/^([\u0BBE\u0BBF\u0BC0\u0BC1\u0BC2\u0BC6\u0BC7\u0BC8\u0BCA\u0BCB\u0BCC\u0BCD\u0BE2\u0BE3])|^$</in> <out>La</out></e>

<e> <s>INIT</s> <in>\u0BB4</in> <out></out></e>

<e> <s>INIT</s> <in>\u0BB5/^([\u0BBE\u0BBF\u0BC0\u0BC1\u0BC2\u0BC3\u0BC4\u0BE2\u0BE3\u0BC6\u0BC7\u0BC8\u0BCA\u0BCB\u0BCC\u0BCD])</in> <out>v</out></e>
<e> <s>INIT</s> <in>\u0BB5/^([\u0BBE\u0BBF\u0BC0\u0BC1\u0BC2\u0BC6\u0BC7\u0BC8\u0BCA\u0BCB\u0BCC\u0BCD\u0BE2\u0BE3])|^$</in> <out>va</out></e>

<e> <s>INIT</s> <in>\u0BB6/^([\u0BBE\u0BBF\u0BC0\u0BC1\u0BC2\u0BC3\u0BC4\u0BE2\u0BE3\u0BC6\u0BC7\u0BC8\u0BCA\u0BCB\u0BCC\u0BCD])</in> <out>S</out></e>
<e> <s>INIT</s> <in>\u0BB6/^([\u0BBE\u0BBF\u0BC0\u0BC1\u0BC2\u0BC6\u0BC7\u0BC8\u0BCA\u0BCB\u0BCC\u0BCD\u0BE2\u0BE3])|^$</in> <out>Sa</out></e>

<e> <s>INIT</s> <in>\u0BB7/^([\u0BBE\u0BBF\u0BC0\u0BC1\u0BC2\u0BC3\u0BC4\u0BE2\u0BE3\u0BC6\u0BC7\u0BC8\u0BCA\u0BCB\u0BCC\u0BCD])</in> <out>z</out></e>
<e> <s>INIT</s> <in>\u0BB7/^([\u0BBE\u0BBF\u0BC0\u0BC1\u0BC2\u0BC6\u0BC7\u0BC8\u0BCA\u0BCB\u0BCC\u0BCD\u0BE2\u0BE3])|^$</in> <out>za</out></e>

<e> <s>INIT</s> <in>\u0BB8/^([\u0BBE\u0BBF\u0BC0\u0BC1\u0BC2\u0BC3\u0BC4\u0BE2\u0BE3\u0BC6\u0BC7\u0BC8\u0BCA\u0BCB\u0BCC\u0BCD])</in> <out>s</out></e>
<e> <s>INIT</s> <in>\u0BB8/^([\u0BBE\u0BBF\u0BC0\u0BC1\u0BC2\u0BC6\u0BC7\u0BC8\u0BCA\u0BCB\u0BCC\u0BCD\u0BE2\u0BE3])|^$</in> <out>sa</out></e>

<e> <s>INIT</s> <in>\u0BB9/^([\u0BBE\u0BBF\u0BC0\u0BC1\u0BC2\u0BC3\u0BC4\u0BE2\u0BE3\u0BC6\u0BC7\u0BC8\u0BCA\u0BCB\u0BCC\u0BCD])</in> <out>h</out></e>
<e> <s>INIT</s> <in>\u0BB9/^([\u0BBE\u0BBF\u0BC0\u0BC1\u0BC2\u0BC6\u0BC7\u0BC8\u0BCA\u0BCB\u0BCC\u0BCD\u0BE2\u0BE3])|^$</in> <out>ha</out></e>

<e> <s>INIT</s> <in>\u0BBa</in> <out></out></e>
<e> <s>INIT</s> <in>\u0BBb</in> <out></out></e>
<e> <s>INIT</s> <in>\u0BBc</in> <out></out></e>
<e> <s>INIT</s> <in>\u0BBd</in> <out>'</out></e>

<e> <s>INIT</s> <in>\u0BBe</in> <out>A</out></e>
<e> <s>INIT</s> <in>\u0BBf</in> <out>i</out></e>
<e> <s>INIT</s> <in>\u0BC0</in> <out>I</out></e>
<e> <s>INIT</s> <in>\u0BC1</in> <out>u</out></e>
<e> <s>INIT</s> <in>\u0BC2</in> <out>U</out></e>
<e> <s>INIT</s> <in>\u0BC3</in> <out></out></e>
<e> <s>INIT</s> <in>\u0BC4</in> <out></out></e>
<e> <s>INIT</s> <in>\u0BC5</in> <out></out></e>
<e> <s>INIT</s> <in>\u0BC6</in> <out>e1</out></e>
<e> <s>INIT</s> <in>\u0BC7</in> <out>e</out></e>
<e> <s>INIT</s> <in>\u0BC8</in> <out>E</out></e>
<e> <s>INIT</s> <in>\u0BC9</in> <out></out></e>
<e> <s>INIT</s> <in>\u0BCa</in> <out>o1</out></e>
<e> <s>INIT</s> <in>\u0BCb</in> <out>o</out></e>
<e> <s>INIT</s> <in>\u0BCc</in> <out>O</out></e>

<e> <s>INIT</s> <in>\u0BCd</in> <out></out></e>
<e> <s>INIT</s> <in>\u0BCe</in> <out></out></e>
<e> <s>INIT</s> <in>\u0BCf</in> <out></out></e>
<e> <s>INIT</s> <in>\u0BD0</in> <out>oM</out></e>
<e> <s>INIT</s> <in>\u0BD1</in> <out></out></e>
<e> <s>INIT</s> <in>\u0BD2</in> <out></out></e>
<e> <s>INIT</s> <in>\u0BD3</in> <out></out></e>
<e> <s>INIT</s> <in>\u0BD4</in> <out></out></e>
<e> <s>INIT</s> <in>\u0BD5</in> <out></out></e>
<e> <s>INIT</s> <in>\u0BD6</in> <out></out></e>
<e> <s>INIT</s> <in>\u0BD7</in> <out></out></e>
<e> <s>INIT</s> <in>\u0BD8</in> <out></out></e>
<e> <s>INIT</s> <in>\u0BD9</in> <out></out></e>
<e> <s>INIT</s> <in>\u0BDa</in> <out></out></e>
<e> <s>INIT</s> <in>\u0BDb</in> <out></out></e>
<e> <s>INIT</s> <in>\u0BDc</in> <out></out></e>
<e> <s>INIT</s> <in>\u0BDd</in> <out></out></e>
<e> <s>INIT</s> <in>\u0BDe</in> <out></out></e>
<e> <s>INIT</s> <in>\u0BDf</in> <out></out></e>

<e> <s>INIT</s> <in>\u0BE0</in> <out></out></e>
<e> <s>INIT</s> <in>\u0BE1</in> <out></out></e>

<e> <s>INIT</s> <in>\u0BE2</in> <out></out></e>
<e> <s>INIT</s> <in>\u0BE3</in> <out></out></e>

<e> <s>INIT</s> <in>\u0BE4</in> <out></out></e>
<e> <s>INIT</s> <in>\u0BE5</in> <out></out></e>
<e> <s>INIT</s> <in>\u0BE6</in> <out>0</out></e>
<e> <s>INIT</s> <in>\u0BE7</in> <out>1</out></e>
<e> <s>INIT</s> <in>\u0BE8</in> <out>2</out></e>
<e> <s>INIT</s> <in>\u0BE9</in> <out>3</out></e>
<e> <s>INIT</s> <in>\u0BEa</in> <out>4</out></e>
<e> <s>INIT</s> <in>\u0BEb</in> <out>5</out></e>
<e> <s>INIT</s> <in>\u0BEc</in> <out>6</out></e>
<e> <s>INIT</s> <in>\u0BEd</in> <out>7</out></e>
<e> <s>INIT</s> <in>\u0BEe</in> <out>8</out></e>
<e> <s>INIT</s> <in>\u0BEf</in> <out>9</out></e>

<e> <s>INIT</s> <in>\u0BF0</in> <out></out></e>
<e> <s>INIT</s> <in>\u0BF1</in> <out></out></e>
<e> <s>INIT</s> <in>\u0BF2</in> <out></out></e>
<e> <s>INIT</s> <in>\u0BF3</in> <out></out></e>
<e> <s>INIT</s> <in>\u0BF4</in> <out></out></e>
<e> <s>INIT</s> <in>\u0BF5</in> <out></out></e>
<e> <s>INIT</s> <in>\u0BF6</in> <out></out></e>
<e> <s>INIT</s> <in>\u0BF7</in> <out></out></e>
<e> <s>INIT</s> <in>\u0BF8</in> <out></out></e>
<e> <s>INIT</s> <in>\u0BF9</in> <out></out></e>
<e> <s>INIT</s> <in>\u0BFa</in> <out></out></e>
<e> <s>INIT</s> <in>\u0BFb</in> <out></out></e>
<e> <s>INIT</s> <in>\u0BFc</in> <out></out></e>
<e> <s>INIT</s> <in>\u0BFd</in> <out></out></e>
<e> <s>INIT</s> <in>\u0BFe</in> <out></out></e>
<e> <s>INIT</s> <in>\u0BFf</in> <out></out></e>

</fsm>