<!-- needs converting to version 2.0 -->
<fsm inputType='raw' outputType='slp1' version='2'>
<edges>
<e> <s>INIT</s> <in>a</in> <out>a</out></e>
<e> <s>INIT</s> <in>A</in> <out>{a}</out></e>

<e> <s>INIT</s> <in>\u00d7</in> <out>A</out></e>
<e> <s>INIT</s> <in>\u00a8</in> <out>{A}</out></e>

<e> <s>INIT</s> <in>i</in> <out>i</out></e>
<e> <s>INIT</s> <in>I</in> <out>{i}</out></e>

<e> <s>INIT</s> <in>\u00ea</in> <out>I</out></e>
<e> <s>INIT</s> <in>\u00bd</in> <out>{I}</out></e>

<e> <s>INIT</s> <in>u</in> <out>u</out></e>
<e> <s>INIT</s> <in>U</in> <out>{u}</out></e>

<e> <s>INIT</s> <in>\u00f9</in> <out>U</out></e>
<e> <s>INIT</s> <in>\u00d2</in> <out>{U}</out></e>

<e> <s>INIT</s> <in>\u00f6</in> <out>f</out></e>
<e> <s>INIT</s> <in>\u00cc</in> <out>{f}</out></e>

<e> <s>INIT</s> <in>\u00e3</in> <out>F</out></e>

<e> <s>INIT</s> <in>\u00f5</in> <out>x</out></e>
<e> <s>INIT</s> <in>\u00cb</in> <out>{x}</out></e>

<e> <s>INIT</s> <in>e</in> <out>e</out></e>
<e> <s>INIT</s> <in>E</in> <out>{e}</out></e>

<e> <s>INIT</s> <in>ai</in> <out>E</out></e>
<e> <s>INIT</s> <in>AI</in> <out>{E}</out></e>

<e> <s>INIT</s> <in>o</in> <out>o</out></e>
<e> <s>INIT</s> <in>O</in> <out>{o}</out></e>

<e> <s>INIT</s> <in>au</in> <out>O</out></e>
<e> <s>INIT</s> <in>AU</in> <out>{O}</out></e>

<e> <s>INIT</s> <in>k</in> <out>k</out></e>
<e> <s>INIT</s> <in>K</in> <out>{k}</out></e>

<e> <s>INIT</s> <in>k#</in> <out>K</out></e>
<e> <s>INIT</s> <in>kh</in> <out>K</out></e>
<e> <s>INIT</s> <in>K#</in> <out>{K}</out></e>
<e> <s>INIT</s> <in>KH</in> <out>{K}</out></e>

<e> <s>INIT</s> <in>g</in> <out>g</out></e>
<e> <s>INIT</s> <in>G</in> <out>{g}</out></e>

<e> <s>INIT</s> <in>g#</in> <out>G</out></e>
<e> <s>INIT</s> <in>gh</in> <out>G</out></e>
<e> <s>INIT</s> <in>G#</in> <out>{G}</out></e>
<e> <s>INIT</s> <in>GH</in> <out>{G}</out></e>

<e> <s>INIT</s> <in>\u00e6</in> <out>N</out></e>
<e> <s>INIT</s> <in>\u00b6</in> <out>{N}</out></e>

<e> <s>INIT</s> <in>c</in> <out>c</out></e>
<e> <s>INIT</s> <in>C</in> <out>{c}</out></e>

<e> <s>INIT</s> <in>c#</in> <out>C</out></e>
<e> <s>INIT</s> <in>ch</in> <out>C</out></e>
<e> <s>INIT</s> <in>C#</in> <out>{C}</out></e>
<e> <s>INIT</s> <in>CH</in> <out>{C}</out></e>

<e> <s>INIT</s> <in>j</in> <out>j</out></e>
<e> <s>INIT</s> <in>J</in> <out>{j}</out></e>

<e> <s>INIT</s> <in>j#</in> <out>J</out></e>
<e> <s>INIT</s> <in>jh</in> <out>J</out></e>
<e> <s>INIT</s> <in>J#</in> <out>{J}</out></e>
<e> <s>INIT</s> <in>JH</in> <out>{J}</out></e>

<e> <s>INIT</s> <in>\u009c</in> <out>Y</out></e>
<e> <s>INIT</s> <in>\u009d</in> <out>{Y}</out></e>

<e> <s>INIT</s> <in>\u00f7</in> <out>w</out></e>
<e> <s>INIT</s> <in>\u00cd</in> <out>{w}</out></e>

<e> <s>INIT</s> <in>\u00f7#</in> <out>W</out></e>
<e> <s>INIT</s> <in>\u00f7h</in> <out>W</out></e>
<e> <s>INIT</s> <in>\u00cd#</in> <out>{W}</out></e>
<e> <s>INIT</s> <in>\u00cdH</in> <out>{W}</out></e>

<e> <s>INIT</s> <in>\u00dd</in> <out>q</out></e>
<e> <s>INIT</s> <in>\u00ae</in> <out>{q}</out></e>

<e> <s>INIT</s> <in>\u00dd#</in> <out>Q</out></e>
<e> <s>INIT</s> <in>\u00dd#h</in> <out>Q</out></e>
<e> <s>INIT</s> <in>\u00ae#</in> <out>{Q}</out></e>
<e> <s>INIT</s> <in>\u00aeH</in> <out>{Q}</out></e>

<e> <s>INIT</s> <in>\u00f0</in> <out>R</out></e>
<e> <s>INIT</s> <in>\u00c6</in> <out>R</out></e>

<e> <s>INIT</s> <in>t</in> <out>t</out></e>
<e> <s>INIT</s> <in>T</in> <out>{t}</out></e>

<e> <s>INIT</s> <in>t#</in> <out>T</out></e>
<e> <s>INIT</s> <in>th</in> <out>T</out></e>
<e> <s>INIT</s> <in>T#</in> <out>{T}</out></e>
<e> <s>INIT</s> <in>TH</in> <out>{T}</out></e>

<e> <s>INIT</s> <in>d</in> <out>d</out></e>
<e> <s>INIT</s> <in>D</in> <out>d</out></e>

<e> <s>INIT</s> <in>d#</in> <out>D</out></e>
<e> <s>INIT</s> <in>dh</in> <out>D</out></e>
<e> <s>INIT</s> <in>D#</in> <out>{D}</out></e>
<e> <s>INIT</s> <in>DH</in> <out>{D}</out></e>

<e> <s>INIT</s> <in>n</in> <out>n</out></e>
<e> <s>INIT</s> <in>N</in> <out>n</out></e>

<e> <s>INIT</s> <in>p</in> <out>p</out></e>
<e> <s>INIT</s> <in>P</in> <out>p</out></e>

<e> <s>INIT</s> <in>p#</in> <out>P</out></e>
<e> <s>INIT</s> <in>ph</in> <out>P</out></e>
<e> <s>INIT</s> <in>P#</in> <out>{P}</out></e>
<e> <s>INIT</s> <in>PH</in> <out>{P}</out></e>

<e> <s>INIT</s> <in>b</in> <out>b</out></e>
<e> <s>INIT</s> <in>B</in> <out>b</out></e>

<e> <s>INIT</s> <in>b#</in> <out>B</out></e>
<e> <s>INIT</s> <in>bh</in> <out>B</out></e>
<e> <s>INIT</s> <in>B#</in> <out>{B}</out></e>
<e> <s>INIT</s> <in>BH</in> <out>{B}</out></e>

<e> <s>INIT</s> <in>m</in> <out>m</out></e>
<e> <s>INIT</s> <in>M</in> <out>{m}</out></e>

<e> <s>INIT</s> <in>y</in> <out>y</out></e>
<e> <s>INIT</s> <in>Y</in> <out>{y}</out></e>

<e> <s>INIT</s> <in>r</in> <out>r</out></e>
<e> <s>INIT</s> <in>R</in> <out>{r}</out></e>

<e> <s>INIT</s> <in>l</in> <out>l</out></e>
<e> <s>INIT</s> <in>L</in> <out>{l}</out></e>

<e> <s>INIT</s> <in>v</in> <out>v</out></e>
<e> <s>INIT</s> <in>V</in> <out>{v}</out></e>

<e> <s>INIT</s> <in>\u00f2</in> <out>S</out></e>
<e> <s>INIT</s> <in>\u00c8</in> <out>{S}</out></e>

<e> <s>INIT</s> <in>\u00f3</in> <out>z</out></e>
<e> <s>INIT</s> <in>\u00c9</in> <out>{z}</out></e>

<e> <s>INIT</s> <in>s</in> <out>s</out></e>
<e> <s>INIT</s> <in>S</in> <out>{s}</out></e>

<e> <s>INIT</s> <in>h</in> <out>h</out></e>
<e> <s>INIT</s> <in>H</in> <out>{h}</out></e>

<e> <s>INIT</s> <in>\u00d8</in> <out>M</out></e>
<e> <s>INIT</s> <in>\u00a9</in> <out>{M}</out></e>

<e> <s>INIT</s> <in>\u00e7</in> <out>H</out></e>
<e> <s>INIT</s> <in>\u00b7</in> <out>{H}</out></e>

<e> <s>INIT</s> <in>\u00e8</in> <out>V</out></e>
<e> <s>INIT</s> <in>\u00b8</in> <out>{V}</out></e>

<e> <s>INIT</s> <in>\u00e9</in> <out>Z</out></e>

<e> <s>INIT</s> <in>'</in> <out>'</out></e>
<e> <s>INIT</s> <in> </in> <out> </out></e>
<e> <s>INIT</s> <in>	</in> <out>	</out></e>
<e> <s>INIT</s> <in>;</in> <out>;</out></e>
<e> <s>INIT</s> <in>\u00e2</in> <out>M</out></e>
<e> <s>INIT</s> <in>\u00ed</in> <out>l</out></e>
<e> <s>INIT</s> <in>\u00f1</in> <out>f</out></e>
<e> <s>INIT</s> <in>-</in> <out>-</out></e>
<e> <s>INIT</s> <in>[</in> <out>[</out></e>
<e> <s>INIT</s> <in>]</in> <out>]</out></e>
<e> <s>INIT</s> <in>(</in> <out>(</out></e>
<e> <s>INIT</s> <in>)</in> <out>)</out></e>
<e> <s>INIT</s> <in>{</in> <out>{</out></e>
<e> <s>INIT</s> <in>}</in> <out>}</out></e>
<e> <s>INIT</s> <in>!</in> <out>!</out></e>
<e> <s>INIT</s> <in>_</in> <out>_</out></e>
<e> <s>INIT</s> <in>=</in> <out>=</out></e>
<e> <s>INIT</s> <in>/</in> <out>/</out></e>
<e> <s>INIT</s> <in>0</in> <out>0</out></e>
<e> <s>INIT</s> <in>1</in> <out>1</out></e>
<e> <s>INIT</s> <in>2</in> <out>2</out></e>
<e> <s>INIT</s> <in>3</in> <out>3</out></e>
<e> <s>INIT</s> <in>4</in> <out>4</out></e>
<e> <s>INIT</s> <in>5</in> <out>5</out></e>
<e> <s>INIT</s> <in>6</in> <out>6</out></e>
<e> <s>INIT</s> <in>7</in> <out>7</out></e>
<e> <s>INIT</s> <in>8</in> <out>8</out></e>
<e> <s>INIT</s> <in>9</in> <out>9</out></e>
<e> <s>INIT</s> <in>\u0082</in> <out>e/</out></e>
<e> <s>INIT</s> <in>\u0085</in> <out>a\</out></e>
<e> <s>INIT</s> <in>\u008a</in> <out>e\</out></e>
<e> <s>INIT</s> <in>\u008d</in> <out>i\</out></e>
<e> <s>INIT</s> <in>\u0090</in> <out>e/</out></e>
<e> <s>INIT</s> <in>\u0095</in> <out>o\</out></e>
<e> <s>INIT</s> <in>\u0097</in> <out>u\</out></e>
<e> <s>INIT</s> <in>\u00a0</in> <out>a/</out></e>
<e> <s>INIT</s> <in>\u00a1</in> <out>i/</out></e>
<e> <s>INIT</s> <in>\u00a2</in> <out>o/</out></e>
<e> <s>INIT</s> <in>\u00a3</in> <out>u/</out></e>
<e> <s>INIT</s> <in>\u00a4</in> <out>a/</out></e>
<e> <s>INIT</s> <in>\u00a5</in> <out>a\</out></e>
<e> <s>INIT</s> <in>\u00a6</in> <out>A/</out></e>
<e> <s>INIT</s> <in>\u00ac</in> <out>f/</out></e>
<e> <s>INIT</s> <in>\u00af</in> <out>e\</out></e>
<e> <s>INIT</s> <in>\u00b3</in> <out>F/</out></e>
<e> <s>INIT</s> <in>\u00b9</in> <out>i/</out></e>
<e> <s>INIT</s> <in>\u00ba</in> <out>i/</out></e>
<e> <s>INIT</s> <in>\u00bc</in> <out>x/</out></e>
<e> <s>INIT</s> <in>\u00be</in> <out>I/</out></e>
<e> <s>INIT</s> <in>\u00c0</in> <out>x</out></e>
<e> <s>INIT</s> <in>\u00c1</in> <out>o/</out></e>
<e> <s>INIT</s> <in>\u00c2</in> <out>o\</out></e>
<e> <s>INIT</s> <in>\u00c4</in> <out>O</out></e>
<e> <s>INIT</s> <in>\u00c5</in> <out>O/</out></e>
<e> <s>INIT</s> <in>\u00c7</in> <out>f</out></e>
<e> <s>INIT</s> <in>\u00cf</in> <out>u/</out></e>
<e> <s>INIT</s> <in>\u00d0</in> <out>u\</out></e>
<e> <s>INIT</s> <in>\u00d3</in> <out>U/</out></e>
<e> <s>INIT</s> <in>\u00d6</in> <out>a\</out></e>
<e> <s>INIT</s> <in>\u00db</in> <out>f\</out></e>
<e> <s>INIT</s> <in>\u00e3</in> <out>a/</out></e>
<e> <s>INIT</s> <in>\u00eb</in> <out>I\</out></e>
<e> <s>INIT</s> <in>\u00ed</in> <out>x/</out></e>
<e> <s>INIT</s> <in>\u00fa</in> <out>u\</out></e>
<e> <s>INIT</s> <in>\u00ff</in> <out>a/</out></e>
</edges>
</fsm>