<!-- needs converting to version 2.0 -->
<fsm inputType='UTF-8' outputType='slp1' version='2' testBlanks='n'>
<edges>
<!-- changes -->
<e n='0'> <in>-a</in> <out>A</out> <cl>atom</cl> </e>
<e n='1'> <in>-i</in> <out>I</out> <cl>atom</cl> </e>
<e n='2'> <in>-u</in> <out>U</out> <cl>atom</cl> </e>
<e n='3'> <in>.r</in> <out>f</out> <cl>atom</cl> </e>
<e n='4'> <in>-.r</in> <out>F</out> <cl>atom</cl> </e>
<e n='5'> <in>.l</in> <out>x</out> <cl>atom</cl> </e>
<e n='6'> <in>-.l</in> <out>X</out> <cl>atom</cl> </e>
<e n='7'> <in>.m</in> <out>M</out> <cl>atom</cl> </e>
<e n='8'> <in>.h</in> <out>H</out> <cl>atom</cl> </e>
<e n='9'> <in>ai</in> <out>E</out> <cl>atom</cl> </e>
<e n='10'> <in>au</in> <out>O</out> <cl>atom</cl> </e>
<e n='11'> <in>kh</in> <out>K</out> <cl>atom</cl> </e>
<e n='12'> <in>gh</in> <out>G</out> <cl>atom</cl> </e>
<e n='13'> <in>;n</in> <out>N</out> <cl>atom</cl> </e>
<e n='14'> <in>ch</in> <out>C</out> <cl>atom</cl> </e>
<e n='15'> <in>jh</in> <out>J</out> <cl>atom</cl> </e>
<e n='16'> <in>?n</in> <out>Y</out> <cl>atom</cl> </e>
<e n='17'> <in>.t</in> <out>w</out> <cl>atom</cl> </e>
<e n='18'> <in>.th</in> <out>W</out> <cl>atom</cl> </e>
<e n='19'> <in>.d</in> <out>q</out> <cl>atom</cl> </e>
<e n='20'> <in>.dh</in> <out>Q</out> <cl>atom</cl> </e>
<e n='21'> <in>.n</in> <out>R</out> <cl>atom</cl> </e>
<e n='22'> <in>th</in> <out>T</out> <cl>atom</cl> </e>
<e n='23'> <in>dh</in> <out>D</out> <cl>atom</cl> </e>
<e n='24'> <in>ph</in> <out>P</out> <cl>atom</cl> </e>
<e n='25'> <in>bh</in> <out>B</out> <cl>atom</cl> </e>
<e n='26'> <in>/s</in> <out>S</out> <cl>atom</cl> </e>
<e n='27'> <in>.s</in> <out>z</out> <cl>atom</cl> </e>
<!-- identities -->
<e n='28'> <in>a</in> <out>a</out> <cl>atom</cl> </e>
<e n='29'> <in>i</in> <out>i</out> <cl>atom</cl> </e>
<e n='30'> <in>u</in> <out>u</out> <cl>atom</cl> </e>
<e n='31'> <in>e</in> <out>e</out> <cl>atom</cl> </e>
<e n='32'> <in>o</in> <out>o</out> <cl>atom</cl> </e>
<e n='33'> <in>k</in> <out>k</out> <cl>atom</cl> </e>
<e n='34'> <in>g</in> <out>g</out> <cl>atom</cl> </e>
<e n='35'> <in>c</in> <out>c</out> <cl>atom</cl> </e>
<e n='36'> <in>j</in> <out>j</out> <cl>atom</cl> </e>
<e n='37'> <in>t</in> <out>t</out> <cl>atom</cl> </e>
<e n='38'> <in>d</in> <out>d</out> <cl>atom</cl> </e>
<e n='39'> <in>n</in> <out>n</out> <cl>atom</cl> </e>
<e n='40'> <in>p</in> <out>p</out> <cl>atom</cl> </e>
<e n='41'> <in>b</in> <out>b</out> <cl>atom</cl> </e>
<e n='42'> <in>m</in> <out>m</out> <cl>atom</cl> </e>
<e n='43'> <in>y</in> <out>y</out> <cl>atom</cl> </e>
<e n='44'> <in>r</in> <out>r</out> <cl>atom</cl> </e>
<e n='45'> <in>l</in> <out>l</out> <cl>atom</cl> </e>
<e n='46'> <in>v</in> <out>v</out> <cl>atom</cl> </e>
<e n='47'> <in>s</in> <out>s</out> <cl>atom</cl> </e>
<e n='48'> <in>h</in> <out>h</out> <cl>atom</cl> </e>
<e n='49'> <in>'</in> <out>'</out> <cl>atom</cl></e>
<e n='50'> <in>\u0020</in> <out>\u0020</out> <cl>atom</cl></e>
<e n='51'> <in>--</in> <out>-</out> <cl>atom</cl></e>
<!-- numerals -->
<e n='120'> <in>0</in> <out>0</out> <cl>atom</cl></e>
<e n='121'> <in>1</in> <out>1</out> <cl>atom</cl></e>
<e n='122'> <in>2</in> <out>2</out> <cl>atom</cl></e>
<e n='123'> <in>3</in> <out>3</out> <cl>atom</cl></e>
<e n='124'> <in>4</in> <out>4</out> <cl>atom</cl></e>
<e n='125'> <in>5</in> <out>5</out> <cl>atom</cl></e>
<e n='126'> <in>6</in> <out>6</out> <cl>atom</cl></e>
<e n='127'> <in>7</in> <out>7</out> <cl>atom</cl></e>
<e n='128'> <in>8</in> <out>8</out> <cl>atom</cl></e>
<e n='129'> <in>9</in> <out>9</out> <cl>atom</cl></e>
</edges>
<buffers>
	<buffer name='atoms' action='!!'>
		<member id='atom'/>
	</buffer>
</buffers>
</fsm>