<fsm inputType='8bit' outputType='slp1' version='2' testBlanks='y' state='vedicfonts'>
<edges>
<e n=  '0'> <in>\u0000</in> <cl>flag</cl> </e>
<e n=  '1'> <in>\u0001</in> <cl>flag</cl> </e>
<e n=  '2'> <in>\u0002</in> <cl>flag</cl> </e>
<e n=  '3'> <in>\u0003</in> <cl>flag</cl> </e>
<e n=  '4'> <in>\u0004</in> <cl>flag</cl> </e>
<e n=  '5'> <in>\u0005</in> <cl>flag</cl> </e>
<e n=  '6'> <in>\u0006</in> <cl>flag</cl> </e>
<e n=  '7'> <in>\u0007</in> <cl>flag</cl> </e>
<e n=  '8'> <in>\u0008</in> <cl>flag</cl> </e>
<e n=  '9'> <in>\u0009</in> <cl>whitespace</cl> </e>
<e n= '10'> <in>\u000A</in> <cl>whitespace</cl> </e>
<e n= '11'> <in>\u000B</in> <cl>flag</cl> </e>
<e n= '12'> <in>\u000C</in> <cl>flag</cl> </e>
<e n= '13'> <in>\u000D</in> <cl>whitespace</cl> </e>
<e n= '14'> <in>\u000E</in> <cl>flag</cl> </e>
<e n= '15'> <in>\u000F</in> <cl>flag</cl> </e>
<e n= '16'> <in>\u0010</in> <cl>flag</cl> </e>
<e n= '17'> <in>\u0011</in> <cl>flag</cl> </e>
<e n= '18'> <in>\u0012</in> <cl>flag</cl> </e>
<e n= '19'> <in>\u0013</in> <cl>flag</cl> </e>
<e n= '20'> <in>\u0014</in> <cl>flag</cl> </e>
<e n= '21'> <in>\u0015</in> <cl>flag</cl> </e>
<e n= '22'> <in>\u0016</in> <cl>flag</cl> </e>
<e n= '23'> <in>\u0017</in> <cl>flag</cl> </e>
<e n= '24'> <in>\u0018</in> <cl>flag</cl> </e>
<e n= '25'> <in>\u0019</in> <cl>flag</cl> </e>
<e n= '26'> <in>\u001A</in> <cl>flag</cl> </e>
<e n= '27'> <in>\u001B</in> <cl>flag</cl> </e>
<e n= '28'> <in>\u001C</in> <cl>flag</cl> </e>
<e n= '29'> <in>\u001D</in> <cl>flag</cl> </e>
<e n= '30'> <in>\u001E</in> <cl>flag</cl> </e>
<e n= '31'> <in>\u001F</in> <cl>flag</cl> </e>
<e n= '32'> <in>\u0020</in> <cl>whitespace</cl> </e> <!-- if dependant character follows whitespace, the white space is ignored -->
<e n='!33'> <in>\u0021</in> <out>Q</out> <cl>full_form</cl> </e> 
<e n='"34'> <in>\u0022</in> <out>H</out> <cl>visarga</cl> </e>
<e n='#35'> <in>\u0023</in> <out>W</out> <cl>full_form</cl> </e>
<e n='$36'> <in>\u0024</in> <out>w</out> <cl>full_form</cl> </e>
<e n='%37'> <in>\u0025</in> <out>K</out> <cl>full_form</cl> </e>
<e n='&amp;38'> <in>\u0026</in> <lig>dru</lig> <key>ligature.dru</key> </e>
<e n="'39"> <in>\u0027</in> <out>M</out> <cl>anusvara</cl> <dependant/> <zerowidth/></e>  <!-- . anusvara -->
<e n='(40'> <in>\u0028</in> <out></out> <key>virama.1</key> <cl>virama</cl> <dependant/> <zerowidth/> </e> <!-- virama -->
<e n=')41'> <in>\u0029</in> <out>.</out> <cl>atom</cl> </e>
<e n='*42'> <in>\u002A</in> <out>O</out> <cl>vowel_sign</cl> <dependant/> </e> 
<e n='+43'> <in>\u002B</in> <out>kz</out> <cl>half_form</cl> </e>
<e n='+43danda'> <in>\u002B\u003B</in> <map>full_form.kz</map> </e> <!-- danda completes half form -->
<e n=',44'> <in>\u002C</in> <out>R</out> <cl>full_form</cl> </e>
<e n='-45'> <in>\u002D</in> <out>-</out> <cl>atom</cl> </e>
<e n='.46'> <in>\u002E</in> <out>B</out> <cl>full_form</cl> </e>
<e n='/47'> <in>\u002F</in> <out>D</out> <cl>full_form</cl> </e>
<e n='0.48'> <in>\u0030</in> <out>0</out> <cl>atom</cl> </e>
<e n='1.49'> <in>\u0031</in> <out>1</out> <cl>atom</cl> </e>
<e n='2.50'> <in>\u0032</in> <out>2</out> <cl>atom</cl> </e>
<e n='3.51'> <in>\u0033</in> <out>3</out> <cl>atom</cl> </e>
<e n='4.52'> <in>\u0034</in> <out>4</out> <cl>atom</cl> </e>
<e n='5.53'> <in>\u0035</in> <out>5</out> <cl>atom</cl> </e>
<e n='6.54'> <in>\u0036</in> <out>6</out> <cl>atom</cl> </e>
<e n='7.55'> <in>\u0037</in> <out>7</out> <cl>atom</cl> </e>
<e n='8.56'> <in>\u0038</in> <out>8</out> <cl>atom</cl> </e>
<e n='9.57'> <in>\u0039</in> <out>9</out> <cl>atom</cl> </e>
<e n=':58'> <in>\u003A</in> <out>K</out> <cl>half_form</cl> </e>
<e n=':58danda'> <in>\u003A\u003B</in> <map>full_form.K</map> </e> <!-- danda completes half form -->
<e n=';59'> <in>\u003B</in> <out>A</out> <cl>vowel_sign</cl> <dependant/> </e> 
<e n='&lt;60'> <in>\u003C</in> <out>R</out> <cl>half_form</cl> </e>
<e n='&lt;60danda'> <in>\u003C\u003B</in> <map>full_form.R</map> </e> <!-- danda completes half form -->
<e n='=61'> <in>\u003D</in> <out>kz</out> <cl>full_form</cl> </e>
<e n='>62'> <in>\u003E</in> <out>B</out> <cl>half_form</cl> </e>
<e n='>62danda'> <in>\u003E\u003B</in> <map>full_form.B</map> </e> <!-- danda completes half form -->
<e n='?63'> <in>\u003F</in> <out>D</out> <cl>half_form</cl> </e>
<e n='?63danda'> <in>\u003F\u003B</in> <map>full_form.D</map> </e> <!-- danda completes half form -->
<e n='@64'> <in>\u0040</in> <out>q</out> <cl>full_form</cl> </e>
<e n='A65'> <in>\u0041</in> <out>f</out> <cl>vowel_letter</cl> </e>
<e n='B66'> <in>\u0042</in> <out>b</out> <cl>half_form</cl> </e>
<e n='B66danda'> <in>\u0042\u003B</in> <map>full_form.b</map> </e> <!-- danda completes half form -->
<e n='C67'> <in>\u0043</in> <out>c</out> <cl>half_form</cl> </e>
<e n='C67danda'> <in>\u0043\u003B</in> <map>full_form.c</map> </e> <!-- danda completes half form -->
<e n='D68'> <in>\u0044</in> <out>jY</out> <cl>full_form</cl> </e>
<e n='E69'> <in>\u0045</in> <out>e</out> <cl>vowel_letter</cl> </e>
<e n='F70'> <in>\u0046</in> <out>P</out> <cl>half_form</cl> </e>
<e n='F70danda'> <in>\u0046\u003B</in> <map>full_form.P</map> </e> <!-- danda completes half form -->
<e n='G71'> <in>\u0047</in> <out>g</out> <cl>half_form</cl> </e>
<e n='G71danda'> <in>\u0047\u003B</in> <map>full_form.g</map> </e> <!-- danda completes half form -->
<e n='H72'> <in>\u0048</in> <out>Y</out> <cl>half_form</cl> </e>
<e n='H72danda'> <in>\u0048\u003B</in> <map>full_form.Y</map> </e> <!-- danda completes half form -->
<e n='I73'> <in>\u0049</in> <out>I</out> <cl>vowel_sign</cl> <dependant/> </e>
<e n='J74'> <in>\u004A</in> <out>j</out> <cl>half_form</cl> </e>
<e n='J74danda'> <in>\u004A\u003B</in> <map>full_form.j</map> </e> <!-- danda completes half form -->
<e n='K75'> <in>\u004B</in> <out>k</out> <cl>half_form</cl> </e>
<e n='K75danda'> <in>\u004B\u003B</in> <cl>flag</cl> </e> <!-- danda cannot complete half form of k -->
<e n='L76'> <in>\u004C</in> <out>l</out> <cl>half_form</cl> </e>
<e n='L76danda'> <in>\u004C\u003B</in> <map>full_form.l</map> </e> <!-- danda completes half form -->
<e n='M77'> <in>\u004D</in> <out>m</out> <cl>half_form</cl> </e>
<e n='M77danda'> <in>\u004D\u003B</in> <map>full_form.m</map> </e> <!-- danda completes half form -->
<e n='N78'> <in>\u004E</in> <out>n</out> <cl>half_form</cl> </e>
<e n='N78danda'> <in>\u004E\u003B</in> <map>full_form.n</map> </e> <!-- danda completes half form -->
<e n='O79'> <in>\u004F</in> <out>f</out> <cl>vowel_sign</cl> <dependant/> <zerowidth/> </e>
<e n='P80'> <in>\u0050</in> <out>p</out> <cl>half_form</cl> </e>
<e n='P80danda'> <in>\u0050\u003B</in> <map>full_form.p</map> </e> <!-- danda completes half form -->
<e n='Q81'> <in>\u0051</in> <out>T</out> <cl>half_form</cl> </e>
<e n='Q81danda'> <in>\u0051\u003B</in> <map>full_form.T</map> </e> <!-- danda completes half form -->
<e n='R82'> <in>\u0052</in> <out>r</out> <cl>prefix</cl> <dependant/> <zerowidth/> </e>
<e n='S83'> <in>\u0053</in> <out>s</out> <cl>half_form</cl> </e>
<e n='S83danda'> <in>\u0053\u003B</in> <map>full_form.s</map> </e> <!-- danda completes half form -->
<e n='T84'> <in>\u0054</in> <out>t</out> <cl>half_form</cl> </e>
<e n='T84danda'> <in>\u0054\u003B</in> <map>full_form.t</map> </e> <!-- danda completes half form -->
<e n='U85'> <in>\u0055</in> <out>U</out> <cl>vowel_sign</cl> <dependant/> <zerowidth/> </e>
<e n='V86'> <in>\u0056</in> <out>v</out> <cl>half_form</cl> </e>
<e n='V86danda'> <in>\u0056\u003B</in> <map>full_form.v</map> </e> <!-- danda completes half form -->
<e n='W87'> <in>\u0057</in> <out>z</out> <cl>full_form</cl> </e>
<e n='X88'> <in>\u0058</in> <out>S</out> <cl>half_form</cl> </e>
<e n='X88danda'> <in>\u0058\u003B</in> <map>full_form.S</map> </e> <!-- danda completes half form -->
<e n='Y89'> <in>\u0059</in> <out>y</out> <cl>half_form</cl> </e>
<e n='Y89danda'> <in>\u0059\u003B</in> <map>full_form.y</map> </e> <!-- danda completes half form -->
<e n='Z90'> <in>\u005A</in> <out>J</out> <cl>full_form</cl> </e>
<e n='[91'> <in>\u005B</in> <out>r</out> <cl>half_form_end</cl> <dependant/> <zerowidth/> </e>  <!-- / form of r, attaches to danda, e.g. tr -->
<e n='\92'> <in>\u005C</in> <out>~</out> <cl>anusvara</cl> </e> <!-- dot rocker anusvara -->
<e n=']93'> <in>\u005D</in> <out>tr</out> <cl>full_form</cl> </e>
<e n='^94'> <in>\u005E</in> <map>half_form_end.r</map> <zerowidth/> </e>  <!-- ^ form of r, at bottom of chars with no danda, e.g., wr -->
<e n='_95'> <in>\u005F</in> <out>kt</out> <cl>half_form_end</cl> </e>
<e n='`96'> <in>\u0060</in> <out>G</out> <cl>full_form</cl> </e>
<e n='a97'> <in>\u0061</in> <out>a</out> <cl>vowel_letter</cl> </e>
<e n='b98'> <in>\u0062</in> <out>b</out> <cl>full_form</cl> </e>
<e n='c99'> <in>\u0063</in> <out>c</out> <cl>full_form</cl> </e>
<e n='d100'> <in>\u0064</in> <out>d</out> <cl>full_form</cl> </e>
<e n='e101'> <in>\u0065</in> <out>e</out> <cl>vowel_sign</cl> <dependant/> <zerowidth/> </e>
<e n='f102'> <in>\u0066</in> <out>P</out> <cl>full_form</cl> </e>
<e n='g103'> <in>\u0067</in> <out>g</out> <cl>full_form</cl> </e>
<e n='h104'> <in>\u0068</in> <out>h</out> <cl>full_form</cl> </e>
<e n='i105'> <in>\u0069</in> <out>i</out> <cl>vowel_sign</cl> </e>
<e n='j106'> <in>\u006A</in> <out>j</out> <cl>full_form</cl> </e>
<e n='k107'> <in>\u006B</in> <out>k</out> <cl>full_form</cl> </e>
<e n='l108'> <in>\u006C</in> <out>l</out> <cl>full_form</cl> </e>
<e n='m109'> <in>\u006D</in> <out>m</out> <cl>full_form</cl> </e>
<e n='n110'> <in>\u006E</in> <out>n</out> <cl>full_form</cl> </e>
<e n='o111'> <in>\u006F</in> <out>o</out> <cl>vowel_sign</cl> <dependant/> </e>
<e n='p112'> <in>\u0070</in> <out>p</out> <cl>full_form</cl> </e>
<e n='q113'> <in>\u0071</in> <out>T</out> <cl>full_form</cl> </e>
<e n='r114'> <in>\u0072</in> <out>r</out> <cl>full_form</cl> </e>
<e n='s115'> <in>\u0073</in> <out>s</out> <cl>full_form</cl> </e>
<e n='t116'> <in>\u0074</in> <out>t</out> <cl>full_form</cl> </e>
<e n='u117'> <in>\u0075</in> <out>u</out> <cl>vowel_sign</cl> <dependant/> <zerowidth/> </e>
<e n='v118'> <in>\u0076</in> <out>v</out> <cl>full_form</cl> </e>
<e n='w119'> <in>\u0077</in> <out>E</out> <cl>vowel_sign</cl> <dependant/> <zerowidth/> </e>
<e n='x120'> <in>\u0078</in> <out>S</out> <cl>full_form</cl> </e>
<e n='y121'> <in>\u0079</in> <out>y</out> <cl>full_form</cl> </e>
<e n='z122'> <in>\u007A</in> <out>C</out> <cl>full_form</cl> </e>
<e n='{123'> <in>\u007B</in> <out>dr</out> <cl>full_form</cl> </e>
<e n='|124'> <in>\u007C</in> <lig>rM</lig> <key>ligature.rM</key> <zerowidth/> </e>
<e n='}125'> <in>\u007D</in> <out>tr</out> <cl>half_form</cl> </e>
<e n='}125alt'> <in>\u007D\u003B</in> <map>full_form.tr</map> </e> <!-- danda completes half form -->
<e n='~126'> <in>\u007E</in> <out>G</out> <cl>half_form</cl> </e>
<e n='~126alt'> <in>\u007E\u003B</in> <map>full_form.G</map> </e> <!-- danda completes half form -->
<e n='127'> <in>\u007F</in> <cl>flag</cl> </e>  <!-- not used-->
<e n='128'> <in>\u0080</in> <map>accent.\</map> <dependant/> </e>
<e n='129'> <in>\u0081</in> <map>vowel_letter.F</map> </e>  <!-- only is visible in vedic in comparison.rtf -->
<e n='130'> <in>\u0082</in> <out>zwv</out> <cl>full_form</cl> </e>
<e n='131'> <in>\u0083</in> <map>vowel_sign.e</map> <dependant/> </e>
<e n='132'> <in>\u0084</in> <out>Nm</out> <cl>full_form</cl> </e>
<e n='133'> <in>\u0085</in> <map>accent.\</map> <zerowidth/> </e>
<e n='134'> <in>\u0086</in> <map>vowel_sign.U</map> <dependant/> </e>
<e n='135'> <in>\u0087</in> <map>accent./</map> <dependant/> </e>
<e n='136'> <in>\u0088</in> <out>tn</out> <cl>full_form</cl> </e>
<e n='137'> <in>\u0089</in> <map>half_form_end.r</map> <zerowidth/> </e> <!-- / type r -->
<e n='138'> <in>\u008A</in> <out>db</out> <cl>full_form</cl> </e>
<e n='139'> <in>\u008B</in> <out>Z</out> <cl>visarga</cl> </e>
<e n='140'> <in>\u008C</in> <out>'</out> <cl>atom</cl> </e>
<e n='141'> <in>\u008D</in> <out>Yc</out> <cl>full_form</cl> </e>  <!-- only is visible in vedic in comparison.rtf -->
<e n='142'> <in>\u008E</in> <map>vowel_sign.f</map> <dependant/> </e>
<e n='143'> <in>\u008F</in> <map>accent.\</map> <zerowidth/> </e>  <!-- only is visible in vedic in comparison.rtf -->
<e n='144'> <in>\u0090</in> <out>Sv</out> <cl>full_form</cl> </e>  <!-- only is visible in vedic in comparison.rtf -->
<e n='145'> <in>\u0091</in> <map>vowel_sign.u</map> <dependant/> </e>
<e n='146'> <in>\u0092</in> <out>Sc</out> <cl>full_form</cl> </e>
<e n='147'> <in>\u0093</in> <map>vowel_sign.E</map> <dependant/> </e>
<e n='148'> <in>\u0094</in> <out>i</out> <cl>vowel_letter</cl> </e>
<e n='149'> <in>\u0095</in> <lig>Nku</lig> <key>ligature.Nku</key> </e>
<e n='150'> <in>\u0096</in> <map>full_form.Y</map> </e>
<e n='151'> <in>\u0097</in> <out>qQ</out> <cl>full_form</cl> </e>
<e n='152'> <in>\u0098</in> <out>sn</out> <cl>full_form</cl> </e>
<e n='153'> <in>\u0099</in> <map>accent.\</map> <zerowidth/> </e>
<e n='154'> <in>\u009A</in> <out>wW</out> <cl>full_form</cl> </e>
<e n='155'> <in>\u009B</in> <out>N</out> <cl>full_form</cl> </e>
<e n='156'> <in>\u009C</in> <map>prefix.r</map> <zerowidth/> </e>
<e n='157'> <in>\u009D</in> <map>accent.\</map> <zerowidth/> </e>		<!-- only is visible in vedic in comparison.rtf -->
<e n='158'> <in>\u009E</in> <map>accent.\</map> <zerowidth/> </e>
<e n='159'> <in>\u009F</in> <map>vowel_sign.u</map> <dependant/> </e>
<e n='160'> <in>\u00A0</in> <cl>flag</cl> </e>  <!--not used-->     <!-- is visible in all other fonts in comparison.rtf -->
<e n='161'> <in>\u00A1</in> <map>vowel_sign.I</map> <dependant/> </e>
<e n='162'> <in>\u00A2</in> <out>pt</out> <cl>full_form</cl> </e>
<e n='163'> <in>\u00A3</in> <out>kr</out> <cl>full_form</cl> </e>
<e n='164'> <in>\u00A4</in> <out>Ngr</out> <cl>full_form</cl> </e>
<e n='165'> <in>\u00A5</in> <out>nn</out> <cl>full_form</cl> </e>
<e n='166'> <in>\u00A6</in> <out>gn</out> <cl>full_form</cl> </e>
<e n='167'> <in>\u00A7</in> <out>sr</out> <cl>full_form</cl> </e>
<e n='168'> <in>\u00A8</in> <lig>ru</lig> <key>ligature.ru</key> </e>
<e n='169'> <in>\u00A9</in> <out>Ng</out> <cl>full_form</cl> </e>
<e n='170'> <in>\u00AA</in> <map>virama.1</map> <zerowidth/> </e> <!--virama-->
<e n='171'> <in>\u00AB</in> <out>dG</out> <cl>full_form</cl> </e>
<e n='172'> <in>\u00AC</in> <out>u</out> <cl>vowel_letter</cl> </e>
<e n='173'> <in>\u00AD</in> <map>virama.1</map> <zerowidth/> </e> <!-- virama -->
<e n='174'> <in>\u00AE</in> <map>vowel_sign.i</map> </e>
<e n='175'> <in>\u00AF</in> <out>ww</out> <cl>full_form</cl> </e>
<e n='176'> <in>\u00B0</in> <out>cc</out> <cl>full_form</cl> </e>
<e n='177'> <in>\u00B1</in> <map>virama.1</map> <zerowidth/> </e> <!--virama-->
<e n='178'> <in>\u00B2</in> <map>vowel_sign.i</map> </e>
<e n='179'> <in>\u00B3</in> <map>prefix.r</map> <zerowidth/> </e>
<e n='180'> <in>\u00B4</in> <out>dy</out> <cl>full_form</cl> </e>
<e n='181'> <in>\u00B5</in> <out>dm</out> <cl>full_form</cl> </e>
<e n='182'> <in>\u00B6</in> <out>dd</out> <cl>full_form</cl> </e>
<e n='183'> <in>\u00B7</in> <out>zw</out> <cl>full_form</cl> </e>
<e n='184'> <in>\u00B8</in> <lig>dF</lig> <key>ligature.dF</key> </e>
<e n='185'> <in>\u00B9</in> <map>vowel_sign.e</map> <dependant/> </e>
<e n='186'> <in>\u00BA</in> <out>dB</out> <cl>full_form</cl> </e>
<e n='187'> <in>\u00BB</in> <out>mn</out> <cl>full_form</cl> </e>
<e n='188'> <in>\u00BC</in> <map>vowel_sign.e</map> <dependant/> </e>
<e n='189'> <in>\u00BD</in> <lig>Cru</lig> <key>ligature.Cru</key> </e>
<e n='190'> <in>\u00BE</in> <map>vowel_sign.i</map> </e>
<e n='191'> <in>\u00BF</in> <out>F</out> <cl>vowel_sign</cl> <dependant/> <zero_width/> </e>
<e n='192'> <in>\u00C0</in> <out>L</out> <cl>half_form</cl> </e>
<e n='192danda'> <in>\u00C0\u003B</in> <map>full_form.L</map> </e> <!-- danda completes half form -->
<e n='193'> <in>\u00C1</in> <map>accent./</map> <zerowidth/> </e>
<e n='194'> <in>\u00C2</in> <out>L</out> <cl>full_form</cl> </e>
<e n='195'> <in>\u00C3</in> <out>dv</out> <cl>full_form</cl> </e>
<e n='196'> <in>\u00C4</in> <out>NK</out> <cl>full_form</cl> </e>
<e n='197'> <in>\u00C5</in> <out>Sr</out> <cl>full_form</cl> </e>
<e n='198'> <in>\u00C6</in> <out>jj</out> <cl>full_form</cl></e>
<e n='199'> <in>\u00C7</in> <map>vowel_sign.I</map> <dependant/> </e>
<e n='200'> <in>\u00C8</in> <map>vowel_sign.f</map> <dependant/> </e>
<e n='201'> <in>\u00C9</in> <map>vowel_sign.i</map> </e>
<e n='202'> <in>\u00CA</in> <cl>whitespace</cl> </e>
<e n='203'> <in>\u00CB</in> <map>vowel_sign.U</map> <dependant/> </e>
<e n='204'> <in>\u00CC</in> <map>accent./</map> <zerowidth/> </e>
<e n='205'> <in>\u00CD</in> <out>Nkz</out> <cl>full_form</cl> </e>
<e n='206'> <in>\u00CE</in> <out>dBy</out> <cl>full_form</cl> </e>
<e n='207'> <in>\u00CF</in> <out>zW</out> <cl>full_form</cl> </e>
<e n='208'> <in>\u00D0</in> <out>..</out> <cl>atom</cl> </e>
<e n='209'> <in>\u00D1</in> <out>oM</out> <cl>atom</cl> </e>
<e n='210'> <in>\u00D2</in> <out>pn</out> <cl>full_form</cl> </e>
<e n='211'> <in>\u00D3</in> <out>qq</out> <cl>full_form</cl> </e>
<e n='212'> <in>\u00D4</in> <out>kk</out> <cl>full_form</cl> </e>
<e n='213'> <in>\u00D5</in> <lig>kf</lig> <key>ligature.kf</key> </e>
<e n='214'> <in>\u00D6</in> <map>anusvara.M</map> <zerowidth/> </e> <!-- . anusvara -->
<e n='215'> <in>\u00D7</in> <out>hv</out> <cl>full_form</cl> </e>
<e n='216'> <in>\u00D8</in> <map>accent./</map> <zerowidth/> </e>
<e n='217'> <in>\u00D9</in> <map>vowel_sign.E</map> <dependant/> </e>
<e n='218'> <in>\u00DA</in> <map>vowel_sign.u</map> <dependant/> </e>
<e n='219'> <in>\u00DB</in> <out>Nkt</out> <cl>full_form</cl> </e>
<e n='220'> <in>\u00DC</in> <map>prefix.r</map> <zerowidth/> </e>
<e n='221'> <in>\u00DD</in> <out>Dn</out> <cl>full_form</cl> </e>
<e n='222'> <in>\u00DE</in> <out>Dn</out> <cl>half_form</cl> </e>   <!-- added -->
<e n='223'> <in>\u00DF</in> <out>Gn</out> <cl>full_form</cl> </e>
<e n='224'> <in>\u00E0</in> <out></out> <key>half_form.extension</key> <cl>half_form</cl> </e>  <!-- A horizontal extension bar? middle page 4-->
<e n='225'> <in>\u00E1</in> <map>vowel_sign.i</map> </e>
<e n='226'> <in>\u00E2</in> <map>vowel_sign.i</map> </e>
<e n='227'> <in>\u00E3</in> <out>z</out> <cl>half_form</cl> </e>
<e n='227danda'> <in>\u00E3\u003B</in> <map>full_form.z</map> </e> <!-- danda completes half form -->
<e n='228'> <in>\u00E4</in> <out>y</out> <cl>half_form_end</cl> </e>
<e n='229'> <in>\u00E5</in> <lig>rU</lig> <key>ligature.rU</key> </e>
<e n='230'> <in>\u00E6</in> <out>tt</out> <cl>half_form</cl> </e>
<e n='230danda'> <in>\u00E6\u003B</in> <map>full_form.tt</map> </e> <!-- danda completes half form -->
<e n='231'> <in>\u00E7</in> <out>hy</out> <cl>full_form</cl> </e>
<e n='232'> <in>\u00E8</in> <out>U</out> <cl>vowel_letter</cl> </e>
<e n='233' k="25"> <in>\u00E9</in> <out>I</out> <cl>vowel_letter</cl> </e>
<e n='234'> <in>\u00EA</in> <lig>Sf</lig> <key>ligature.Sf</key> </e>
<e n='235'> <in>\u00EB</in> <lig>df</lig> <key>ligature.df</key> </e>
<e n='236'> <in>\u00EC</in> <out>NG</out> <cl>full_form</cl> </e>
<e n='237'> <in>\u00ED</in> <out>dg</out> <cl>full_form</cl> </e>
<e n='238'> <in>\u00EE</in> <out>hr</out> <cl>full_form</cl> </e>
<e n='239'> <in>\u00EF</in> <out>Yj</out> <cl>full_form</cl> </e>
<e n='240'> <in>\u00F0</in> <out>hR</out> <cl>full_form</cl> </e>
<e n='241'> <in>\u00F1</in> <out>hl</out> <cl>full_form</cl> </e>
<e n='242'> <in>\u00F2</in> <map>vowel_sign.F</map> <dependant/> </e>
<e n='243'> <in>\u00F3</in> <lig>hu</lig> <key>ligature.hu</key> </e>
<e n='244'> <in>\u00F4</in> <lig>hU</lig> <key>ligature.hU</key> </e>
<e n='245'> <in>\u00F5</in> <out>dD</out> <cl>full_form</cl> </e>
<e n='246'> <in>\u00F6</in> <out>hn</out> <cl>full_form</cl> </e>
<e n='247'> <in>\u00F7</in> <out>hm</out> <cl>full_form</cl> </e>
<e n='248'> <in>\u00F8</in> <map>vowel_sign.E</map> <dependant/> </e>
<e n='249'> <in>\u00F9</in> <map>anusvara.M</map> <dependant/> <zerowidth/> </e>
<e n='250'> <in>\u00FA</in> <lig>hf</lig> <key>ligature.hf</key> </e>
<e n='251'> <in>\u00FB</in> <out>Nk</out> <cl>full_form</cl> </e>
<e n='252'> <in>\u00FC</in> <map>ligature.hu</map> </e>
<e n='253'> <in>\u00FD</in> <map>full_form.dg</map> <cl>full_form</cl> </e>
<e n='254'> <in>\u00FE</in> <map>ligature.hU</map> </e>
<e n='255'> <in>\u00FF</in> <out>tt</out> <cl>full_form</cl> </e> 

<e n='263'> <in>\u0100</in> <out>a</out> <cl>vowel_sign</cl> </e>  <!-- phantom vowel sign a -->

<e n='264'> <in>%vowel_letter.a%vowel_sign.A</in> <out>A</out> <cl>vowel_letter</cl> </e>    <!-- vowel letter A (composite) -->
<e n='265'> <in>%vowel_letter.e%vowel_sign.e</in> <out>E</out> <cl>vowel_letter</cl> </e>  <!-- vowel letter E (composite) -->
<e n='266'> <in>%vowel_letter.a%vowel_sign.o</in> <out>o</out> <cl>vowel_letter</cl> </e>    <!-- vowel letter o (composite) -->
<e n='267'> <in>%vowel_sign.A%vowel_sign.e</in> <map>vowel_sign.o</map> <dependant/> </e>        <!-- vowel sign o (composite) (map to font's vowel sign o)-->
<e n='268'> <in>%vowel_sign.A%vowel_sign.E</in> <map>vowel_sign.O</map> <dependant/> </e>        <!-- vowel sign O (composite)   -->
<e n='269'> <in>%vowel_letter.a%vowel_sign.O</in> <out>O</out> <cl>vowel_letter</cl> </e>    <!-- vowel letter O (composite) -->
<e n='270'> <in>%vowel_letter.i%prefix.r</in> <map>vowel_letter.I</map> </e>      <!-- vowel letter I (composite) -->
<e n='271'> <in>\u0100</in> <out>x</out> <cl>vowel_sign</cl> </e>	<!-- phantom -->
<e n='272'> <in>%half_form.k%full_form.l%vowel_sign.f</in> <lig>kx</lig> <key>ligature.kx</key> </e>
<e n='273'> <in>%half_form.D%vowel_sign.o</in> <lig>De</lig> <key>ligature.De</key> </e>
<e n='274'> <in>\u0101</in> <out>/</out> <cl>accent</cl> <zerowidth/> </e>  <!-- use this so that we don't have to worry about mapped to accent being overridden -->
<e n='275'> <in>\u0102</in> <out>\</out> <cl>accent</cl> <zerowidth/> </e>
<e n='276'> <in>\u0103</in> <out>Y</out> <cl>full_form</cl> </e>
<e n='277'> <in>\u0104</in> <out>F</out> <cl>vowel_letter</cl> </e>
</edges>

<ligatures>
	<ligature type='De'>			<!-- dru -->
		<char key='full_form.D'/>
		<char key='vowel_sign.e'/>
	</ligature>  
	<ligature type='dru'>			<!-- dru -->
		<char key='full_form.dr'/>
		<char key='vowel_sign.u'/>
	</ligature>  
	<ligature type='Nku'>
		<char key='full_form.Nk'/>
		<char key='vowel_sign.u'/>
	</ligature>  
	<ligature type='ru'>
		<char key='full_form.r'/>
		<char key='vowel_sign.u'/>
	</ligature>  
	<ligature type='dF'>
		<char key='full_form.d'/>
		<char key='vowel_sign.F'/>			<!-- was vowel_letter.F -->
	</ligature>  
	<ligature type='Cru'>
		<char key='full_form.C'/>
		<char key='virama.1'/>
		<char key='full_form.r'/>
		<char key='vowel_sign.u'/>
	</ligature>  
	<ligature type='kf'>
		<char key='full_form.k'/>
		<char key='vowel_sign.f'/>
	</ligature>  
	<ligature type='kx'>
		<char key='full_form.k'/>
		<char key='vowel_sign.x'/>
	</ligature>  
	<ligature type='rU'>
		<char key='full_form.r'/>
		<char key='vowel_sign.U'/>
	</ligature>  
	<ligature type='Sf'>
		<char key='full_form.S'/>
		<char key='vowel_sign.f'/>
	</ligature>  
	<ligature type='df'>
		<char key='full_form.d'/>
		<char key='vowel_sign.f'/>
	</ligature>  
	<ligature type='hu'>
		<char key='full_form.h'/>
		<char key='vowel_sign.u'/>
	</ligature>  
	<ligature type='hU'>
		<char key='full_form.h'/>
		<char key='vowel_sign.U'/>
	</ligature>  
	<ligature type='hf'>
		<char key='full_form.h'/>
		<char key='vowel_sign.f'/>
	</ligature>  
	<ligature type='rM'>
		<char key='prefix.r'/>
		<char key='anusvara.M'/>
	</ligature>  
</ligatures>

<merges>
	<merge name='vowelMerge'>
		<action in='Ae' out='o'/>
		<action in='AE' out='O'/>
		<action in='eA' out='e'/>
	</merge>
	<merge name='consonentMerge'>
		<action in='ttkt' out='kt'/>
	</merge>
</merges>

<buffers>
	<buffer name='prefix'>
		<member id='prefix'/>
	</buffer>
	<buffer name='atoms' action='!!'>
		<member id='whitespace'/>
		<member id='digit'/>
		<member id='atom'/>
		<member id='asis'/>
		<member id='flag' action='x'/>
	</buffer>
	<buffer name='vowel_letters' action='!,|'>
		<member id='vowel_letter'/>
	</buffer>
	<buffer name='consonents' merge='consonentMerge'>
		<member id='half_form' action='?' map='common_consonent'/>
		<member id='full_form' action='?,|,^' init='vowel_signs' map='common_consonent' required='y'/>
		<member id='half_form_end' map='common_consonent'/>
		<member id='common_consonent'/>  <!-- all consonents go here -->
	</buffer>
	<buffer name='vowel_signs' card='?' init='vowel_sign.a' merge='vowelMerge'>
		<member id='vowel_sign.i' action='!'/>
		<member id='vowel_sign'/>
		<member id='virama' action='-' />
		<errorMessage type='card' message='duplicate vowel signs'/>
		<exists>vowel_letter|full_form</exists>
	</buffer>
	<buffer name='anusvara' card='?'>
		<member id='anusvara'/>
		<errorMessage type='card' message='duplicate vowel signs'/>
		<exists>vowel_letter|full_form</exists>
	</buffer>	
	<buffer name='accent' card='?'>
		<member id='accent'/>
		<errorMessage type='card' message='duplicate accents'/>
		<exists>vowel_letter|full_form</exists>
	</buffer>
	<buffer name='visarga' card='?'>
		<member id='visarga'/>
		<errorMessage type='card' message='duplicate accents'/>
		<exists>vowel_letter|full_form</exists>
	</buffer>
	
</buffers>

</fsm>
