<fsm start='INIT' inputDecoding='UTF-8' outputEncoding='UTF-8'>
<!-- transcoder_set_dir($dir) -->
<e><s>INIT</s><in>A</in><out>\u03B1</out><next>INIT</next></e> <!-- alpha -->
<e><s>INIT</s><in>B</in><out>\u03B2</out><next>INIT</next></e> <!-- beta -->
<e><s>INIT</s><in>G</in><out>\u03B3</out><next>INIT</next></e> <!-- gamma -->
<e><s>INIT</s><in>D</in><out>\u03B4</out><next>INIT</next></e> <!-- delta -->
<e><s>INIT</s><in>E</in><out>\u03B5</out><next>INIT</next></e> <!-- epsilon -->
<e><s>INIT</s><in>Z</in><out>\u03B6</out><next>INIT</next></e> <!-- zeta -->
<e><s>INIT</s><in>H</in><out>\u03B7</out><next>INIT</next></e> <!-- eta -->
<e><s>INIT</s><in>Q</in><out>\u03B8</out><next>INIT</next></e> <!-- theta -->
<e><s>INIT</s><in>I</in><out>\u03B9</out><next>INIT</next></e> <!-- iota -->
<e><s>INIT</s><in>K</in><out>\u03BA</out><next>INIT</next></e> <!-- kappa -->
<e><s>INIT</s><in>L</in><out>\u03BB</out><next>INIT</next></e> <!-- lambda -->
<e><s>INIT</s><in>M</in><out>\u03BC</out><next>INIT</next></e> <!-- mu -->
<e><s>INIT</s><in>N</in><out>\u03BD</out><next>INIT</next></e> <!-- nu -->
<e><s>INIT</s><in>C</in><out>\u03BE</out><next>INIT</next></e> <!-- xi -->
<e><s>INIT</s><in>O</in><out>\u03BF</out><next>INIT</next></e> <!-- omicron -->
<e><s>INIT</s><in>P</in><out>\u03C0</out><next>INIT</next></e> <!-- pi -->
<e><s>INIT</s><in>R</in><out>\u03C1</out><next>INIT</next></e> <!-- rho -->
<e><s>INIT</s><in>S</in><out>\u03C3</out><next>INIT</next></e> <!-- sigmaMedial -->
<e><s>INIT</s><in>T</in><out>\u03C4</out><next>INIT</next></e> <!-- tau -->
<e><s>INIT</s><in>U</in><out>\u03C5</out><next>INIT</next></e> <!-- upsilon -->
<e><s>INIT</s><in>F</in><out>\u03C6</out><next>INIT</next></e> <!-- phi -->
<e><s>INIT</s><in>X</in><out>\u03C7</out><next>INIT</next></e> <!-- chi -->
<e><s>INIT</s><in>Y</in><out>\u03C8</out><next>INIT</next></e> <!-- psi -->
<e><s>INIT</s><in>W</in><out>\u03C9</out><next>INIT</next></e> <!-- omega -->

<e><s>INIT</s><in>*A</in><out>\u0391</out><next>INIT</next></e> <!-- Alpha -->
<e><s>INIT</s><in>*B</in><out>\u0392</out><next>INIT</next></e> <!-- Beta -->
<e><s>INIT</s><in>*G</in><out>\u0393</out><next>INIT</next></e> <!-- Gamma -->
<e><s>INIT</s><in>*D</in><out>\u0394</out><next>INIT</next></e> <!-- Delta -->
<e><s>INIT</s><in>*E</in><out>\u0395</out><next>INIT</next></e> <!-- Epsilon -->
<e><s>INIT</s><in>*Z</in><out>\u0396</out><next>INIT</next></e> <!-- Zeta -->
<e><s>INIT</s><in>*H</in><out>\u0397</out><next>INIT</next></e> <!-- Eta -->
<e><s>INIT</s><in>*Q</in><out>\u0398</out><next>INIT</next></e> <!-- Theta -->
<e><s>INIT</s><in>*I</in><out>\u0399</out><next>INIT</next></e> <!-- Iota -->
<e><s>INIT</s><in>*K</in><out>\u039A</out><next>INIT</next></e> <!-- Kappa -->
<e><s>INIT</s><in>*L</in><out>\u039B</out><next>INIT</next></e> <!-- Lambda -->
<e><s>INIT</s><in>*M</in><out>\u039C</out><next>INIT</next></e> <!-- Mu -->
<e><s>INIT</s><in>*N</in><out>\u039D</out><next>INIT</next></e> <!-- Nu -->
<e><s>INIT</s><in>*C</in><out>\u039E</out><next>INIT</next></e> <!-- Xi -->
<e><s>INIT</s><in>*O</in><out>\u039F</out><next>INIT</next></e> <!-- Omicron -->
<e><s>INIT</s><in>*P</in><out>\u03A0</out><next>INIT</next></e> <!-- Pi -->
<e><s>INIT</s><in>*R</in><out>\u03A1</out><next>INIT</next></e> <!-- Rho -->
<e><s>INIT</s><in>*S</in><out>\u03A3</out><next>INIT</next></e> <!-- Sigma -->
<e><s>INIT</s><in>*T</in><out>\u03A4</out><next>INIT</next></e> <!-- Tau -->
<e><s>INIT</s><in>*U</in><out>\u03A5</out><next>INIT</next></e> <!-- Upsilon -->
<e><s>INIT</s><in>*F</in><out>\u03A6</out><next>INIT</next></e> <!-- Phi -->
<e><s>INIT</s><in>*X</in><out>\u03A7</out><next>INIT</next></e> <!-- Chi -->
<e><s>INIT</s><in>*Y</in><out>\u03A8</out><next>INIT</next></e> <!-- Psi -->
<e><s>INIT</s><in>*W</in><out>\u03A9</out><next>INIT</next></e> <!-- Omega -->

<e><s>INIT</s><in>/</in><out>\u1FFD</out><next>INIT</next></e> <!-- oxy (acute)-->
<e><s>INIT</s><in>\</in><out>\u1FEF</out><next>INIT</next></e> <!-- bary (grave) -->
<e><s>INIT</s><in>=</in><out>\u1FC0</out><next>INIT</next></e> <!-- peri (circumflex)-->
<e><s>INIT</s><in>)</in><out>\u1FBF</out><next>INIT</next></e> <!--  lenis (smooth breathing)-->
<e><s>INIT</s><in>(</in><out>\u1FFE</out><next>INIT</next></e> <!-- asper (rough breathing)-->
<e><s>INIT</s><in>+</in><out>\u00A8</out><next>INIT</next></e> <!--  diaer (diaeresis)-->

<e><s>INIT</s><in>)/</in><out>\u1FCE</out><next>INIT</next></e> <!-- lenis_oxy -->
<e><s>INIT</s><in>)\</in><out>\u1FCD</out><next>INIT</next></e> <!-- lenis_bary -->
<e><s>INIT</s><in>)=</in><out>\u1FCF</out><next>INIT</next></e> <!-- lenis_peri -->

<e><s>INIT</s><in>(/</in><out>\u1FDE</out><next>INIT</next></e> <!-- asper_oxy -->
<e><s>INIT</s><in>(\</in><out>\u1FDD</out><next>INIT</next></e> <!-- asper_bary -->
<e><s>INIT</s><in>(=</in><out>\u1FDF</out><next>INIT</next></e> <!-- asper_peri -->

<e><s>INIT</s><in>+/</in><out>\u0308\u0301</out><next>INIT</next></e> <!-- diaer_oxy -->
<e><s>INIT</s><in>+\</in><out>\u1FED</out><next>INIT</next></e> <!-- diaer_bary -->
<e><s>INIT</s><in>+=</in><out>\u1FC1</out><next>INIT</next></e> <!-- diaer_peri -->

<e><s>INIT</s><in>|</in><out>\u1FBE</out><next>INIT</next></e> <!--  isub -->

<e><s>INIT</s><in>S1</in><out>\u03C3</out><next>INIT</next></e> <!--  sigmaMedial-->
<!-- <e><s>INIT</s><in></in><out></out><next>INIT</next></e> --> <!--  sigmaMedialFixed-->
<e><s>INIT</s><in>S2</in><out>\u03C2</out><next>INIT</next></e> <!--  sigmaFinal-->
<e><s>INIT</s><in>S3</in><out>\u03F2</out><next>INIT</next></e> <!--  sigmaLunate-->
<e><s>INIT</s><in>*S3</in><out>\u03F2</out><next>INIT</next></e> <!--  SigmaLunate (note: the same)-->

<e><s>INIT</s><in>(R</in><out>\u1FE5</out><next>INIT</next></e> <!--  rho_asper-->
<e><s>INIT</s><in>(*R</in><out>\u1FEC</out><next>INIT</next></e> <!--  Rho_asper-->
<e><s>INIT</s><in>)R</in><out>\u1FE4</out><next>INIT</next></e> <!--  rho_lenis-->

<e><s>INIT</s><in>V</in><out>\u03DD</out><next>INIT</next></e> <!-- digamma -->
<e><s>INIT</s><in>*V</in><out>\u03DC</out><next>INIT</next></e> <!-- Digamma -->
<e><s>INIT</s><in>#3</in><out>\u03DF</out><next>INIT</next></e> <!-- koppa -->
<e><s>INIT</s><in>*#3</in><out>\u03DE</out><next>INIT</next></e> <!-- Koppa -->
<e><s>INIT</s><in>#5</in><out>\u03E1</out><next>INIT</next></e> <!-- sampi -->
<e><s>INIT</s><in>*#5</in><out>\u03E0</out><next>INIT</next></e> <!-- Sampi -->

<e><s>INIT</s><in>#</in><out>\u0374</out><next>INIT</next></e> <!-- prime -->
<e><s>INIT</s><in>:</in><out>\u00B7</out><next>INIT</next></e> <!-- raisedDot -->
<e><s>INIT</s><in>;</in><out>\u003B</out><next>INIT</next></e> <!-- semicolon -->
<e><s>INIT</s><in>'</in><out>\u1FBD</out><next>INIT</next></e> <!-- elisionMark -->
<!-- <e><s>INIT</s><in></in><out></out>\u03C2<next>INIT</next></e> --> <!-- sigmaFinalFixed -->

<!-- alphabet with diacritics-->

<e><s>INIT</s><in>A/</in><out>\u03AC</out><next>INIT</next></e> <!-- alpha_oxy -->
<e><s>INIT</s><in>A\</in><out>\u1F70</out><next>INIT</next></e> <!-- alpha_bary -->
<e><s>INIT</s><in>A=</in><out>\u1FB6</out><next>INIT</next></e> <!-- alpha_peri -->
<e><s>INIT</s><in>A)</in><out>\u1F00</out><next>INIT</next></e> <!-- alpha_lenis -->
<e><s>INIT</s><in>A(</in><out>\u1F01</out><next>INIT</next></e> <!-- alpha_asper -->
<e><s>INIT</s><in>A)/</in><out>\u1F04</out><next>INIT</next></e> <!-- alpha_lenis_oxy -->
<e><s>INIT</s><in>A(/</in><out>\u1F05</out><next>INIT</next></e> <!-- alpha_asper_oxy -->
<e><s>INIT</s><in>A)\</in><out>\u1F02</out><next>INIT</next></e> <!-- alpha_lenis_bary -->
<e><s>INIT</s><in>A(\</in><out>\u1F03</out><next>INIT</next></e> <!-- alpha_asper_bary -->
<e><s>INIT</s><in>A)=</in><out>\u1F06</out><next>INIT</next></e> <!-- alpha_lenis_peri -->
<e><s>INIT</s><in>A(=</in><out>\u1F07</out><next>INIT</next></e> <!-- alpha_asper_peri -->
<e><s>INIT</s><in>*A/</in><out>\u0386</out><next>INIT</next></e> <!-- Alpha_oxy -->
<e><s>INIT</s><in>*A\</in><out>\u1FBA</out><next>INIT</next></e> <!-- Alpha_bary -->
<e><s>INIT</s><in>*A)</in><out>\u1F08</out><next>INIT</next></e> <!-- Alpha_lenis -->
<e><s>INIT</s><in>*A(</in><out>\u1F09</out><next>INIT</next></e> <!-- Alpha_asper -->
<e><s>INIT</s><in>*A)/</in><out>\u1F0C</out><next>INIT</next></e> <!-- Alpha_lenis_oxy -->
<e><s>INIT</s><in>*A(/</in><out>\u1F0D</out><next>INIT</next></e> <!-- Alpha_asper_oxy -->
<e><s>INIT</s><in>*A)\</in><out>\u1F0A</out><next>INIT</next></e> <!-- Alpha_lenis_bary -->
<e><s>INIT</s><in>*A(\</in><out>\u1F0B</out><next>INIT</next></e> <!-- Alpha_asper_bary -->
<e><s>INIT</s><in>*A)=</in><out>\u1F0E</out><next>INIT</next></e> <!-- Alpha_lenis_peri -->
<e><s>INIT</s><in>*A(=</in><out>\u1F0F</out><next>INIT</next></e> <!-- Alpha_asper_peri -->
<e><s>INIT</s><in>A|</in><out>\u1FB3</out><next>INIT</next></e> <!-- alpha_isub -->
<e><s>INIT</s><in>A/|</in><out>\u1FB4</out><next>INIT</next></e> <!-- alpha_oxy_isub -->
<e><s>INIT</s><in>A\|</in><out>\u1FB2</out><next>INIT</next></e> <!-- alpha_bary_isub -->
<e><s>INIT</s><in>A=|</in><out>\u1FB7</out><next>INIT</next></e> <!-- alpha_peri_isub -->
<e><s>INIT</s><in>A)|</in><out>\u1F80</out><next>INIT</next></e> <!-- alpha_lenis_isub -->
<e><s>INIT</s><in>A(|</in><out>\u1F81</out><next>INIT</next></e> <!-- alpha_asper_isub -->
<e><s>INIT</s><in>A)/|</in><out>\u1F81</out><next>INIT</next></e> <!-- alpha_lenis_oxy_isub -->
<e><s>INIT</s><in>A(/|</in><out>\u1F84</out><next>INIT</next></e> <!-- alpha_asper_oxy_isub -->
<e><s>INIT</s><in>A)\|</in><out>\u1F82</out><next>INIT</next></e> <!-- alpha_lenis_bary_isub -->
<e><s>INIT</s><in>A(\|</in><out>\u1F83</out><next>INIT</next></e> <!-- alpha_asper_bary_isub -->
<e><s>INIT</s><in>A)=|</in><out>\u1F86</out><next>INIT</next></e> <!-- alpha_lenis_peri_isub -->
<e><s>INIT</s><in>A(=|</in><out>\u1F87</out><next>INIT</next></e> <!-- alpha_asper_peri_isub -->
<e><s>INIT</s><in>*A|</in><out>\u1FBC</out><next>INIT</next></e> <!-- Alpha_isub -->
<e><s>INIT</s><in>*A)|</in><out>\u1F88</out><next>INIT</next></e> <!-- Alpha_lenis_isub -->
<e><s>INIT</s><in>*A(|</in><out>\u1F89</out><next>INIT</next></e> <!-- Alpha_asper_isub -->
<e><s>INIT</s><in>*A)/|</in><out>\u1F8C</out><next>INIT</next></e> <!-- Alpha_lenis_oxy_isub -->
<e><s>INIT</s><in>*A(/|</in><out>\u1F8D</out><next>INIT</next></e> <!-- Alpha_asper_oxy_isub -->
<e><s>INIT</s><in>*A)\|</in><out>\u1F8A</out><next>INIT</next></e> <!-- Alpha_lenis_bary_isub -->
<e><s>INIT</s><in>*A(\|</in><out>\u1F8B</out><next>INIT</next></e> <!-- Alpha_asper_bary_isub -->
<e><s>INIT</s><in>*A)=|</in><out>\u1F8E</out><next>INIT</next></e> <!-- Alpha_lenis_peri_isub -->
<e><s>INIT</s><in>*A(=|</in><out>\u1F8F</out><next>INIT</next></e> <!-- Alpha_asper_peri_isub -->
<e><s>INIT</s><in>E/</in><out>\u03AD</out><next>INIT</next></e> <!-- epsilon_oxy -->
<e><s>INIT</s><in>E\</in><out>\u1F72</out><next>INIT</next></e> <!-- epsilon_bary -->
<e><s>INIT</s><in>E)</in><out>\u1F10</out><next>INIT</next></e> <!-- epsilon_lenis -->
<e><s>INIT</s><in>E(</in><out>\u1F11</out><next>INIT</next></e> <!-- epsilon_asper -->
<e><s>INIT</s><in>E)/</in><out>\u1F14</out><next>INIT</next></e> <!-- epsilon_lenis_oxy -->
<e><s>INIT</s><in>E(/</in><out>\u1F15</out><next>INIT</next></e> <!-- epsilon_asper_oxy -->
<e><s>INIT</s><in>E)\</in><out>\u1F12</out><next>INIT</next></e> <!-- epsilon_lenis_bary -->
<e><s>INIT</s><in>E(\</in><out>\u1F13</out><next>INIT</next></e> <!-- epsilon_asper_bary -->
<e><s>INIT</s><in>*E/</in><out>\u0388</out><next>INIT</next></e> <!-- Epsilon_oxy -->
<e><s>INIT</s><in>*E\</in><out>\u1FC8</out><next>INIT</next></e> <!-- Epsilon_bary -->
<e><s>INIT</s><in>*E)</in><out>\u1F18</out><next>INIT</next></e> <!-- Epsilon_lenis -->
<e><s>INIT</s><in>*E(</in><out>\u1F19</out><next>INIT</next></e> <!-- Epsilon_asper -->
<e><s>INIT</s><in>*E)/</in><out>\u1F1C</out><next>INIT</next></e> <!-- Epsilon_lenis_oxy -->
<e><s>INIT</s><in>*E(/</in><out>\u1F1D</out><next>INIT</next></e> <!-- Epsilon_asper_oxy -->
<e><s>INIT</s><in>*E)\</in><out>\u1F1A</out><next>INIT</next></e> <!-- Epsilon_lenis_bary -->
<e><s>INIT</s><in>*E(\</in><out>\u1F1B</out><next>INIT</next></e> <!-- Epsilon_asper_bary -->
<e><s>INIT</s><in>H/</in><out>\u03AE</out><next>INIT</next></e> <!-- eta_oxy -->
<e><s>INIT</s><in>H\</in><out>\u1F74</out><next>INIT</next></e> <!-- eta_bary -->
<e><s>INIT</s><in>H=</in><out>\u1FC6</out><next>INIT</next></e> <!-- eta_peri -->
<e><s>INIT</s><in>H)</in><out>\u1F20</out><next>INIT</next></e> <!-- eta_lenis -->
<e><s>INIT</s><in>H(</in><out>\u1F21</out><next>INIT</next></e> <!-- eta_asper -->
<e><s>INIT</s><in>H)/</in><out>\u1F24</out><next>INIT</next></e> <!-- eta_lenis_oxy -->
<e><s>INIT</s><in>H(/</in><out>\u1F25</out><next>INIT</next></e> <!-- eta_asper_oxy -->
<e><s>INIT</s><in>H)\</in><out>\u1F22</out><next>INIT</next></e> <!-- eta_lenis_bary -->
<e><s>INIT</s><in>H(\</in><out>\u1F23</out><next>INIT</next></e> <!-- eta_asper_bary -->
<e><s>INIT</s><in>H)=</in><out>\u1F26</out><next>INIT</next></e> <!-- eta_lenis_peri -->
<e><s>INIT</s><in>H(=</in><out>\u1F27</out><next>INIT</next></e> <!-- eta_asper_peri -->
<e><s>INIT</s><in>*H/</in><out>\u0389</out><next>INIT</next></e> <!-- Eta_oxy -->
<e><s>INIT</s><in>*H\</in><out>\u1FCA</out><next>INIT</next></e> <!-- Eta_bary -->
<e><s>INIT</s><in>*H)</in><out>\u1F28</out><next>INIT</next></e> <!-- Eta_lenis -->
<e><s>INIT</s><in>*H(</in><out>\u1F29</out><next>INIT</next></e> <!-- Eta_asper -->
<e><s>INIT</s><in>*H)/</in><out>\u1F2C</out><next>INIT</next></e> <!-- Eta_lenis_oxy -->
<e><s>INIT</s><in>*H(/</in><out>\u1F2D</out><next>INIT</next></e> <!-- Eta_asper_oxy -->
<e><s>INIT</s><in>*H)\</in><out>\u1F2A</out><next>INIT</next></e> <!-- Eta_lenis_bary -->
<e><s>INIT</s><in>*H(\</in><out>\u1F2B</out><next>INIT</next></e> <!-- Eta_asper_bary -->
<e><s>INIT</s><in>*H)=</in><out>\u1F2E</out><next>INIT</next></e> <!-- Eta_lenis_peri -->
<e><s>INIT</s><in>*H(=</in><out>\u1F2F</out><next>INIT</next></e> <!-- Eta_asper_peri -->
<e><s>INIT</s><in>H|</in><out>\u1FC3</out><next>INIT</next></e> <!-- eta_isub -->
<e><s>INIT</s><in>H/|</in><out>\u1FC4</out><next>INIT</next></e> <!-- eta_oxy_isub -->
<e><s>INIT</s><in>H\|</in><out>\u1FC2</out><next>INIT</next></e> <!-- eta_bary_isub -->
<e><s>INIT</s><in>H=|</in><out>\u1FC7</out><next>INIT</next></e> <!-- eta_peri_isub -->
<e><s>INIT</s><in>H)|</in><out>\u1F90</out><next>INIT</next></e> <!-- eta_lenis_isub -->
<e><s>INIT</s><in>H(|</in><out>\u1F91</out><next>INIT</next></e> <!-- eta_asper_isub -->
<e><s>INIT</s><in>H)/|</in><out>\u1F94</out><next>INIT</next></e> <!-- eta_lenis_oxy_isub -->
<e><s>INIT</s><in>H(/|</in><out>\u1F95</out><next>INIT</next></e> <!-- eta_asper_oxy_isub -->
<e><s>INIT</s><in>H)\|</in><out>\u1F92</out><next>INIT</next></e> <!-- eta_lenis_bary_isub -->
<e><s>INIT</s><in>H(\|</in><out>\u1F93</out><next>INIT</next></e> <!-- eta_asper_bary_isub -->
<e><s>INIT</s><in>H)=|</in><out>\u1F96</out><next>INIT</next></e> <!-- eta_lenis_peri_isub -->
<e><s>INIT</s><in>H(=|</in><out>\u1F97</out><next>INIT</next></e> <!-- eta_asper_peri_isub -->
<e><s>INIT</s><in>*H|</in><out>\u1FCC</out><next>INIT</next></e> <!-- Eta_isub -->
<e><s>INIT</s><in>*H)|</in><out>\u1F98</out><next>INIT</next></e> <!-- Eta_lenis_isub -->
<e><s>INIT</s><in>*H(|</in><out>\u1F99</out><next>INIT</next></e> <!-- Eta_asper_isub -->
<e><s>INIT</s><in>*H)/|</in><out>\u1F9C</out><next>INIT</next></e> <!-- Eta_lenis_oxy_isub -->
<e><s>INIT</s><in>*H(/|</in><out>\u1F9D</out><next>INIT</next></e> <!-- Eta_asper_oxy_isub -->
<e><s>INIT</s><in>*H)\|</in><out>\u1F9A</out><next>INIT</next></e> <!-- Eta_lenis_bary_isub -->
<e><s>INIT</s><in>*H(\|</in><out>\u1F9B</out><next>INIT</next></e> <!-- Eta_asper_bary_isub -->
<e><s>INIT</s><in>*H)=|</in><out>\u1F9E</out><next>INIT</next></e> <!-- Eta_lenis_peri_isub -->
<e><s>INIT</s><in>*H(=|</in><out>\u1F9F</out><next>INIT</next></e> <!-- Eta_asper_peri_isub -->
<e><s>INIT</s><in>I/</in><out>\u03AF</out><next>INIT</next></e> <!-- iota_oxy -->
<e><s>INIT</s><in>I\</in><out>\u1F76</out><next>INIT</next></e> <!-- iota_bary -->
<e><s>INIT</s><in>I=</in><out>\u1FD6</out><next>INIT</next></e> <!-- iota_peri -->
<e><s>INIT</s><in>I)</in><out>\u1F30</out><next>INIT</next></e> <!-- iota_lenis -->
<e><s>INIT</s><in>I(</in><out>\u1F31</out><next>INIT</next></e> <!-- iota_asper -->
<e><s>INIT</s><in>I)/</in><out>\u1F34</out><next>INIT</next></e> <!-- iota_lenis_oxy -->
<e><s>INIT</s><in>I(/</in><out>\u1F35</out><next>INIT</next></e> <!-- iota_asper_oxy -->
<e><s>INIT</s><in>I)\</in><out>\u1F32</out><next>INIT</next></e> <!-- iota_lenis_bary -->
<e><s>INIT</s><in>I(\</in><out>\u1F33</out><next>INIT</next></e> <!-- iota_asper_bary -->
<e><s>INIT</s><in>I)=</in><out>\u1F36</out><next>INIT</next></e> <!-- iota_lenis_peri -->
<e><s>INIT</s><in>I(=</in><out>\u1F37</out><next>INIT</next></e> <!-- iota_asper_peri -->
<e><s>INIT</s><in>I+</in><out>\u03CA</out><next>INIT</next></e> <!-- iota_diaer -->
<e><s>INIT</s><in>I+/</in><out>\u0390</out><next>INIT</next></e> <!-- iota_diaer_oxy -->
<e><s>INIT</s><in>I+\</in><out>\u1FD2</out><next>INIT</next></e> <!-- iota_diaer_bary -->
<e><s>INIT</s><in>I+=</in><out>\u1FD7</out><next>INIT</next></e> <!-- iota_diaer_peri -->
<e><s>INIT</s><in>*I/</in><out>\u038A</out><next>INIT</next></e> <!-- Iota_oxy -->
<e><s>INIT</s><in>*I\</in><out>\u1FDA</out><next>INIT</next></e> <!-- Iota_bary -->
<e><s>INIT</s><in>*I)</in><out>\u1F38</out><next>INIT</next></e> <!-- Iota_lenis -->
<e><s>INIT</s><in>*I(</in><out>\u1F39</out><next>INIT</next></e> <!-- Iota_asper -->
<e><s>INIT</s><in>*I)/</in><out>\u1F3C</out><next>INIT</next></e> <!-- Iota_lenis_oxy -->
<e><s>INIT</s><in>*I(/</in><out>\u1F3D</out><next>INIT</next></e> <!-- Iota_asper_oxy -->
<e><s>INIT</s><in>*I)\</in><out>\u1F3A</out><next>INIT</next></e> <!-- Iota_lenis_bary -->
<e><s>INIT</s><in>*I(\</in><out>\u1F3B</out><next>INIT</next></e> <!-- Iota_asper_bary -->
<e><s>INIT</s><in>*I)=</in><out>\u1F3E</out><next>INIT</next></e> <!-- Iota_lenis_peri -->
<e><s>INIT</s><in>*I(=</in><out>\u1F3F</out><next>INIT</next></e> <!-- Iota_asper_peri -->
<e><s>INIT</s><in>*I+</in><out>\u03AA</out><next>INIT</next></e> <!-- Iota_diaer -->
<e><s>INIT</s><in>O/</in><out>\u03CC</out><next>INIT</next></e> <!-- omicron_oxy -->
<e><s>INIT</s><in>O\</in><out>\u1F78</out><next>INIT</next></e> <!-- omicron_bary -->
<e><s>INIT</s><in>O)</in><out>\u1F40</out><next>INIT</next></e> <!-- omicron_lenis -->
<e><s>INIT</s><in>O(</in><out>\u1F41</out><next>INIT</next></e> <!-- omicron_asper -->
<e><s>INIT</s><in>O)/</in><out>\u1F44</out><next>INIT</next></e> <!-- omicron_lenis_oxy -->
<e><s>INIT</s><in>O(/</in><out>\u1F45</out><next>INIT</next></e> <!-- omicron_asper_oxy -->
<e><s>INIT</s><in>O)\</in><out>\u1F42</out><next>INIT</next></e> <!-- omicron_lenis_bary -->
<e><s>INIT</s><in>O(\</in><out>\u1F43</out><next>INIT</next></e> <!-- omicron_asper_bary -->
<e><s>INIT</s><in>*O/</in><out>\u038C</out><next>INIT</next></e> <!-- Omicron_oxy -->
<e><s>INIT</s><in>*O\</in><out>\u1FF8</out><next>INIT</next></e> <!-- Omicron_bary -->
<e><s>INIT</s><in>*O)</in><out>\u1F48</out><next>INIT</next></e> <!-- Omicron_lenis -->
<e><s>INIT</s><in>*O(</in><out>\u1F49</out><next>INIT</next></e> <!-- Omicron_asper -->
<e><s>INIT</s><in>*O)/</in><out>\u1F4C</out><next>INIT</next></e> <!-- Omicron_lenis_oxy -->
<e><s>INIT</s><in>*O(/</in><out>\u1F4D</out><next>INIT</next></e> <!-- Omicron_asper_oxy -->
<e><s>INIT</s><in>*O)\</in><out>\u1F4A</out><next>INIT</next></e> <!-- Omicron_lenis_bary -->
<e><s>INIT</s><in>*O(\</in><out>\u1F4B</out><next>INIT</next></e> <!-- Omicron_asper_bary -->
<e><s>INIT</s><in>U/</in><out>\u03CD</out><next>INIT</next></e> <!-- upsilon_oxy -->
<e><s>INIT</s><in>U\</in><out>\u1F7A</out><next>INIT</next></e> <!-- upsilon_bary -->
<e><s>INIT</s><in>U=</in><out>\u1FE6</out><next>INIT</next></e> <!-- upsilon_peri -->
<e><s>INIT</s><in>U)</in><out>\u1F50</out><next>INIT</next></e> <!-- upsilon_lenis -->
<e><s>INIT</s><in>U(</in><out>\u1F51</out><next>INIT</next></e> <!-- upsilon_asper -->
<e><s>INIT</s><in>U)/</in><out>\u1F54</out><next>INIT</next></e> <!-- upsilon_lenis_oxy -->
<e><s>INIT</s><in>U(/</in><out>\u1F55</out><next>INIT</next></e> <!-- upsilon_asper_oxy -->
<e><s>INIT</s><in>U)\</in><out>\u1F52</out><next>INIT</next></e> <!-- upsilon_lenis_bary -->
<e><s>INIT</s><in>U(\</in><out>\u1F53</out><next>INIT</next></e> <!-- upsilon_asper_bary -->
<e><s>INIT</s><in>U)=</in><out>\u1F56</out><next>INIT</next></e> <!-- upsilon_lenis_peri -->
<e><s>INIT</s><in>U(=</in><out>\u1F57</out><next>INIT</next></e> <!-- upsilon_asper_peri -->
<e><s>INIT</s><in>U+</in><out>\u03CB</out><next>INIT</next></e> <!-- upsilon_diaer -->
<e><s>INIT</s><in>U+/</in><out>\u03B0</out><next>INIT</next></e> <!-- upsilon_diaer_oxy -->
<e><s>INIT</s><in>U+\</in><out>\u1FE2</out><next>INIT</next></e> <!-- upsilon_diaer_bary -->
<e><s>INIT</s><in>U+=</in><out>\u1FE7</out><next>INIT</next></e> <!-- upsilon_diaer_peri -->
<e><s>INIT</s><in>*U/</in><out>\u038E</out><next>INIT</next></e> <!-- Upsilon_oxy -->
<e><s>INIT</s><in>*U\</in><out>\u1FEA</out><next>INIT</next></e> <!-- Upsilon_bary -->
<e><s>INIT</s><in>*U(</in><out>\u1F59</out><next>INIT</next></e> <!-- Upsilon_asper -->
<e><s>INIT</s><in>*U(/</in><out>\u1F5D</out><next>INIT</next></e> <!-- Upsilon_asper_oxy -->
<e><s>INIT</s><in>*U(\</in><out>\u1F5B</out><next>INIT</next></e> <!-- Upsilon_asper_bary -->
<e><s>INIT</s><in>*U(=</in><out>\u1F5F</out><next>INIT</next></e> <!-- Upsilon_asper_peri -->
<e><s>INIT</s><in>*U+</in><out>\u03AB</out><next>INIT</next></e> <!-- Upsilon_diaer -->
<e><s>INIT</s><in>W/</in><out>\u03CE</out><next>INIT</next></e> <!-- omega_oxy -->
<e><s>INIT</s><in>W\</in><out>\u1F7C</out><next>INIT</next></e> <!-- omega_bary -->
<e><s>INIT</s><in>W=</in><out>\u1FF6</out><next>INIT</next></e> <!-- omega_peri -->
<e><s>INIT</s><in>W)</in><out>\u1F60</out><next>INIT</next></e> <!-- omega_lenis -->
<e><s>INIT</s><in>W(</in><out>\u1F61</out><next>INIT</next></e> <!-- omega_asper -->
<e><s>INIT</s><in>W)/</in><out>\u1F64</out><next>INIT</next></e> <!-- omega_lenis_oxy -->
<e><s>INIT</s><in>W(/</in><out>\u1F65</out><next>INIT</next></e> <!-- omega_asper_oxy -->
<e><s>INIT</s><in>W)\</in><out>\u1F62</out><next>INIT</next></e> <!-- omega_lenis_bary -->
<e><s>INIT</s><in>W(\</in><out>\u1F63</out><next>INIT</next></e> <!-- omega_asper_bary -->
<e><s>INIT</s><in>W)=</in><out>\u1F66</out><next>INIT</next></e> <!-- omega_lenis_peri -->
<e><s>INIT</s><in>W(=</in><out>\u1F67</out><next>INIT</next></e> <!-- omega_asper_peri -->
<e><s>INIT</s><in>*W/</in><out>\u038F</out><next>INIT</next></e> <!-- Omega_oxy -->
<e><s>INIT</s><in>*W\</in><out>\u1FFA</out><next>INIT</next></e> <!-- Omega_bary -->
<e><s>INIT</s><in>*W)</in><out>\u1F68</out><next>INIT</next></e> <!-- Omega_lenis -->
<e><s>INIT</s><in>*W(</in><out>\u1F69</out><next>INIT</next></e> <!-- Omega_asper -->
<e><s>INIT</s><in>*W)/</in><out>\u1F6C</out><next>INIT</next></e> <!-- Omega_lenis_oxy -->
<e><s>INIT</s><in>*W(/</in><out>\u1F6D</out><next>INIT</next></e> <!-- Omega_asper_oxy -->
<e><s>INIT</s><in>*W)\</in><out>\u1F6A</out><next>INIT</next></e> <!-- Omega_lenis_bary -->
<e><s>INIT</s><in>*W(\</in><out>\u1F6B</out><next>INIT</next></e> <!-- Omega_asper_bary -->
<e><s>INIT</s><in>*W)=</in><out>\u1F6E</out><next>INIT</next></e> <!-- Omega_lenis_peri -->
<e><s>INIT</s><in>*W(=</in><out>\u1F6F</out><next>INIT</next></e> <!-- Omega_asper_peri -->
<e><s>INIT</s><in>W|</in><out>\u1FF3</out><next>INIT</next></e> <!-- omega_isub -->
<e><s>INIT</s><in>W/|</in><out>\u1FF4</out><next>INIT</next></e> <!-- omega_oxy_isub -->
<e><s>INIT</s><in>W\|</in><out>\u1FF2</out><next>INIT</next></e> <!-- omega_bary_isub -->
<e><s>INIT</s><in>W=|</in><out>\u1FF7</out><next>INIT</next></e> <!-- omega_peri_isub -->
<e><s>INIT</s><in>W)|</in><out>\u1FA0</out><next>INIT</next></e> <!-- omega_lenis_isub -->
<e><s>INIT</s><in>W(|</in><out>\u1FA1</out><next>INIT</next></e> <!-- omega_asper_isub -->
<e><s>INIT</s><in>W)/|</in><out>\u1FA4</out><next>INIT</next></e> <!-- omega_lenis_oxy_isub -->
<e><s>INIT</s><in>W(/|</in><out>\u1FA5</out><next>INIT</next></e> <!-- omega_asper_oxy_isub -->
<e><s>INIT</s><in>W)\|</in><out>\u1FA2</out><next>INIT</next></e> <!-- omega_lenis_bary_isub -->
<e><s>INIT</s><in>W(\|</in><out>\u1FA3</out><next>INIT</next></e> <!-- omega_asper_bary_isub -->
<e><s>INIT</s><in>W)=|</in><out>\u1FA6</out><next>INIT</next></e> <!-- omega_lenis_peri_isub -->
<e><s>INIT</s><in>W(=|</in><out>\u1FA7</out><next>INIT</next></e> <!-- omega_asper_peri_isub -->
<e><s>INIT</s><in>*W|</in><out>\u1FFC</out><next>INIT</next></e> <!-- Omega_isub -->
<e><s>INIT</s><in>*W)|</in><out>\u1FA8</out><next>INIT</next></e> <!-- Omega_lenis_isub -->
<e><s>INIT</s><in>*W(|</in><out>\u1FA9</out><next>INIT</next></e> <!-- Omega_asper_isub -->
<e><s>INIT</s><in>*W)/|</in><out>\u1FAC</out><next>INIT</next></e> <!-- Omega_lenis_oxy_isub -->
<e><s>INIT</s><in>*W(/|</in><out>\u1FAD</out><next>INIT</next></e> <!-- Omega_asper_oxy_isub -->
<e><s>INIT</s><in>*W)\|</in><out>\u1FAA</out><next>INIT</next></e> <!-- Omega_lenis_bary_isub -->
<e><s>INIT</s><in>*W(\|</in><out>\u1FAB</out><next>INIT</next></e> <!-- Omega_asper_bary_isub -->
<e><s>INIT</s><in>*W)=|</in><out>\u1FAE</out><next>INIT</next></e> <!-- Omega_lenis_peri_isub -->
<e><s>INIT</s><in>*W(=|</in><out>\u1FAF</out><next>INIT</next></e> <!-- Omega_asper_peri_isub -->

<!-- these  are present, but without specified unicode -->
<e><s>INIT</s><in>%40</in><out></out><next>INIT</next></e> <!-- longum -->
<e><s>INIT</s><in>%41</in><out></out><next>INIT</next></e> <!-- breve -->
<!-- these are mentioned in 'WENDYDOC.DOC' -->
<e><s>INIT</s><in>%26</in><out></out><next>INIT</next></e> <!--  macron -->
<e><s>INIT</s><in>%14</in><out></out><next>INIT</next></e> <!--  section sign-->

</fsm>