<fsm start='INIT'>
<e> <s>INIT</s> <in>a</in> <out>a</out> </e>
<e> <s>INIT</s> <in>A</in> <out>\u0101</out> </e>
<e> <s>INIT</s> <in>i</in> <out>i</out> </e>
<e> <s>INIT</s> <in>I</in> <out>\u012b</out> </e>
<e> <s>INIT</s> <in>u</in> <out>u</out> </e>
<e> <s>INIT</s> <in>U</in> <out>\u016b</out> </e>
<e> <s>INIT</s> <in>e</in> <out>e</out> </e>
<e> <s>INIT</s> <in>E</in> <out>\u0113</out> </e>
<e> <s>INIT</s> <in>ai</in> <out>ai</out> </e>
<e> <s>INIT</s> <in>o</in> <out>o</out> </e>
<e> <s>INIT</s> <in>O</in> <out>\u014d</out> </e>
<e> <s>INIT</s> <in>au</in> <out>au</out> </e>
<e> <s>INIT</s> <in>k</in> <out>k</out></e>
<e> <s>INIT</s> <in>g</in> <out>\u1e45</out></e>
<e> <s>INIT</s> <in>c</in> <out>c</out></e>
<e> <s>INIT</s> <in>J</in> <out>\u00f1</out></e>
<e> <s>INIT</s> <in>T</in> <out>\u1e6d</out></e>
<e> <s>INIT</s> <in>N</in> <out>\u1e47</out></e>
<e> <s>INIT</s> <in>t</in> <out>t</out></e>
<e> <s>INIT</s> <in>n</in> <out>n</out></e>
<e> <s>INIT</s> <in>p</in> <out>p</out></e>
<e> <s>INIT</s> <in>m</in> <out>m</out></e>
<e> <s>INIT</s> <in>y</in> <out>y</out></e>
<e> <s>INIT</s> <in>r</in> <out>r</out></e>
<e> <s>INIT</s> <in>l</in> <out>l</out></e>
<e> <s>INIT</s> <in>v</in> <out>v</out></e>
<e> <s>INIT</s> <in>z</in> <out>\u1e3b</out></e>
<e> <s>INIT</s> <in>L</in> <out>\u1e37</out></e>
<e> <s>INIT</s> <in>R</in> <out>\u1e5f</out></e>
<e> <s>INIT</s> <in>n_</in> <out>\u1e49</out></e>
<e> <s>INIT</s> <in>j</in> <out>j</out></e> 
<e> <s>INIT</s> <in>C</in> <out>\u015b</out></e>
<e> <s>INIT</s> <in>S</in> <out>\u1e63</out></e> 
<e> <s>INIT</s> <in>s</in> <out>s</out></e>
<e> <s>INIT</s> <in>h</in> <out>h</out></e>
<e> <s>INIT</s> <in>Q</in> <out>\u1e35</out></e>

</fsm>
