<fsm start='INIT' inputDecoding='UTF-8' outputEncoding='UTF-8'>
<e> <s>INIT</s> <in>f</in> <out>R</out></e>
<e> <s>INIT</s> <in>F</in> <out>RR</out></e>
<e> <s>INIT</s> <in>x</in> <out>L</out></e>
<e> <s>INIT</s> <in>E</in> <out>ai</out></e>
<e> <s>INIT</s> <in>O</in> <out>au</out></e>
<e> <s>INIT</s> <in>K</in> <out>kh</out></e>
<e> <s>INIT</s> <in>G</in> <out>gh</out></e>
<e> <s>INIT</s> <in>N</in> <out>G</out></e>
<e> <s>INIT</s> <in>C</in> <out>ch</out></e>
<e> <s>INIT</s> <in>J</in> <out>jh</out></e>
<e> <s>INIT</s> <in>Y</in> <out>J</out></e>
<e> <s>INIT</s> <in>w</in> <out>T</out></e>
<e> <s>INIT</s> <in>W</in> <out>Th</out></e>
<e> <s>INIT</s> <in>q</in> <out>D</out></e>
<e> <s>INIT</s> <in>Q</in> <out>Dh</out></e>
<e> <s>INIT</s> <in>R</in> <out>N</out></e>
<e> <s>INIT</s> <in>T</in> <out>th</out></e>
<e> <s>INIT</s> <in>D</in> <out>dh</out></e>
<e> <s>INIT</s> <in>P</in> <out>ph</out></e>
<e> <s>INIT</s> <in>B</in> <out>bh</out></e>
<e> <s>INIT</s> <in>S</in> <out>z</out></e>
<e> <s>INIT</s> <in>z</in> <out>S</out></e>
<e> <s>INIT</s> <in>f/</in> <out>R/</out></e>
<e> <s>INIT</s> <in>F/</in> <out>RR/</out></e>
<e> <s>INIT</s> <in>x/</in> <out>L/</out></e>
<e> <s>INIT</s> <in>O/</in> <out>au/</out></e>
<e> <s>INIT</s> <in>f\</in> <out>R\</out></e>
<e> <s>INIT</s> <in>au</in> <out>a0u</out></e> <!-- 20110425 -->
</fsm>