<fsm start='INIT' inputDecoding='UTF-8' outputEncoding='UTF-8'>
<e> <s>INIT</s> <in>A</in> <out>aa</out></e>
<e> <s>INIT</s> <in>I</in> <out>ii</out></e>
<e> <s>INIT</s> <in>U</in> <out>uu</out></e>
<e> <s>INIT</s> <in>f</in> <out>.r</out></e>
<e> <s>INIT</s> <in>F</in> <out>.rr</out></e>
<e> <s>INIT</s> <in>x</in> <out>.l</out></e>
<e> <s>INIT</s> <in>M</in> <out>.m</out></e>
<e> <s>INIT</s> <in>~</in> <out>"m</out></e>
<e> <s>INIT</s> <in>H</in> <out>.h</out></e>
<e> <s>INIT</s> <in>E</in> <out>ai</out></e>
<e> <s>INIT</s> <in>O</in> <out>au</out></e>
<e> <s>INIT</s> <in>K</in> <out>kh</out></e>
<e> <s>INIT</s> <in>G</in> <out>gh</out></e>
<e> <s>INIT</s> <in>N</in> <out>"n</out></e>
<e> <s>INIT</s> <in>C</in> <out>ch</out></e>
<e> <s>INIT</s> <in>J</in> <out>jh</out></e>
<e> <s>INIT</s> <in>Y</in> <out>~n</out></e>
<e> <s>INIT</s> <in>w</in> <out>.t</out></e>
<e> <s>INIT</s> <in>W</in> <out>.th</out></e>
<e> <s>INIT</s> <in>q</in> <out>.d</out></e>
<e> <s>INIT</s> <in>Q</in> <out>.dh</out></e>
<e> <s>INIT</s> <in>R</in> <out>.n</out></e>
<e> <s>INIT</s> <in>T</in> <out>th</out></e>
<e> <s>INIT</s> <in>D</in> <out>dh</out></e>
<e> <s>INIT</s> <in>P</in> <out>ph</out></e>
<e> <s>INIT</s> <in>B</in> <out>bh</out></e>
<e> <s>INIT</s> <in>S</in> <out>"s</out></e>
<e> <s>INIT</s> <in>z</in> <out>.s</out></e>
<e> <s>INIT</s> <in>f/</in> <out>.r/</out></e>
<e> <s>INIT</s> <in>F/</in> <out>.rr/</out></e>
<e> <s>INIT</s> <in>x/</in> <out>.l/</out></e>
<e> <s>INIT</s> <in>O/</in> <out>au/</out></e>
<e> <s>INIT</s> <in>f\</in> <out>.r\</out></e>
</fsm>