<fsm start='INIT' inputDecoding='UTF-8' outputEncoding='UTF-8'>
<e> <s>INIT</s> <in>aa</in> <out>A</out></e>
<e> <s>INIT</s> <in>ii</in> <out>I</out></e>
<e> <s>INIT</s> <in>uu</in> <out>U</out></e>
<e> <s>INIT</s> <in>.r</in> <out>f</out></e>
<e> <s>INIT</s> <in>.rr</in> <out>F</out></e>
<e> <s>INIT</s> <in>.l</in> <out>x</out></e>
<e> <s>INIT</s> <in>.m</in> <out>M</out></e>
<e> <s>INIT</s> <in>"m</in> <out>~</out></e>
<e> <s>INIT</s> <in>.h</in> <out>H</out></e>
<e> <s>INIT</s> <in>ai</in> <out>E</out></e>
<e> <s>INIT</s> <in>au</in> <out>O</out></e>
<e> <s>INIT</s> <in>kh</in> <out>K</out></e>
<e> <s>INIT</s> <in>gh</in> <out>G</out></e>
<e> <s>INIT</s> <in>"n</in> <out>N</out></e>
<e> <s>INIT</s> <in>ch</in> <out>C</out></e>
<e> <s>INIT</s> <in>jh</in> <out>J</out></e>
<e> <s>INIT</s> <in>~n</in> <out>Y</out></e>
<e> <s>INIT</s> <in>.t</in> <out>w</out></e>
<e> <s>INIT</s> <in>.th</in> <out>W</out></e>
<e> <s>INIT</s> <in>.d</in> <out>q</out></e>
<e> <s>INIT</s> <in>.dh</in> <out>Q</out></e>
<e> <s>INIT</s> <in>.n</in> <out>R</out></e>
<e> <s>INIT</s> <in>th</in> <out>T</out></e>
<e> <s>INIT</s> <in>dh</in> <out>D</out></e>
<e> <s>INIT</s> <in>ph</in> <out>P</out></e>
<e> <s>INIT</s> <in>bh</in> <out>B</out></e>
<e> <s>INIT</s> <in>"s</in> <out>S</out></e>
<e> <s>INIT</s> <in>.s</in> <out>z</out></e>
<e> <s>INIT</s> <in>.r/</in> <out>f</out></e>
<e> <s>INIT</s> <in>.rr/</in> <out>F</out></e>
<e> <s>INIT</s> <in>.l/</in> <out>x</out></e>
<e> <s>INIT</s> <in>au/</in> <out>O</out></e>
<e> <s>INIT</s> <in>.r\</in> <out>f\</out></e>
</fsm>